state_abbr,year,pop,source,source_url
AK,1991,569273,U.S. Census Bureau Population Estimates,https://www.census.gov/programs-surveys/popest/data.html
AK,1992,587073,U.S. Census Bureau Population Estimates,https://www.census.gov/programs-surveys/popest/data.html
AK,1993,596993,U.S. Census Bureau Population Estimates,https://www.census.gov/programs-surveys/popest/data.html
AK,1994,600624,U.S. Census Bureau Population Estimates,https://www.census.gov/programs-surveys/popest/data.html
AK,1995,601345,U.S. Census Bureau Population Estimates,https://www.census.gov/programs-surveys/popest/data.html
AK,1996,604918,U.S. Census Bureau Population Estimates,https://www.census.gov/programs-surveys/popest/data.html
AK,1997,608846,U.S. Census Bureau Population Estimates,https://www.census.gov/programs-surveys/popest/data.html
AK,1998,615205,U.S. Census Bureau Population Estimates,https://www.census.gov/programs-surveys/popest/data.html
AK,1999,624779,U.S. Census Bureau Population Estimates,https://www.census.gov/programs-surveys/popest/data.html
AK,2000,627963,U.S. Census Bureau Population Estimates,https://www.census.gov/programs-surveys/popest/data.html
AK,2001,633714,U.S. Census Bureau Population Estimates,https://www.census.gov/programs-surveys/popest/data.html
AK,2002,642337,U.S. Census Bureau Population Estimates,https://www.census.gov/programs-surveys/popest/data.html
AK,2003,648414,U.S. Census Bureau Population Estimates,https://www.census.gov/programs-surveys/popest/data.html
AK,2004,659286,U.S. Census Bureau Population Estimates,https://www.census.gov/programs-surveys/popest/data.html
AK,2005,666946,U.S. Census Bureau Population Estimates,https://www.census.gov/programs-surveys/popest/data.html
AK,2006,675302,U.S. Census Bureau Population Estimates,https://www.census.gov/programs-surveys/popest/data.html
AK,2007,680300,U.S. Census Bureau Population Estimates,https://www.census.gov/programs-surveys/popest/data.html
AK,2008,687455,U.S. Census Bureau Population Estimates,https://www.census.gov/programs-surveys/popest/data.html
AK,2009,698895,U.S. Census Bureau Population Estimates,https://www.census.gov/programs-surveys/popest/data.html
AK,2010,714050,U.S. Census Bureau Population Estimates,https://www.census.gov/programs-surveys/popest/data.html
AK,2011,722613,U.S. Census Bureau Population Estimates,https://www.census.gov/programs-surveys/popest/data.html
AK,2012,731262,U.S. Census Bureau Population Estimates,https://www.census.gov/programs-surveys/popest/data.html
AK,2013,738242,U.S. Census Bureau Population Estimates,https://www.census.gov/programs-surveys/popest/data.html
AK,2014,737822,U.S. Census Bureau Population Estimates,https://www.census.gov/programs-surveys/popest/data.html
AK,2015,739287,U.S. Census Bureau Population Estimates,https://www.census.gov/programs-surveys/popest/data.html
AK,2016,743517,U.S. Census Bureau Population Estimates,https://www.census.gov/programs-surveys/popest/data.html
AK,2017,741990,U.S. Census Bureau Population Estimates,https://www.census.gov/programs-surveys/popest/data.html
AK,2018,737758,U.S. Census Bureau Population Estimates,https://www.census.gov/programs-surveys/popest/data.html
AK,2019,734875,U.S. Census Bureau Population Estimates,https://www.census.gov/programs-surveys/popest/data.html
AK,2020,732906,U.S. Census Bureau Vintage 2025 Population Estimates,https://www2.census.gov/programs-surveys/popest/datasets/2020-2025/state/totals/NST-EST2025-ALLDATA.csv
AK,2021,734590,U.S. Census Bureau Vintage 2025 Population Estimates,https://www2.census.gov/programs-surveys/popest/datasets/2020-2025/state/totals/NST-EST2025-ALLDATA.csv
AK,2022,733659,U.S. Census Bureau Vintage 2025 Population Estimates,https://www2.census.gov/programs-surveys/popest/datasets/2020-2025/state/totals/NST-EST2025-ALLDATA.csv
AK,2023,734654,U.S. Census Bureau Vintage 2025 Population Estimates,https://www2.census.gov/programs-surveys/popest/datasets/2020-2025/state/totals/NST-EST2025-ALLDATA.csv
AK,2024,736537,U.S. Census Bureau Vintage 2025 Population Estimates,https://www2.census.gov/programs-surveys/popest/datasets/2020-2025/state/totals/NST-EST2025-ALLDATA.csv
AL,1991,4091025,U.S. Census Bureau Population Estimates,https://www.census.gov/programs-surveys/popest/data.html
AL,1992,4139269,U.S. Census Bureau Population Estimates,https://www.census.gov/programs-surveys/popest/data.html
AL,1993,4193114,U.S. Census Bureau Population Estimates,https://www.census.gov/programs-surveys/popest/data.html
AL,1994,4232965,U.S. Census Bureau Population Estimates,https://www.census.gov/programs-surveys/popest/data.html
AL,1995,4262731,U.S. Census Bureau Population Estimates,https://www.census.gov/programs-surveys/popest/data.html
AL,1996,4290403,U.S. Census Bureau Population Estimates,https://www.census.gov/programs-surveys/popest/data.html
AL,1997,4320281,U.S. Census Bureau Population Estimates,https://www.census.gov/programs-surveys/popest/data.html
AL,1998,4351037,U.S. Census Bureau Population Estimates,https://www.census.gov/programs-surveys/popest/data.html
AL,1999,4430141,U.S. Census Bureau Population Estimates,https://www.census.gov/programs-surveys/popest/data.html
AL,2000,4452173,U.S. Census Bureau Population Estimates,https://www.census.gov/programs-surveys/popest/data.html
AL,2001,4467634,U.S. Census Bureau Population Estimates,https://www.census.gov/programs-surveys/popest/data.html
AL,2002,4480089,U.S. Census Bureau Population Estimates,https://www.census.gov/programs-surveys/popest/data.html
AL,2003,4503491,U.S. Census Bureau Population Estimates,https://www.census.gov/programs-surveys/popest/data.html
AL,2004,4530729,U.S. Census Bureau Population Estimates,https://www.census.gov/programs-surveys/popest/data.html
AL,2005,4565917,U.S. Census Bureau Population Estimates,https://www.census.gov/programs-surveys/popest/data.html
AL,2006,4628981,U.S. Census Bureau Population Estimates,https://www.census.gov/programs-surveys/popest/data.html
AL,2007,4672840,U.S. Census Bureau Population Estimates,https://www.census.gov/programs-surveys/popest/data.html
AL,2008,4718206,U.S. Census Bureau Population Estimates,https://www.census.gov/programs-surveys/popest/data.html
AL,2009,4757938,U.S. Census Bureau Population Estimates,https://www.census.gov/programs-surveys/popest/data.html
AL,2010,4787904,U.S. Census Bureau Population Estimates,https://www.census.gov/programs-surveys/popest/data.html
AL,2011,4811997,U.S. Census Bureau Population Estimates,https://www.census.gov/programs-surveys/popest/data.html
AL,2012,4838981,U.S. Census Bureau Population Estimates,https://www.census.gov/programs-surveys/popest/data.html
AL,2013,4864024,U.S. Census Bureau Population Estimates,https://www.census.gov/programs-surveys/popest/data.html
AL,2014,4886309,U.S. Census Bureau Population Estimates,https://www.census.gov/programs-surveys/popest/data.html
AL,2015,4907699,U.S. Census Bureau Population Estimates,https://www.census.gov/programs-surveys/popest/data.html
AL,2016,4930123,U.S. Census Bureau Population Estimates,https://www.census.gov/programs-surveys/popest/data.html
AL,2017,4951594,U.S. Census Bureau Population Estimates,https://www.census.gov/programs-surveys/popest/data.html
AL,2018,4975865,U.S. Census Bureau Population Estimates,https://www.census.gov/programs-surveys/popest/data.html
AL,2019,5003062,U.S. Census Bureau Population Estimates,https://www.census.gov/programs-surveys/popest/data.html
AL,2020,5032962,U.S. Census Bureau Vintage 2025 Population Estimates,https://www2.census.gov/programs-surveys/popest/datasets/2020-2025/state/totals/NST-EST2025-ALLDATA.csv
AL,2021,5050058,U.S. Census Bureau Vintage 2025 Population Estimates,https://www2.census.gov/programs-surveys/popest/datasets/2020-2025/state/totals/NST-EST2025-ALLDATA.csv
AL,2022,5076868,U.S. Census Bureau Vintage 2025 Population Estimates,https://www2.census.gov/programs-surveys/popest/datasets/2020-2025/state/totals/NST-EST2025-ALLDATA.csv
AL,2023,5117850,U.S. Census Bureau Vintage 2025 Population Estimates,https://www2.census.gov/programs-surveys/popest/datasets/2020-2025/state/totals/NST-EST2025-ALLDATA.csv
AL,2024,5163055,U.S. Census Bureau Vintage 2025 Population Estimates,https://www2.census.gov/programs-surveys/popest/datasets/2020-2025/state/totals/NST-EST2025-ALLDATA.csv
AR,1991,2370666,U.S. Census Bureau Population Estimates,https://www.census.gov/programs-surveys/popest/data.html
AR,1992,2394098,U.S. Census Bureau Population Estimates,https://www.census.gov/programs-surveys/popest/data.html
AR,1993,2423743,U.S. Census Bureau Population Estimates,https://www.census.gov/programs-surveys/popest/data.html
AR,1994,2450605,U.S. Census Bureau Population Estimates,https://www.census.gov/programs-surveys/popest/data.html
AR,1995,2480121,U.S. Census Bureau Population Estimates,https://www.census.gov/programs-surveys/popest/data.html
AR,1996,2504858,U.S. Census Bureau Population Estimates,https://www.census.gov/programs-surveys/popest/data.html
AR,1997,2524007,U.S. Census Bureau Population Estimates,https://www.census.gov/programs-surveys/popest/data.html
AR,1998,2538202,U.S. Census Bureau Population Estimates,https://www.census.gov/programs-surveys/popest/data.html
AR,1999,2651860,U.S. Census Bureau Population Estimates,https://www.census.gov/programs-surveys/popest/data.html
AR,2000,2678588,U.S. Census Bureau Population Estimates,https://www.census.gov/programs-surveys/popest/data.html
AR,2001,2691571,U.S. Census Bureau Population Estimates,https://www.census.gov/programs-surveys/popest/data.html
AR,2002,2705927,U.S. Census Bureau Population Estimates,https://www.census.gov/programs-surveys/popest/data.html
AR,2003,2724816,U.S. Census Bureau Population Estimates,https://www.census.gov/programs-surveys/popest/data.html
AR,2004,2749686,U.S. Census Bureau Population Estimates,https://www.census.gov/programs-surveys/popest/data.html
AR,2005,2781097,U.S. Census Bureau Population Estimates,https://www.census.gov/programs-surveys/popest/data.html
AR,2006,2821761,U.S. Census Bureau Population Estimates,https://www.census.gov/programs-surveys/popest/data.html
AR,2007,2848650,U.S. Census Bureau Population Estimates,https://www.census.gov/programs-surveys/popest/data.html
AR,2008,2874554,U.S. Census Bureau Population Estimates,https://www.census.gov/programs-surveys/popest/data.html
AR,2009,2896843,U.S. Census Bureau Population Estimates,https://www.census.gov/programs-surveys/popest/data.html
AR,2010,2921502,U.S. Census Bureau Population Estimates,https://www.census.gov/programs-surveys/popest/data.html
AR,2011,2938746,U.S. Census Bureau Population Estimates,https://www.census.gov/programs-surveys/popest/data.html
AR,2012,2948711,U.S. Census Bureau Population Estimates,https://www.census.gov/programs-surveys/popest/data.html
AR,2013,2954430,U.S. Census Bureau Population Estimates,https://www.census.gov/programs-surveys/popest/data.html
AR,2014,2960890,U.S. Census Bureau Population Estimates,https://www.census.gov/programs-surveys/popest/data.html
AR,2015,2970103,U.S. Census Bureau Population Estimates,https://www.census.gov/programs-surveys/popest/data.html
AR,2016,2980336,U.S. Census Bureau Population Estimates,https://www.census.gov/programs-surveys/popest/data.html
AR,2017,2990405,U.S. Census Bureau Population Estimates,https://www.census.gov/programs-surveys/popest/data.html
AR,2018,2996910,U.S. Census Bureau Population Estimates,https://www.census.gov/programs-surveys/popest/data.html
AR,2019,3003985,U.S. Census Bureau Population Estimates,https://www.census.gov/programs-surveys/popest/data.html
AR,2020,3014399,U.S. Census Bureau Vintage 2025 Population Estimates,https://www2.census.gov/programs-surveys/popest/datasets/2020-2025/state/totals/NST-EST2025-ALLDATA.csv
AR,2021,3027127,U.S. Census Bureau Vintage 2025 Population Estimates,https://www2.census.gov/programs-surveys/popest/datasets/2020-2025/state/totals/NST-EST2025-ALLDATA.csv
AR,2022,3047429,U.S. Census Bureau Vintage 2025 Population Estimates,https://www2.census.gov/programs-surveys/popest/datasets/2020-2025/state/totals/NST-EST2025-ALLDATA.csv
AR,2023,3069856,U.S. Census Bureau Vintage 2025 Population Estimates,https://www2.census.gov/programs-surveys/popest/datasets/2020-2025/state/totals/NST-EST2025-ALLDATA.csv
AR,2024,3096080,U.S. Census Bureau Vintage 2025 Population Estimates,https://www2.census.gov/programs-surveys/popest/datasets/2020-2025/state/totals/NST-EST2025-ALLDATA.csv
AZ,1991,3762394,U.S. Census Bureau Population Estimates,https://www.census.gov/programs-surveys/popest/data.html
AZ,1992,3867333,U.S. Census Bureau Population Estimates,https://www.census.gov/programs-surveys/popest/data.html
AZ,1993,3993390,U.S. Census Bureau Population Estimates,https://www.census.gov/programs-surveys/popest/data.html
AZ,1994,4147561,U.S. Census Bureau Population Estimates,https://www.census.gov/programs-surveys/popest/data.html
AZ,1995,4306908,U.S. Census Bureau Population Estimates,https://www.census.gov/programs-surveys/popest/data.html
AZ,1996,4432308,U.S. Census Bureau Population Estimates,https://www.census.gov/programs-surveys/popest/data.html
AZ,1997,4552207,U.S. Census Bureau Population Estimates,https://www.census.gov/programs-surveys/popest/data.html
AZ,1998,4667277,U.S. Census Bureau Population Estimates,https://www.census.gov/programs-surveys/popest/data.html
AZ,1999,5023823,U.S. Census Bureau Population Estimates,https://www.census.gov/programs-surveys/popest/data.html
AZ,2000,5160586,U.S. Census Bureau Population Estimates,https://www.census.gov/programs-surveys/popest/data.html
AZ,2001,5273477,U.S. Census Bureau Population Estimates,https://www.census.gov/programs-surveys/popest/data.html
AZ,2002,5396255,U.S. Census Bureau Population Estimates,https://www.census.gov/programs-surveys/popest/data.html
AZ,2003,5510364,U.S. Census Bureau Population Estimates,https://www.census.gov/programs-surveys/popest/data.html
AZ,2004,5652404,U.S. Census Bureau Population Estimates,https://www.census.gov/programs-surveys/popest/data.html
AZ,2005,5839077,U.S. Census Bureau Population Estimates,https://www.census.gov/programs-surveys/popest/data.html
AZ,2006,6029141,U.S. Census Bureau Population Estimates,https://www.census.gov/programs-surveys/popest/data.html
AZ,2007,6167681,U.S. Census Bureau Population Estimates,https://www.census.gov/programs-surveys/popest/data.html
AZ,2008,6280362,U.S. Census Bureau Population Estimates,https://www.census.gov/programs-surveys/popest/data.html
AZ,2009,6343154,U.S. Census Bureau Population Estimates,https://www.census.gov/programs-surveys/popest/data.html
AZ,2010,6402228,U.S. Census Bureau Population Estimates,https://www.census.gov/programs-surveys/popest/data.html
AZ,2011,6447728,U.S. Census Bureau Population Estimates,https://www.census.gov/programs-surveys/popest/data.html
AZ,2012,6509459,U.S. Census Bureau Population Estimates,https://www.census.gov/programs-surveys/popest/data.html
AZ,2013,6566243,U.S. Census Bureau Population Estimates,https://www.census.gov/programs-surveys/popest/data.html
AZ,2014,6641927,U.S. Census Bureau Population Estimates,https://www.census.gov/programs-surveys/popest/data.html
AZ,2015,6718876,U.S. Census Bureau Population Estimates,https://www.census.gov/programs-surveys/popest/data.html
AZ,2016,6806723,U.S. Census Bureau Population Estimates,https://www.census.gov/programs-surveys/popest/data.html
AZ,2017,6885131,U.S. Census Bureau Population Estimates,https://www.census.gov/programs-surveys/popest/data.html
AZ,2018,6975645,U.S. Census Bureau Population Estimates,https://www.census.gov/programs-surveys/popest/data.html
AZ,2019,7076680,U.S. Census Bureau Population Estimates,https://www.census.gov/programs-surveys/popest/data.html
AZ,2020,7186647,U.S. Census Bureau Vintage 2025 Population Estimates,https://www2.census.gov/programs-surveys/popest/datasets/2020-2025/state/totals/NST-EST2025-ALLDATA.csv
AZ,2021,7274022,U.S. Census Bureau Vintage 2025 Population Estimates,https://www2.census.gov/programs-surveys/popest/datasets/2020-2025/state/totals/NST-EST2025-ALLDATA.csv
AZ,2022,7370065,U.S. Census Bureau Vintage 2025 Population Estimates,https://www2.census.gov/programs-surveys/popest/datasets/2020-2025/state/totals/NST-EST2025-ALLDATA.csv
AZ,2023,7452073,U.S. Census Bureau Vintage 2025 Population Estimates,https://www2.census.gov/programs-surveys/popest/datasets/2020-2025/state/totals/NST-EST2025-ALLDATA.csv
AZ,2024,7556424,U.S. Census Bureau Vintage 2025 Population Estimates,https://www2.census.gov/programs-surveys/popest/datasets/2020-2025/state/totals/NST-EST2025-ALLDATA.csv
CA,1991,30414114,U.S. Census Bureau Population Estimates,https://www.census.gov/programs-surveys/popest/data.html
CA,1992,30875920,U.S. Census Bureau Population Estimates,https://www.census.gov/programs-surveys/popest/data.html
CA,1993,31147208,U.S. Census Bureau Population Estimates,https://www.census.gov/programs-surveys/popest/data.html
CA,1994,31317179,U.S. Census Bureau Population Estimates,https://www.census.gov/programs-surveys/popest/data.html
CA,1995,31493525,U.S. Census Bureau Population Estimates,https://www.census.gov/programs-surveys/popest/data.html
CA,1996,31780829,U.S. Census Bureau Population Estimates,https://www.census.gov/programs-surveys/popest/data.html
CA,1997,32217708,U.S. Census Bureau Population Estimates,https://www.census.gov/programs-surveys/popest/data.html
CA,1998,32682794,U.S. Census Bureau Population Estimates,https://www.census.gov/programs-surveys/popest/data.html
CA,1999,33499204,U.S. Census Bureau Population Estimates,https://www.census.gov/programs-surveys/popest/data.html
CA,2000,33987977,U.S. Census Bureau Population Estimates,https://www.census.gov/programs-surveys/popest/data.html
CA,2001,34479458,U.S. Census Bureau Population Estimates,https://www.census.gov/programs-surveys/popest/data.html
CA,2002,34871843,U.S. Census Bureau Population Estimates,https://www.census.gov/programs-surveys/popest/data.html
CA,2003,35253159,U.S. Census Bureau Population Estimates,https://www.census.gov/programs-surveys/popest/data.html
CA,2004,35574576,U.S. Census Bureau Population Estimates,https://www.census.gov/programs-surveys/popest/data.html
CA,2005,35827943,U.S. Census Bureau Population Estimates,https://www.census.gov/programs-surveys/popest/data.html
CA,2006,36021202,U.S. Census Bureau Population Estimates,https://www.census.gov/programs-surveys/popest/data.html
CA,2007,36250311,U.S. Census Bureau Population Estimates,https://www.census.gov/programs-surveys/popest/data.html
CA,2008,36604337,U.S. Census Bureau Population Estimates,https://www.census.gov/programs-surveys/popest/data.html
CA,2009,36961229,U.S. Census Bureau Population Estimates,https://www.census.gov/programs-surveys/popest/data.html
CA,2010,37322961,U.S. Census Bureau Population Estimates,https://www.census.gov/programs-surveys/popest/data.html
CA,2011,37651902,U.S. Census Bureau Population Estimates,https://www.census.gov/programs-surveys/popest/data.html
CA,2012,37972074,U.S. Census Bureau Population Estimates,https://www.census.gov/programs-surveys/popest/data.html
CA,2013,38293135,U.S. Census Bureau Population Estimates,https://www.census.gov/programs-surveys/popest/data.html
CA,2014,38637672,U.S. Census Bureau Population Estimates,https://www.census.gov/programs-surveys/popest/data.html
CA,2015,38967658,U.S. Census Bureau Population Estimates,https://www.census.gov/programs-surveys/popest/data.html
CA,2016,39224116,U.S. Census Bureau Population Estimates,https://www.census.gov/programs-surveys/popest/data.html
CA,2017,39423105,U.S. Census Bureau Population Estimates,https://www.census.gov/programs-surveys/popest/data.html
CA,2018,39534383,U.S. Census Bureau Population Estimates,https://www.census.gov/programs-surveys/popest/data.html
CA,2019,39546541,U.S. Census Bureau Population Estimates,https://www.census.gov/programs-surveys/popest/data.html
CA,2020,39527808,U.S. Census Bureau Vintage 2025 Population Estimates,https://www2.census.gov/programs-surveys/popest/datasets/2020-2025/state/totals/NST-EST2025-ALLDATA.csv
CA,2021,39152927,U.S. Census Bureau Vintage 2025 Population Estimates,https://www2.census.gov/programs-surveys/popest/datasets/2020-2025/state/totals/NST-EST2025-ALLDATA.csv
CA,2022,39125347,U.S. Census Bureau Vintage 2025 Population Estimates,https://www2.census.gov/programs-surveys/popest/datasets/2020-2025/state/totals/NST-EST2025-ALLDATA.csv
CA,2023,39181667,U.S. Census Bureau Vintage 2025 Population Estimates,https://www2.census.gov/programs-surveys/popest/datasets/2020-2025/state/totals/NST-EST2025-ALLDATA.csv
CA,2024,39364774,U.S. Census Bureau Vintage 2025 Population Estimates,https://www2.census.gov/programs-surveys/popest/datasets/2020-2025/state/totals/NST-EST2025-ALLDATA.csv
CO,1991,3367567,U.S. Census Bureau Population Estimates,https://www.census.gov/programs-surveys/popest/data.html
CO,1992,3459995,U.S. Census Bureau Population Estimates,https://www.census.gov/programs-surveys/popest/data.html
CO,1993,3560884,U.S. Census Bureau Population Estimates,https://www.census.gov/programs-surveys/popest/data.html
CO,1994,3653910,U.S. Census Bureau Population Estimates,https://www.census.gov/programs-surveys/popest/data.html
CO,1995,3738061,U.S. Census Bureau Population Estimates,https://www.census.gov/programs-surveys/popest/data.html
CO,1996,3812716,U.S. Census Bureau Population Estimates,https://www.census.gov/programs-surveys/popest/data.html
CO,1997,3891293,U.S. Census Bureau Population Estimates,https://www.census.gov/programs-surveys/popest/data.html
CO,1998,3968967,U.S. Census Bureau Population Estimates,https://www.census.gov/programs-surveys/popest/data.html
CO,1999,4226018,U.S. Census Bureau Population Estimates,https://www.census.gov/programs-surveys/popest/data.html
CO,2000,4326921,U.S. Census Bureau Population Estimates,https://www.census.gov/programs-surveys/popest/data.html
CO,2001,4425687,U.S. Census Bureau Population Estimates,https://www.census.gov/programs-surveys/popest/data.html
CO,2002,4490406,U.S. Census Bureau Population Estimates,https://www.census.gov/programs-surveys/popest/data.html
CO,2003,4528732,U.S. Census Bureau Population Estimates,https://www.census.gov/programs-surveys/popest/data.html
CO,2004,4575013,U.S. Census Bureau Population Estimates,https://www.census.gov/programs-surveys/popest/data.html
CO,2005,4631888,U.S. Census Bureau Population Estimates,https://www.census.gov/programs-surveys/popest/data.html
CO,2006,4720423,U.S. Census Bureau Population Estimates,https://www.census.gov/programs-surveys/popest/data.html
CO,2007,4803868,U.S. Census Bureau Population Estimates,https://www.census.gov/programs-surveys/popest/data.html
CO,2008,4889730,U.S. Census Bureau Population Estimates,https://www.census.gov/programs-surveys/popest/data.html
CO,2009,4972195,U.S. Census Bureau Population Estimates,https://www.census.gov/programs-surveys/popest/data.html
CO,2010,5047059,U.S. Census Bureau Population Estimates,https://www.census.gov/programs-surveys/popest/data.html
CO,2011,5119469,U.S. Census Bureau Population Estimates,https://www.census.gov/programs-surveys/popest/data.html
CO,2012,5189033,U.S. Census Bureau Population Estimates,https://www.census.gov/programs-surveys/popest/data.html
CO,2013,5263857,U.S. Census Bureau Population Estimates,https://www.census.gov/programs-surveys/popest/data.html
CO,2014,5343281,U.S. Census Bureau Population Estimates,https://www.census.gov/programs-surveys/popest/data.html
CO,2015,5442547,U.S. Census Bureau Population Estimates,https://www.census.gov/programs-surveys/popest/data.html
CO,2016,5529403,U.S. Census Bureau Population Estimates,https://www.census.gov/programs-surveys/popest/data.html
CO,2017,5600127,U.S. Census Bureau Population Estimates,https://www.census.gov/programs-surveys/popest/data.html
CO,2018,5677145,U.S. Census Bureau Population Estimates,https://www.census.gov/programs-surveys/popest/data.html
CO,2019,5735841,U.S. Census Bureau Population Estimates,https://www.census.gov/programs-surveys/popest/data.html
CO,2020,5786873,U.S. Census Bureau Vintage 2025 Population Estimates,https://www2.census.gov/programs-surveys/popest/datasets/2020-2025/state/totals/NST-EST2025-ALLDATA.csv
CO,2021,5814368,U.S. Census Bureau Vintage 2025 Population Estimates,https://www2.census.gov/programs-surveys/popest/datasets/2020-2025/state/totals/NST-EST2025-ALLDATA.csv
CO,2022,5853355,U.S. Census Bureau Vintage 2025 Population Estimates,https://www2.census.gov/programs-surveys/popest/datasets/2020-2025/state/totals/NST-EST2025-ALLDATA.csv
CO,2023,5912240,U.S. Census Bureau Vintage 2025 Population Estimates,https://www2.census.gov/programs-surveys/popest/datasets/2020-2025/state/totals/NST-EST2025-ALLDATA.csv
CO,2024,5988502,U.S. Census Bureau Vintage 2025 Population Estimates,https://www2.census.gov/programs-surveys/popest/datasets/2020-2025/state/totals/NST-EST2025-ALLDATA.csv
CT,1991,3288640,U.S. Census Bureau Population Estimates,https://www.census.gov/programs-surveys/popest/data.html
CT,1992,3274997,U.S. Census Bureau Population Estimates,https://www.census.gov/programs-surveys/popest/data.html
CT,1993,3272325,U.S. Census Bureau Population Estimates,https://www.census.gov/programs-surveys/popest/data.html
CT,1994,3268346,U.S. Census Bureau Population Estimates,https://www.census.gov/programs-surveys/popest/data.html
CT,1995,3265293,U.S. Census Bureau Population Estimates,https://www.census.gov/programs-surveys/popest/data.html
CT,1996,3267030,U.S. Census Bureau Population Estimates,https://www.census.gov/programs-surveys/popest/data.html
CT,1997,3268514,U.S. Census Bureau Population Estimates,https://www.census.gov/programs-surveys/popest/data.html
CT,1998,3272563,U.S. Census Bureau Population Estimates,https://www.census.gov/programs-surveys/popest/data.html
CT,1999,3386401,U.S. Census Bureau Population Estimates,https://www.census.gov/programs-surveys/popest/data.html
CT,2000,3411777,U.S. Census Bureau Population Estimates,https://www.census.gov/programs-surveys/popest/data.html
CT,2001,3432835,U.S. Census Bureau Population Estimates,https://www.census.gov/programs-surveys/popest/data.html
CT,2002,3458749,U.S. Census Bureau Population Estimates,https://www.census.gov/programs-surveys/popest/data.html
CT,2003,3484336,U.S. Census Bureau Population Estimates,https://www.census.gov/programs-surveys/popest/data.html
CT,2004,3496094,U.S. Census Bureau Population Estimates,https://www.census.gov/programs-surveys/popest/data.html
CT,2005,3506956,U.S. Census Bureau Population Estimates,https://www.census.gov/programs-surveys/popest/data.html
CT,2006,3517460,U.S. Census Bureau Population Estimates,https://www.census.gov/programs-surveys/popest/data.html
CT,2007,3527270,U.S. Census Bureau Population Estimates,https://www.census.gov/programs-surveys/popest/data.html
CT,2008,3545579,U.S. Census Bureau Population Estimates,https://www.census.gov/programs-surveys/popest/data.html
CT,2009,3561807,U.S. Census Bureau Population Estimates,https://www.census.gov/programs-surveys/popest/data.html
CT,2010,3580324,U.S. Census Bureau Population Estimates,https://www.census.gov/programs-surveys/popest/data.html
CT,2011,3594327,U.S. Census Bureau Population Estimates,https://www.census.gov/programs-surveys/popest/data.html
CT,2012,3605403,U.S. Census Bureau Population Estimates,https://www.census.gov/programs-surveys/popest/data.html
CT,2013,3610450,U.S. Census Bureau Population Estimates,https://www.census.gov/programs-surveys/popest/data.html
CT,2014,3614778,U.S. Census Bureau Population Estimates,https://www.census.gov/programs-surveys/popest/data.html
CT,2015,3612089,U.S. Census Bureau Population Estimates,https://www.census.gov/programs-surveys/popest/data.html
CT,2016,3607719,U.S. Census Bureau Population Estimates,https://www.census.gov/programs-surveys/popest/data.html
CT,2017,3607451,U.S. Census Bureau Population Estimates,https://www.census.gov/programs-surveys/popest/data.html
CT,2018,3611142,U.S. Census Bureau Population Estimates,https://www.census.gov/programs-surveys/popest/data.html
CT,2019,3607045,U.S. Census Bureau Population Estimates,https://www.census.gov/programs-surveys/popest/data.html
CT,2020,3579643,U.S. Census Bureau Vintage 2025 Population Estimates,https://www2.census.gov/programs-surveys/popest/datasets/2020-2025/state/totals/NST-EST2025-ALLDATA.csv
CT,2021,3607765,U.S. Census Bureau Vintage 2025 Population Estimates,https://www2.census.gov/programs-surveys/popest/datasets/2020-2025/state/totals/NST-EST2025-ALLDATA.csv
CT,2022,3618707,U.S. Census Bureau Vintage 2025 Population Estimates,https://www2.census.gov/programs-surveys/popest/datasets/2020-2025/state/totals/NST-EST2025-ALLDATA.csv
CT,2023,3641369,U.S. Census Bureau Vintage 2025 Population Estimates,https://www2.census.gov/programs-surveys/popest/datasets/2020-2025/state/totals/NST-EST2025-ALLDATA.csv
CT,2024,3674449,U.S. Census Bureau Vintage 2025 Population Estimates,https://www2.census.gov/programs-surveys/popest/datasets/2020-2025/state/totals/NST-EST2025-ALLDATA.csv
DC,1991,593239,U.S. Census Bureau Population Estimates,https://www.census.gov/programs-surveys/popest/data.html
DC,1992,584183,U.S. Census Bureau Population Estimates,https://www.census.gov/programs-surveys/popest/data.html
DC,1993,576358,U.S. Census Bureau Population Estimates,https://www.census.gov/programs-surveys/popest/data.html
DC,1994,564982,U.S. Census Bureau Population Estimates,https://www.census.gov/programs-surveys/popest/data.html
DC,1995,551273,U.S. Census Bureau Population Estimates,https://www.census.gov/programs-surveys/popest/data.html
DC,1996,538273,U.S. Census Bureau Population Estimates,https://www.census.gov/programs-surveys/popest/data.html
DC,1997,528752,U.S. Census Bureau Population Estimates,https://www.census.gov/programs-surveys/popest/data.html
DC,1998,521426,U.S. Census Bureau Population Estimates,https://www.census.gov/programs-surveys/popest/data.html
DC,1999,570213,U.S. Census Bureau Population Estimates,https://www.census.gov/programs-surveys/popest/data.html
DC,2000,572046,U.S. Census Bureau Population Estimates,https://www.census.gov/programs-surveys/popest/data.html
DC,2001,574504,U.S. Census Bureau Population Estimates,https://www.census.gov/programs-surveys/popest/data.html
DC,2002,573158,U.S. Census Bureau Population Estimates,https://www.census.gov/programs-surveys/popest/data.html
DC,2003,568502,U.S. Census Bureau Population Estimates,https://www.census.gov/programs-surveys/popest/data.html
DC,2004,567754,U.S. Census Bureau Population Estimates,https://www.census.gov/programs-surveys/popest/data.html
DC,2005,567136,U.S. Census Bureau Population Estimates,https://www.census.gov/programs-surveys/popest/data.html
DC,2006,570681,U.S. Census Bureau Population Estimates,https://www.census.gov/programs-surveys/popest/data.html
DC,2007,574404,U.S. Census Bureau Population Estimates,https://www.census.gov/programs-surveys/popest/data.html
DC,2008,580236,U.S. Census Bureau Population Estimates,https://www.census.gov/programs-surveys/popest/data.html
DC,2009,592228,U.S. Census Bureau Population Estimates,https://www.census.gov/programs-surveys/popest/data.html
DC,2010,604844,U.S. Census Bureau Population Estimates,https://www.census.gov/programs-surveys/popest/data.html
DC,2011,617873,U.S. Census Bureau Population Estimates,https://www.census.gov/programs-surveys/popest/data.html
DC,2012,631195,U.S. Census Bureau Population Estimates,https://www.census.gov/programs-surveys/popest/data.html
DC,2013,644795,U.S. Census Bureau Population Estimates,https://www.census.gov/programs-surveys/popest/data.html
DC,2014,654580,U.S. Census Bureau Population Estimates,https://www.census.gov/programs-surveys/popest/data.html
DC,2015,665652,U.S. Census Bureau Population Estimates,https://www.census.gov/programs-surveys/popest/data.html
DC,2016,673826,U.S. Census Bureau Population Estimates,https://www.census.gov/programs-surveys/popest/data.html
DC,2017,680922,U.S. Census Bureau Population Estimates,https://www.census.gov/programs-surveys/popest/data.html
DC,2018,685592,U.S. Census Bureau Population Estimates,https://www.census.gov/programs-surveys/popest/data.html
DC,2019,687388,U.S. Census Bureau Population Estimates,https://www.census.gov/programs-surveys/popest/data.html
DC,2020,670958,U.S. Census Bureau Vintage 2025 Population Estimates,https://www2.census.gov/programs-surveys/popest/datasets/2020-2025/state/totals/NST-EST2025-ALLDATA.csv
DC,2021,669637,U.S. Census Bureau Vintage 2025 Population Estimates,https://www2.census.gov/programs-surveys/popest/datasets/2020-2025/state/totals/NST-EST2025-ALLDATA.csv
DC,2022,674501,U.S. Census Bureau Vintage 2025 Population Estimates,https://www2.census.gov/programs-surveys/popest/datasets/2020-2025/state/totals/NST-EST2025-ALLDATA.csv
DC,2023,682559,U.S. Census Bureau Vintage 2025 Population Estimates,https://www2.census.gov/programs-surveys/popest/datasets/2020-2025/state/totals/NST-EST2025-ALLDATA.csv
DC,2024,691310,U.S. Census Bureau Vintage 2025 Population Estimates,https://www2.census.gov/programs-surveys/popest/datasets/2020-2025/state/totals/NST-EST2025-ALLDATA.csv
DE,1991,680495,U.S. Census Bureau Population Estimates,https://www.census.gov/programs-surveys/popest/data.html
DE,1992,690158,U.S. Census Bureau Population Estimates,https://www.census.gov/programs-surveys/popest/data.html
DE,1993,699475,U.S. Census Bureau Population Estimates,https://www.census.gov/programs-surveys/popest/data.html
DE,1994,708416,U.S. Census Bureau Population Estimates,https://www.census.gov/programs-surveys/popest/data.html
DE,1995,718265,U.S. Census Bureau Population Estimates,https://www.census.gov/programs-surveys/popest/data.html
DE,1996,727090,U.S. Census Bureau Population Estimates,https://www.census.gov/programs-surveys/popest/data.html
DE,1997,735024,U.S. Census Bureau Population Estimates,https://www.census.gov/programs-surveys/popest/data.html
DE,1998,744066,U.S. Census Bureau Population Estimates,https://www.census.gov/programs-surveys/popest/data.html
DE,1999,774990,U.S. Census Bureau Population Estimates,https://www.census.gov/programs-surveys/popest/data.html
DE,2000,786373,U.S. Census Bureau Population Estimates,https://www.census.gov/programs-surveys/popest/data.html
DE,2001,795699,U.S. Census Bureau Population Estimates,https://www.census.gov/programs-surveys/popest/data.html
DE,2002,806169,U.S. Census Bureau Population Estimates,https://www.census.gov/programs-surveys/popest/data.html
DE,2003,818003,U.S. Census Bureau Population Estimates,https://www.census.gov/programs-surveys/popest/data.html
DE,2004,830803,U.S. Census Bureau Population Estimates,https://www.census.gov/programs-surveys/popest/data.html
DE,2005,845150,U.S. Census Bureau Population Estimates,https://www.census.gov/programs-surveys/popest/data.html
DE,2006,859268,U.S. Census Bureau Population Estimates,https://www.census.gov/programs-surveys/popest/data.html
DE,2007,871749,U.S. Census Bureau Population Estimates,https://www.census.gov/programs-surveys/popest/data.html
DE,2008,883874,U.S. Census Bureau Population Estimates,https://www.census.gov/programs-surveys/popest/data.html
DE,2009,891730,U.S. Census Bureau Population Estimates,https://www.census.gov/programs-surveys/popest/data.html
DE,2010,899726,U.S. Census Bureau Population Estimates,https://www.census.gov/programs-surveys/popest/data.html
DE,2011,908222,U.S. Census Bureau Population Estimates,https://www.census.gov/programs-surveys/popest/data.html
DE,2012,916689,U.S. Census Bureau Population Estimates,https://www.census.gov/programs-surveys/popest/data.html
DE,2013,925741,U.S. Census Bureau Population Estimates,https://www.census.gov/programs-surveys/popest/data.html
DE,2014,935326,U.S. Census Bureau Population Estimates,https://www.census.gov/programs-surveys/popest/data.html
DE,2015,944791,U.S. Census Bureau Population Estimates,https://www.census.gov/programs-surveys/popest/data.html
DE,2016,953210,U.S. Census Bureau Population Estimates,https://www.census.gov/programs-surveys/popest/data.html
DE,2017,961600,U.S. Census Bureau Population Estimates,https://www.census.gov/programs-surveys/popest/data.html
DE,2018,971109,U.S. Census Bureau Population Estimates,https://www.census.gov/programs-surveys/popest/data.html
DE,2019,981262,U.S. Census Bureau Population Estimates,https://www.census.gov/programs-surveys/popest/data.html
DE,2020,991890,U.S. Census Bureau Vintage 2025 Population Estimates,https://www2.census.gov/programs-surveys/popest/datasets/2020-2025/state/totals/NST-EST2025-ALLDATA.csv
DE,2021,1005130,U.S. Census Bureau Vintage 2025 Population Estimates,https://www2.census.gov/programs-surveys/popest/datasets/2020-2025/state/totals/NST-EST2025-ALLDATA.csv
DE,2022,1020279,U.S. Census Bureau Vintage 2025 Population Estimates,https://www2.census.gov/programs-surveys/popest/datasets/2020-2025/state/totals/NST-EST2025-ALLDATA.csv
DE,2023,1035354,U.S. Census Bureau Vintage 2025 Population Estimates,https://www2.census.gov/programs-surveys/popest/datasets/2020-2025/state/totals/NST-EST2025-ALLDATA.csv
DE,2024,1050123,U.S. Census Bureau Vintage 2025 Population Estimates,https://www2.census.gov/programs-surveys/popest/datasets/2020-2025/state/totals/NST-EST2025-ALLDATA.csv
FL,1991,13289497,U.S. Census Bureau Population Estimates,https://www.census.gov/programs-surveys/popest/data.html
FL,1992,13504775,U.S. Census Bureau Population Estimates,https://www.census.gov/programs-surveys/popest/data.html
FL,1993,13713593,U.S. Census Bureau Population Estimates,https://www.census.gov/programs-surveys/popest/data.html
FL,1994,13961798,U.S. Census Bureau Population Estimates,https://www.census.gov/programs-surveys/popest/data.html
FL,1995,14185403,U.S. Census Bureau Population Estimates,https://www.census.gov/programs-surveys/popest/data.html
FL,1996,14426911,U.S. Census Bureau Population Estimates,https://www.census.gov/programs-surveys/popest/data.html
FL,1997,14683350,U.S. Census Bureau Population Estimates,https://www.census.gov/programs-surveys/popest/data.html
FL,1998,14908230,U.S. Census Bureau Population Estimates,https://www.census.gov/programs-surveys/popest/data.html
FL,1999,15759421,U.S. Census Bureau Population Estimates,https://www.census.gov/programs-surveys/popest/data.html
FL,2000,16047515,U.S. Census Bureau Population Estimates,https://www.census.gov/programs-surveys/popest/data.html
FL,2001,16356966,U.S. Census Bureau Population Estimates,https://www.census.gov/programs-surveys/popest/data.html
FL,2002,16689370,U.S. Census Bureau Population Estimates,https://www.census.gov/programs-surveys/popest/data.html
FL,2003,17004085,U.S. Census Bureau Population Estimates,https://www.census.gov/programs-surveys/popest/data.html
FL,2004,17415318,U.S. Census Bureau Population Estimates,https://www.census.gov/programs-surveys/popest/data.html
FL,2005,17842038,U.S. Census Bureau Population Estimates,https://www.census.gov/programs-surveys/popest/data.html
FL,2006,18166990,U.S. Census Bureau Population Estimates,https://www.census.gov/programs-surveys/popest/data.html
FL,2007,18367842,U.S. Census Bureau Population Estimates,https://www.census.gov/programs-surveys/popest/data.html
FL,2008,18527305,U.S. Census Bureau Population Estimates,https://www.census.gov/programs-surveys/popest/data.html
FL,2009,18652644,U.S. Census Bureau Population Estimates,https://www.census.gov/programs-surveys/popest/data.html
FL,2010,18843114,U.S. Census Bureau Population Estimates,https://www.census.gov/programs-surveys/popest/data.html
FL,2011,19039767,U.S. Census Bureau Population Estimates,https://www.census.gov/programs-surveys/popest/data.html
FL,2012,19272831,U.S. Census Bureau Population Estimates,https://www.census.gov/programs-surveys/popest/data.html
FL,2013,19508750,U.S. Census Bureau Population Estimates,https://www.census.gov/programs-surveys/popest/data.html
FL,2014,19796450,U.S. Census Bureau Population Estimates,https://www.census.gov/programs-surveys/popest/data.html
FL,2015,20146903,U.S. Census Bureau Population Estimates,https://www.census.gov/programs-surveys/popest/data.html
FL,2016,20539081,U.S. Census Bureau Population Estimates,https://www.census.gov/programs-surveys/popest/data.html
FL,2017,20872114,U.S. Census Bureau Population Estimates,https://www.census.gov/programs-surveys/popest/data.html
FL,2018,21134036,U.S. Census Bureau Population Estimates,https://www.census.gov/programs-surveys/popest/data.html
FL,2019,21354150,U.S. Census Bureau Population Estimates,https://www.census.gov/programs-surveys/popest/data.html
FL,2020,21591325,U.S. Census Bureau Vintage 2025 Population Estimates,https://www2.census.gov/programs-surveys/popest/datasets/2020-2025/state/totals/NST-EST2025-ALLDATA.csv
FL,2021,21836698,U.S. Census Bureau Vintage 2025 Population Estimates,https://www2.census.gov/programs-surveys/popest/datasets/2020-2025/state/totals/NST-EST2025-ALLDATA.csv
FL,2022,22413989,U.S. Census Bureau Vintage 2025 Population Estimates,https://www2.census.gov/programs-surveys/popest/datasets/2020-2025/state/totals/NST-EST2025-ALLDATA.csv
FL,2023,22929248,U.S. Census Bureau Vintage 2025 Population Estimates,https://www2.census.gov/programs-surveys/popest/datasets/2020-2025/state/totals/NST-EST2025-ALLDATA.csv
FL,2024,23265838,U.S. Census Bureau Vintage 2025 Population Estimates,https://www2.census.gov/programs-surveys/popest/datasets/2020-2025/state/totals/NST-EST2025-ALLDATA.csv
GA,1991,6621279,U.S. Census Bureau Population Estimates,https://www.census.gov/programs-surveys/popest/data.html
GA,1992,6759474,U.S. Census Bureau Population Estimates,https://www.census.gov/programs-surveys/popest/data.html
GA,1993,6894092,U.S. Census Bureau Population Estimates,https://www.census.gov/programs-surveys/popest/data.html
GA,1994,7045900,U.S. Census Bureau Population Estimates,https://www.census.gov/programs-surveys/popest/data.html
GA,1995,7188538,U.S. Census Bureau Population Estimates,https://www.census.gov/programs-surveys/popest/data.html
GA,1996,7332225,U.S. Census Bureau Population Estimates,https://www.census.gov/programs-surveys/popest/data.html
GA,1997,7486094,U.S. Census Bureau Population Estimates,https://www.census.gov/programs-surveys/popest/data.html
GA,1998,7636522,U.S. Census Bureau Population Estimates,https://www.census.gov/programs-surveys/popest/data.html
GA,1999,8045965,U.S. Census Bureau Population Estimates,https://www.census.gov/programs-surveys/popest/data.html
GA,2000,8227303,U.S. Census Bureau Population Estimates,https://www.census.gov/programs-surveys/popest/data.html
GA,2001,8377038,U.S. Census Bureau Population Estimates,https://www.census.gov/programs-surveys/popest/data.html
GA,2002,8508256,U.S. Census Bureau Population Estimates,https://www.census.gov/programs-surveys/popest/data.html
GA,2003,8622793,U.S. Census Bureau Population Estimates,https://www.census.gov/programs-surveys/popest/data.html
GA,2004,8769252,U.S. Census Bureau Population Estimates,https://www.census.gov/programs-surveys/popest/data.html
GA,2005,8925922,U.S. Census Bureau Population Estimates,https://www.census.gov/programs-surveys/popest/data.html
GA,2006,9155813,U.S. Census Bureau Population Estimates,https://www.census.gov/programs-surveys/popest/data.html
GA,2007,9349988,U.S. Census Bureau Population Estimates,https://www.census.gov/programs-surveys/popest/data.html
GA,2008,9504843,U.S. Census Bureau Population Estimates,https://www.census.gov/programs-surveys/popest/data.html
GA,2009,9620846,U.S. Census Bureau Population Estimates,https://www.census.gov/programs-surveys/popest/data.html
GA,2010,9712560,U.S. Census Bureau Population Estimates,https://www.census.gov/programs-surveys/popest/data.html
GA,2011,9805601,U.S. Census Bureau Population Estimates,https://www.census.gov/programs-surveys/popest/data.html
GA,2012,9907049,U.S. Census Bureau Population Estimates,https://www.census.gov/programs-surveys/popest/data.html
GA,2013,9980739,U.S. Census Bureau Population Estimates,https://www.census.gov/programs-surveys/popest/data.html
GA,2014,10077938,U.S. Census Bureau Population Estimates,https://www.census.gov/programs-surveys/popest/data.html
GA,2015,10191964,U.S. Census Bureau Population Estimates,https://www.census.gov/programs-surveys/popest/data.html
GA,2016,10318957,U.S. Census Bureau Population Estimates,https://www.census.gov/programs-surveys/popest/data.html
GA,2017,10428929,U.S. Census Bureau Population Estimates,https://www.census.gov/programs-surveys/popest/data.html
GA,2018,10533201,U.S. Census Bureau Population Estimates,https://www.census.gov/programs-surveys/popest/data.html
GA,2019,10644091,U.S. Census Bureau Population Estimates,https://www.census.gov/programs-surveys/popest/data.html
GA,2020,10732595,U.S. Census Bureau Vintage 2025 Population Estimates,https://www2.census.gov/programs-surveys/popest/datasets/2020-2025/state/totals/NST-EST2025-ALLDATA.csv
GA,2021,10793038,U.S. Census Bureau Vintage 2025 Population Estimates,https://www2.census.gov/programs-surveys/popest/datasets/2020-2025/state/totals/NST-EST2025-ALLDATA.csv
GA,2022,10929992,U.S. Census Bureau Vintage 2025 Population Estimates,https://www2.census.gov/programs-surveys/popest/datasets/2020-2025/state/totals/NST-EST2025-ALLDATA.csv
GA,2023,11063669,U.S. Census Bureau Vintage 2025 Population Estimates,https://www2.census.gov/programs-surveys/popest/datasets/2020-2025/state/totals/NST-EST2025-ALLDATA.csv
GA,2024,11204208,U.S. Census Bureau Vintage 2025 Population Estimates,https://www2.census.gov/programs-surveys/popest/datasets/2020-2025/state/totals/NST-EST2025-ALLDATA.csv
HI,1991,1131412,U.S. Census Bureau Population Estimates,https://www.census.gov/programs-surveys/popest/data.html
HI,1992,1149926,U.S. Census Bureau Population Estimates,https://www.census.gov/programs-surveys/popest/data.html
HI,1993,1161508,U.S. Census Bureau Population Estimates,https://www.census.gov/programs-surveys/popest/data.html
HI,1994,1173903,U.S. Census Bureau Population Estimates,https://www.census.gov/programs-surveys/popest/data.html
HI,1995,1180490,U.S. Census Bureau Population Estimates,https://www.census.gov/programs-surveys/popest/data.html
HI,1996,1184434,U.S. Census Bureau Population Estimates,https://www.census.gov/programs-surveys/popest/data.html
HI,1997,1189322,U.S. Census Bureau Population Estimates,https://www.census.gov/programs-surveys/popest/data.html
HI,1998,1190472,U.S. Census Bureau Population Estimates,https://www.census.gov/programs-surveys/popest/data.html
HI,1999,1210300,U.S. Census Bureau Population Estimates,https://www.census.gov/programs-surveys/popest/data.html
HI,2000,1213519,U.S. Census Bureau Population Estimates,https://www.census.gov/programs-surveys/popest/data.html
HI,2001,1225948,U.S. Census Bureau Population Estimates,https://www.census.gov/programs-surveys/popest/data.html
HI,2002,1239613,U.S. Census Bureau Population Estimates,https://www.census.gov/programs-surveys/popest/data.html
HI,2003,1251154,U.S. Census Bureau Population Estimates,https://www.census.gov/programs-surveys/popest/data.html
HI,2004,1273569,U.S. Census Bureau Population Estimates,https://www.census.gov/programs-surveys/popest/data.html
HI,2005,1292729,U.S. Census Bureau Population Estimates,https://www.census.gov/programs-surveys/popest/data.html
HI,2006,1309731,U.S. Census Bureau Population Estimates,https://www.census.gov/programs-surveys/popest/data.html
HI,2007,1315675,U.S. Census Bureau Population Estimates,https://www.census.gov/programs-surveys/popest/data.html
HI,2008,1332213,U.S. Census Bureau Population Estimates,https://www.census.gov/programs-surveys/popest/data.html
HI,2009,1346717,U.S. Census Bureau Population Estimates,https://www.census.gov/programs-surveys/popest/data.html
HI,2010,1365138,U.S. Census Bureau Population Estimates,https://www.census.gov/programs-surveys/popest/data.html
HI,2011,1385103,U.S. Census Bureau Population Estimates,https://www.census.gov/programs-surveys/popest/data.html
HI,2012,1405293,U.S. Census Bureau Population Estimates,https://www.census.gov/programs-surveys/popest/data.html
HI,2013,1423501,U.S. Census Bureau Population Estimates,https://www.census.gov/programs-surveys/popest/data.html
HI,2014,1434558,U.S. Census Bureau Population Estimates,https://www.census.gov/programs-surveys/popest/data.html
HI,2015,1446927,U.S. Census Bureau Population Estimates,https://www.census.gov/programs-surveys/popest/data.html
HI,2016,1457434,U.S. Census Bureau Population Estimates,https://www.census.gov/programs-surveys/popest/data.html
HI,2017,1458634,U.S. Census Bureau Population Estimates,https://www.census.gov/programs-surveys/popest/data.html
HI,2018,1460322,U.S. Census Bureau Population Estimates,https://www.census.gov/programs-surveys/popest/data.html
HI,2019,1457052,U.S. Census Bureau Population Estimates,https://www.census.gov/programs-surveys/popest/data.html
HI,2020,1451130,U.S. Census Bureau Vintage 2025 Population Estimates,https://www2.census.gov/programs-surveys/popest/datasets/2020-2025/state/totals/NST-EST2025-ALLDATA.csv
HI,2021,1446909,U.S. Census Bureau Vintage 2025 Population Estimates,https://www2.census.gov/programs-surveys/popest/datasets/2020-2025/state/totals/NST-EST2025-ALLDATA.csv
HI,2022,1437812,U.S. Census Bureau Vintage 2025 Population Estimates,https://www2.census.gov/programs-surveys/popest/datasets/2020-2025/state/totals/NST-EST2025-ALLDATA.csv
HI,2023,1434950,U.S. Census Bureau Vintage 2025 Population Estimates,https://www2.census.gov/programs-surveys/popest/datasets/2020-2025/state/totals/NST-EST2025-ALLDATA.csv
HI,2024,1434952,U.S. Census Bureau Vintage 2025 Population Estimates,https://www2.census.gov/programs-surveys/popest/datasets/2020-2025/state/totals/NST-EST2025-ALLDATA.csv
IA,1991,2791227,U.S. Census Bureau Population Estimates,https://www.census.gov/programs-surveys/popest/data.html
IA,1992,2806923,U.S. Census Bureau Population Estimates,https://www.census.gov/programs-surveys/popest/data.html
IA,1993,2820525,U.S. Census Bureau Population Estimates,https://www.census.gov/programs-surveys/popest/data.html
IA,1994,2829422,U.S. Census Bureau Population Estimates,https://www.census.gov/programs-surveys/popest/data.html
IA,1995,2840860,U.S. Census Bureau Population Estimates,https://www.census.gov/programs-surveys/popest/data.html
IA,1996,2848473,U.S. Census Bureau Population Estimates,https://www.census.gov/programs-surveys/popest/data.html
IA,1997,2854396,U.S. Census Bureau Population Estimates,https://www.census.gov/programs-surveys/popest/data.html
IA,1998,2861025,U.S. Census Bureau Population Estimates,https://www.census.gov/programs-surveys/popest/data.html
IA,1999,2917634,U.S. Census Bureau Population Estimates,https://www.census.gov/programs-surveys/popest/data.html
IA,2000,2929067,U.S. Census Bureau Population Estimates,https://www.census.gov/programs-surveys/popest/data.html
IA,2001,2931997,U.S. Census Bureau Population Estimates,https://www.census.gov/programs-surveys/popest/data.html
IA,2002,2934234,U.S. Census Bureau Population Estimates,https://www.census.gov/programs-surveys/popest/data.html
IA,2003,2941999,U.S. Census Bureau Population Estimates,https://www.census.gov/programs-surveys/popest/data.html
IA,2004,2953635,U.S. Census Bureau Population Estimates,https://www.census.gov/programs-surveys/popest/data.html
IA,2005,2964454,U.S. Census Bureau Population Estimates,https://www.census.gov/programs-surveys/popest/data.html
IA,2006,2982644,U.S. Census Bureau Population Estimates,https://www.census.gov/programs-surveys/popest/data.html
IA,2007,2999212,U.S. Census Bureau Population Estimates,https://www.census.gov/programs-surveys/popest/data.html
IA,2008,3016734,U.S. Census Bureau Population Estimates,https://www.census.gov/programs-surveys/popest/data.html
IA,2009,3032870,U.S. Census Bureau Population Estimates,https://www.census.gov/programs-surveys/popest/data.html
IA,2010,3051415,U.S. Census Bureau Population Estimates,https://www.census.gov/programs-surveys/popest/data.html
IA,2011,3070016,U.S. Census Bureau Population Estimates,https://www.census.gov/programs-surveys/popest/data.html
IA,2012,3082669,U.S. Census Bureau Population Estimates,https://www.census.gov/programs-surveys/popest/data.html
IA,2013,3102344,U.S. Census Bureau Population Estimates,https://www.census.gov/programs-surveys/popest/data.html
IA,2014,3121619,U.S. Census Bureau Population Estimates,https://www.census.gov/programs-surveys/popest/data.html
IA,2015,3136151,U.S. Census Bureau Population Estimates,https://www.census.gov/programs-surveys/popest/data.html
IA,2016,3149415,U.S. Census Bureau Population Estimates,https://www.census.gov/programs-surveys/popest/data.html
IA,2017,3162443,U.S. Census Bureau Population Estimates,https://www.census.gov/programs-surveys/popest/data.html
IA,2018,3171272,U.S. Census Bureau Population Estimates,https://www.census.gov/programs-surveys/popest/data.html
IA,2019,3183730,U.S. Census Bureau Population Estimates,https://www.census.gov/programs-surveys/popest/data.html
IA,2020,3191081,U.S. Census Bureau Vintage 2025 Population Estimates,https://www2.census.gov/programs-surveys/popest/datasets/2020-2025/state/totals/NST-EST2025-ALLDATA.csv
IA,2021,3199037,U.S. Census Bureau Vintage 2025 Population Estimates,https://www2.census.gov/programs-surveys/popest/datasets/2020-2025/state/totals/NST-EST2025-ALLDATA.csv
IA,2022,3201890,U.S. Census Bureau Vintage 2025 Population Estimates,https://www2.census.gov/programs-surveys/popest/datasets/2020-2025/state/totals/NST-EST2025-ALLDATA.csv
IA,2023,3214739,U.S. Census Bureau Vintage 2025 Population Estimates,https://www2.census.gov/programs-surveys/popest/datasets/2020-2025/state/totals/NST-EST2025-ALLDATA.csv
IA,2024,3230454,U.S. Census Bureau Vintage 2025 Population Estimates,https://www2.census.gov/programs-surveys/popest/datasets/2020-2025/state/totals/NST-EST2025-ALLDATA.csv
ID,1991,1038915,U.S. Census Bureau Population Estimates,https://www.census.gov/programs-surveys/popest/data.html
ID,1992,1066490,U.S. Census Bureau Population Estimates,https://www.census.gov/programs-surveys/popest/data.html
ID,1993,1101204,U.S. Census Bureau Population Estimates,https://www.census.gov/programs-surveys/popest/data.html
ID,1994,1135459,U.S. Census Bureau Population Estimates,https://www.census.gov/programs-surveys/popest/data.html
ID,1995,1165000,U.S. Census Bureau Population Estimates,https://www.census.gov/programs-surveys/popest/data.html
ID,1996,1187706,U.S. Census Bureau Population Estimates,https://www.census.gov/programs-surveys/popest/data.html
ID,1997,1210638,U.S. Census Bureau Population Estimates,https://www.census.gov/programs-surveys/popest/data.html
ID,1998,1230923,U.S. Census Bureau Population Estimates,https://www.census.gov/programs-surveys/popest/data.html
ID,1999,1275674,U.S. Census Bureau Population Estimates,https://www.census.gov/programs-surveys/popest/data.html
ID,2000,1299430,U.S. Census Bureau Population Estimates,https://www.census.gov/programs-surveys/popest/data.html
ID,2001,1319962,U.S. Census Bureau Population Estimates,https://www.census.gov/programs-surveys/popest/data.html
ID,2002,1340372,U.S. Census Bureau Population Estimates,https://www.census.gov/programs-surveys/popest/data.html
ID,2003,1363380,U.S. Census Bureau Population Estimates,https://www.census.gov/programs-surveys/popest/data.html
ID,2004,1391802,U.S. Census Bureau Population Estimates,https://www.census.gov/programs-surveys/popest/data.html
ID,2005,1428241,U.S. Census Bureau Population Estimates,https://www.census.gov/programs-surveys/popest/data.html
ID,2006,1468669,U.S. Census Bureau Population Estimates,https://www.census.gov/programs-surveys/popest/data.html
ID,2007,1505105,U.S. Census Bureau Population Estimates,https://www.census.gov/programs-surveys/popest/data.html
ID,2008,1534320,U.S. Census Bureau Population Estimates,https://www.census.gov/programs-surveys/popest/data.html
ID,2009,1554439,U.S. Census Bureau Population Estimates,https://www.census.gov/programs-surveys/popest/data.html
ID,2010,1571266,U.S. Census Bureau Population Estimates,https://www.census.gov/programs-surveys/popest/data.html
ID,2011,1586543,U.S. Census Bureau Population Estimates,https://www.census.gov/programs-surveys/popest/data.html
ID,2012,1599997,U.S. Census Bureau Population Estimates,https://www.census.gov/programs-surveys/popest/data.html
ID,2013,1617985,U.S. Census Bureau Population Estimates,https://www.census.gov/programs-surveys/popest/data.html
ID,2014,1640137,U.S. Census Bureau Population Estimates,https://www.census.gov/programs-surveys/popest/data.html
ID,2015,1662361,U.S. Census Bureau Population Estimates,https://www.census.gov/programs-surveys/popest/data.html
ID,2016,1696121,U.S. Census Bureau Population Estimates,https://www.census.gov/programs-surveys/popest/data.html
ID,2017,1734015,U.S. Census Bureau Population Estimates,https://www.census.gov/programs-surveys/popest/data.html
ID,2018,1768543,U.S. Census Bureau Population Estimates,https://www.census.gov/programs-surveys/popest/data.html
ID,2019,1808044,U.S. Census Bureau Population Estimates,https://www.census.gov/programs-surveys/popest/data.html
ID,2020,1849328,U.S. Census Bureau Vintage 2025 Population Estimates,https://www2.census.gov/programs-surveys/popest/datasets/2020-2025/state/totals/NST-EST2025-ALLDATA.csv
ID,2021,1904855,U.S. Census Bureau Vintage 2025 Population Estimates,https://www2.census.gov/programs-surveys/popest/datasets/2020-2025/state/totals/NST-EST2025-ALLDATA.csv
ID,2022,1942951,U.S. Census Bureau Vintage 2025 Population Estimates,https://www2.census.gov/programs-surveys/popest/datasets/2020-2025/state/totals/NST-EST2025-ALLDATA.csv
ID,2023,1970497,U.S. Census Bureau Vintage 2025 Population Estimates,https://www2.census.gov/programs-surveys/popest/datasets/2020-2025/state/totals/NST-EST2025-ALLDATA.csv
ID,2024,2000872,U.S. Census Bureau Vintage 2025 Population Estimates,https://www2.census.gov/programs-surveys/popest/datasets/2020-2025/state/totals/NST-EST2025-ALLDATA.csv
IL,1991,11535973,U.S. Census Bureau Population Estimates,https://www.census.gov/programs-surveys/popest/data.html
IL,1992,11635197,U.S. Census Bureau Population Estimates,https://www.census.gov/programs-surveys/popest/data.html
IL,1993,11725984,U.S. Census Bureau Population Estimates,https://www.census.gov/programs-surveys/popest/data.html
IL,1994,11804986,U.S. Census Bureau Population Estimates,https://www.census.gov/programs-surveys/popest/data.html
IL,1995,11884935,U.S. Census Bureau Population Estimates,https://www.census.gov/programs-surveys/popest/data.html
IL,1996,11953003,U.S. Census Bureau Population Estimates,https://www.census.gov/programs-surveys/popest/data.html
IL,1997,12011509,U.S. Census Bureau Population Estimates,https://www.census.gov/programs-surveys/popest/data.html
IL,1998,12069774,U.S. Census Bureau Population Estimates,https://www.census.gov/programs-surveys/popest/data.html
IL,1999,12359020,U.S. Census Bureau Population Estimates,https://www.census.gov/programs-surveys/popest/data.html
IL,2000,12434161,U.S. Census Bureau Population Estimates,https://www.census.gov/programs-surveys/popest/data.html
IL,2001,12488445,U.S. Census Bureau Population Estimates,https://www.census.gov/programs-surveys/popest/data.html
IL,2002,12525556,U.S. Census Bureau Population Estimates,https://www.census.gov/programs-surveys/popest/data.html
IL,2003,12556006,U.S. Census Bureau Population Estimates,https://www.census.gov/programs-surveys/popest/data.html
IL,2004,12589773,U.S. Census Bureau Population Estimates,https://www.census.gov/programs-surveys/popest/data.html
IL,2005,12609903,U.S. Census Bureau Population Estimates,https://www.census.gov/programs-surveys/popest/data.html
IL,2006,12643955,U.S. Census Bureau Population Estimates,https://www.census.gov/programs-surveys/popest/data.html
IL,2007,12695866,U.S. Census Bureau Population Estimates,https://www.census.gov/programs-surveys/popest/data.html
IL,2008,12747038,U.S. Census Bureau Population Estimates,https://www.census.gov/programs-surveys/popest/data.html
IL,2009,12796778,U.S. Census Bureau Population Estimates,https://www.census.gov/programs-surveys/popest/data.html
IL,2010,12845550,U.S. Census Bureau Population Estimates,https://www.census.gov/programs-surveys/popest/data.html
IL,2011,12892967,U.S. Census Bureau Population Estimates,https://www.census.gov/programs-surveys/popest/data.html
IL,2012,12928407,U.S. Census Bureau Population Estimates,https://www.census.gov/programs-surveys/popest/data.html
IL,2013,12961361,U.S. Census Bureau Population Estimates,https://www.census.gov/programs-surveys/popest/data.html
IL,2014,12970689,U.S. Census Bureau Population Estimates,https://www.census.gov/programs-surveys/popest/data.html
IL,2015,12965288,U.S. Census Bureau Population Estimates,https://www.census.gov/programs-surveys/popest/data.html
IL,2016,12947130,U.S. Census Bureau Population Estimates,https://www.census.gov/programs-surveys/popest/data.html
IL,2017,12924413,U.S. Census Bureau Population Estimates,https://www.census.gov/programs-surveys/popest/data.html
IL,2018,12888611,U.S. Census Bureau Population Estimates,https://www.census.gov/programs-surveys/popest/data.html
IL,2019,12850380,U.S. Census Bureau Population Estimates,https://www.census.gov/programs-surveys/popest/data.html
IL,2020,12795348,U.S. Census Bureau Vintage 2025 Population Estimates,https://www2.census.gov/programs-surveys/popest/datasets/2020-2025/state/totals/NST-EST2025-ALLDATA.csv
IL,2021,12703354,U.S. Census Bureau Vintage 2025 Population Estimates,https://www2.census.gov/programs-surveys/popest/datasets/2020-2025/state/totals/NST-EST2025-ALLDATA.csv
IL,2022,12609577,U.S. Census Bureau Vintage 2025 Population Estimates,https://www2.census.gov/programs-surveys/popest/datasets/2020-2025/state/totals/NST-EST2025-ALLDATA.csv
IL,2023,12633389,U.S. Census Bureau Vintage 2025 Population Estimates,https://www2.census.gov/programs-surveys/popest/datasets/2020-2025/state/totals/NST-EST2025-ALLDATA.csv
IL,2024,12703033,U.S. Census Bureau Vintage 2025 Population Estimates,https://www2.census.gov/programs-surveys/popest/datasets/2020-2025/state/totals/NST-EST2025-ALLDATA.csv
IN,1991,5602062,U.S. Census Bureau Population Estimates,https://www.census.gov/programs-surveys/popest/data.html
IN,1992,5648649,U.S. Census Bureau Population Estimates,https://www.census.gov/programs-surveys/popest/data.html
IN,1993,5701965,U.S. Census Bureau Population Estimates,https://www.census.gov/programs-surveys/popest/data.html
IN,1994,5745626,U.S. Census Bureau Population Estimates,https://www.census.gov/programs-surveys/popest/data.html
IN,1995,5791819,U.S. Census Bureau Population Estimates,https://www.census.gov/programs-surveys/popest/data.html
IN,1996,5834908,U.S. Census Bureau Population Estimates,https://www.census.gov/programs-surveys/popest/data.html
IN,1997,5872370,U.S. Census Bureau Population Estimates,https://www.census.gov/programs-surveys/popest/data.html
IN,1998,5907617,U.S. Census Bureau Population Estimates,https://www.census.gov/programs-surveys/popest/data.html
IN,1999,6044969,U.S. Census Bureau Population Estimates,https://www.census.gov/programs-surveys/popest/data.html
IN,2000,6091866,U.S. Census Bureau Population Estimates,https://www.census.gov/programs-surveys/popest/data.html
IN,2001,6127760,U.S. Census Bureau Population Estimates,https://www.census.gov/programs-surveys/popest/data.html
IN,2002,6155967,U.S. Census Bureau Population Estimates,https://www.census.gov/programs-surveys/popest/data.html
IN,2003,6196638,U.S. Census Bureau Population Estimates,https://www.census.gov/programs-surveys/popest/data.html
IN,2004,6233007,U.S. Census Bureau Population Estimates,https://www.census.gov/programs-surveys/popest/data.html
IN,2005,6278616,U.S. Census Bureau Population Estimates,https://www.census.gov/programs-surveys/popest/data.html
IN,2006,6332669,U.S. Census Bureau Population Estimates,https://www.census.gov/programs-surveys/popest/data.html
IN,2007,6379599,U.S. Census Bureau Population Estimates,https://www.census.gov/programs-surveys/popest/data.html
IN,2008,6424806,U.S. Census Bureau Population Estimates,https://www.census.gov/programs-surveys/popest/data.html
IN,2009,6459325,U.S. Census Bureau Population Estimates,https://www.census.gov/programs-surveys/popest/data.html
IN,2010,6491321,U.S. Census Bureau Population Estimates,https://www.census.gov/programs-surveys/popest/data.html
IN,2011,6521301,U.S. Census Bureau Population Estimates,https://www.census.gov/programs-surveys/popest/data.html
IN,2012,6546235,U.S. Census Bureau Population Estimates,https://www.census.gov/programs-surveys/popest/data.html
IN,2013,6581009,U.S. Census Bureau Population Estimates,https://www.census.gov/programs-surveys/popest/data.html
IN,2014,6609588,U.S. Census Bureau Population Estimates,https://www.census.gov/programs-surveys/popest/data.html
IN,2015,6628269,U.S. Census Bureau Population Estimates,https://www.census.gov/programs-surveys/popest/data.html
IN,2016,6657862,U.S. Census Bureau Population Estimates,https://www.census.gov/programs-surveys/popest/data.html
IN,2017,6685136,U.S. Census Bureau Population Estimates,https://www.census.gov/programs-surveys/popest/data.html
IN,2018,6725053,U.S. Census Bureau Population Estimates,https://www.census.gov/programs-surveys/popest/data.html
IN,2019,6761210,U.S. Census Bureau Population Estimates,https://www.census.gov/programs-surveys/popest/data.html
IN,2020,6790290,U.S. Census Bureau Vintage 2025 Population Estimates,https://www2.census.gov/programs-surveys/popest/datasets/2020-2025/state/totals/NST-EST2025-ALLDATA.csv
IN,2021,6814223,U.S. Census Bureau Vintage 2025 Population Estimates,https://www2.census.gov/programs-surveys/popest/datasets/2020-2025/state/totals/NST-EST2025-ALLDATA.csv
IN,2022,6841491,U.S. Census Bureau Vintage 2025 Population Estimates,https://www2.census.gov/programs-surveys/popest/datasets/2020-2025/state/totals/NST-EST2025-ALLDATA.csv
IN,2023,6881373,U.S. Census Bureau Vintage 2025 Population Estimates,https://www2.census.gov/programs-surveys/popest/datasets/2020-2025/state/totals/NST-EST2025-ALLDATA.csv
IN,2024,6934754,U.S. Census Bureau Vintage 2025 Population Estimates,https://www2.census.gov/programs-surveys/popest/datasets/2020-2025/state/totals/NST-EST2025-ALLDATA.csv
KS,1991,2495209,U.S. Census Bureau Population Estimates,https://www.census.gov/programs-surveys/popest/data.html
KS,1992,2526042,U.S. Census Bureau Population Estimates,https://www.census.gov/programs-surveys/popest/data.html
KS,1993,2547605,U.S. Census Bureau Population Estimates,https://www.census.gov/programs-surveys/popest/data.html
KS,1994,2569118,U.S. Census Bureau Population Estimates,https://www.census.gov/programs-surveys/popest/data.html
KS,1995,2586942,U.S. Census Bureau Population Estimates,https://www.census.gov/programs-surveys/popest/data.html
KS,1996,2598266,U.S. Census Bureau Population Estimates,https://www.census.gov/programs-surveys/popest/data.html
KS,1997,2616339,U.S. Census Bureau Population Estimates,https://www.census.gov/programs-surveys/popest/data.html
KS,1998,2638667,U.S. Census Bureau Population Estimates,https://www.census.gov/programs-surveys/popest/data.html
KS,1999,2678338,U.S. Census Bureau Population Estimates,https://www.census.gov/programs-surveys/popest/data.html
KS,2000,2693681,U.S. Census Bureau Population Estimates,https://www.census.gov/programs-surveys/popest/data.html
KS,2001,2702162,U.S. Census Bureau Population Estimates,https://www.census.gov/programs-surveys/popest/data.html
KS,2002,2713535,U.S. Census Bureau Population Estimates,https://www.census.gov/programs-surveys/popest/data.html
KS,2003,2723004,U.S. Census Bureau Population Estimates,https://www.census.gov/programs-surveys/popest/data.html
KS,2004,2734373,U.S. Census Bureau Population Estimates,https://www.census.gov/programs-surveys/popest/data.html
KS,2005,2745299,U.S. Census Bureau Population Estimates,https://www.census.gov/programs-surveys/popest/data.html
KS,2006,2762931,U.S. Census Bureau Population Estimates,https://www.census.gov/programs-surveys/popest/data.html
KS,2007,2783785,U.S. Census Bureau Population Estimates,https://www.census.gov/programs-surveys/popest/data.html
KS,2008,2808076,U.S. Census Bureau Population Estimates,https://www.census.gov/programs-surveys/popest/data.html
KS,2009,2832704,U.S. Census Bureau Population Estimates,https://www.census.gov/programs-surveys/popest/data.html
KS,2010,2858773,U.S. Census Bureau Population Estimates,https://www.census.gov/programs-surveys/popest/data.html
KS,2011,2872567,U.S. Census Bureau Population Estimates,https://www.census.gov/programs-surveys/popest/data.html
KS,2012,2891273,U.S. Census Bureau Population Estimates,https://www.census.gov/programs-surveys/popest/data.html
KS,2013,2901866,U.S. Census Bureau Population Estimates,https://www.census.gov/programs-surveys/popest/data.html
KS,2014,2911722,U.S. Census Bureau Population Estimates,https://www.census.gov/programs-surveys/popest/data.html
KS,2015,2922945,U.S. Census Bureau Population Estimates,https://www.census.gov/programs-surveys/popest/data.html
KS,2016,2927430,U.S. Census Bureau Population Estimates,https://www.census.gov/programs-surveys/popest/data.html
KS,2017,2927416,U.S. Census Bureau Population Estimates,https://www.census.gov/programs-surveys/popest/data.html
KS,2018,2931483,U.S. Census Bureau Population Estimates,https://www.census.gov/programs-surveys/popest/data.html
KS,2019,2933582,U.S. Census Bureau Population Estimates,https://www.census.gov/programs-surveys/popest/data.html
KS,2020,2938274,U.S. Census Bureau Vintage 2025 Population Estimates,https://www2.census.gov/programs-surveys/popest/datasets/2020-2025/state/totals/NST-EST2025-ALLDATA.csv
KS,2021,2938966,U.S. Census Bureau Vintage 2025 Population Estimates,https://www2.census.gov/programs-surveys/popest/datasets/2020-2025/state/totals/NST-EST2025-ALLDATA.csv
KS,2022,2938034,U.S. Census Bureau Vintage 2025 Population Estimates,https://www2.census.gov/programs-surveys/popest/datasets/2020-2025/state/totals/NST-EST2025-ALLDATA.csv
KS,2023,2949749,U.S. Census Bureau Vintage 2025 Population Estimates,https://www2.census.gov/programs-surveys/popest/datasets/2020-2025/state/totals/NST-EST2025-ALLDATA.csv
KS,2024,2965252,U.S. Census Bureau Vintage 2025 Population Estimates,https://www2.census.gov/programs-surveys/popest/datasets/2020-2025/state/totals/NST-EST2025-ALLDATA.csv
KY,1991,3714686,U.S. Census Bureau Population Estimates,https://www.census.gov/programs-surveys/popest/data.html
KY,1992,3756358,U.S. Census Bureau Population Estimates,https://www.census.gov/programs-surveys/popest/data.html
KY,1993,3792288,U.S. Census Bureau Population Estimates,https://www.census.gov/programs-surveys/popest/data.html
KY,1994,3823215,U.S. Census Bureau Population Estimates,https://www.census.gov/programs-surveys/popest/data.html
KY,1995,3855248,U.S. Census Bureau Population Estimates,https://www.census.gov/programs-surveys/popest/data.html
KY,1996,3881051,U.S. Census Bureau Population Estimates,https://www.census.gov/programs-surveys/popest/data.html
KY,1997,3907816,U.S. Census Bureau Population Estimates,https://www.census.gov/programs-surveys/popest/data.html
KY,1998,3934310,U.S. Census Bureau Population Estimates,https://www.census.gov/programs-surveys/popest/data.html
KY,1999,4018053,U.S. Census Bureau Population Estimates,https://www.census.gov/programs-surveys/popest/data.html
KY,2000,4049021,U.S. Census Bureau Population Estimates,https://www.census.gov/programs-surveys/popest/data.html
KY,2001,4068132,U.S. Census Bureau Population Estimates,https://www.census.gov/programs-surveys/popest/data.html
KY,2002,4089875,U.S. Census Bureau Population Estimates,https://www.census.gov/programs-surveys/popest/data.html
KY,2003,4117170,U.S. Census Bureau Population Estimates,https://www.census.gov/programs-surveys/popest/data.html
KY,2004,4146101,U.S. Census Bureau Population Estimates,https://www.census.gov/programs-surveys/popest/data.html
KY,2005,4182742,U.S. Census Bureau Population Estimates,https://www.census.gov/programs-surveys/popest/data.html
KY,2006,4219239,U.S. Census Bureau Population Estimates,https://www.census.gov/programs-surveys/popest/data.html
KY,2007,4256672,U.S. Census Bureau Population Estimates,https://www.census.gov/programs-surveys/popest/data.html
KY,2008,4289878,U.S. Census Bureau Population Estimates,https://www.census.gov/programs-surveys/popest/data.html
KY,2009,4317074,U.S. Census Bureau Population Estimates,https://www.census.gov/programs-surveys/popest/data.html
KY,2010,4349149,U.S. Census Bureau Population Estimates,https://www.census.gov/programs-surveys/popest/data.html
KY,2011,4374437,U.S. Census Bureau Population Estimates,https://www.census.gov/programs-surveys/popest/data.html
KY,2012,4394391,U.S. Census Bureau Population Estimates,https://www.census.gov/programs-surveys/popest/data.html
KY,2013,4416297,U.S. Census Bureau Population Estimates,https://www.census.gov/programs-surveys/popest/data.html
KY,2014,4429165,U.S. Census Bureau Population Estimates,https://www.census.gov/programs-surveys/popest/data.html
KY,2015,4444172,U.S. Census Bureau Population Estimates,https://www.census.gov/programs-surveys/popest/data.html
KY,2016,4458109,U.S. Census Bureau Population Estimates,https://www.census.gov/programs-surveys/popest/data.html
KY,2017,4475984,U.S. Census Bureau Population Estimates,https://www.census.gov/programs-surveys/popest/data.html
KY,2018,4487486,U.S. Census Bureau Population Estimates,https://www.census.gov/programs-surveys/popest/data.html
KY,2019,4498372,U.S. Census Bureau Population Estimates,https://www.census.gov/programs-surveys/popest/data.html
KY,2020,4508271,U.S. Census Bureau Vintage 2025 Population Estimates,https://www2.census.gov/programs-surveys/popest/datasets/2020-2025/state/totals/NST-EST2025-ALLDATA.csv
KY,2021,4508348,U.S. Census Bureau Vintage 2025 Population Estimates,https://www2.census.gov/programs-surveys/popest/datasets/2020-2025/state/totals/NST-EST2025-ALLDATA.csv
KY,2022,4521238,U.S. Census Bureau Vintage 2025 Population Estimates,https://www2.census.gov/programs-surveys/popest/datasets/2020-2025/state/totals/NST-EST2025-ALLDATA.csv
KY,2023,4549953,U.S. Census Bureau Vintage 2025 Population Estimates,https://www2.census.gov/programs-surveys/popest/datasets/2020-2025/state/totals/NST-EST2025-ALLDATA.csv
KY,2024,4584046,U.S. Census Bureau Vintage 2025 Population Estimates,https://www2.census.gov/programs-surveys/popest/datasets/2020-2025/state/totals/NST-EST2025-ALLDATA.csv
LA,1991,4240950,U.S. Census Bureau Population Estimates,https://www.census.gov/programs-surveys/popest/data.html
LA,1992,4270849,U.S. Census Bureau Population Estimates,https://www.census.gov/programs-surveys/popest/data.html
LA,1993,4284749,U.S. Census Bureau Population Estimates,https://www.census.gov/programs-surveys/popest/data.html
LA,1994,4306500,U.S. Census Bureau Population Estimates,https://www.census.gov/programs-surveys/popest/data.html
LA,1995,4327978,U.S. Census Bureau Population Estimates,https://www.census.gov/programs-surveys/popest/data.html
LA,1996,4338763,U.S. Census Bureau Population Estimates,https://www.census.gov/programs-surveys/popest/data.html
LA,1997,4351390,U.S. Census Bureau Population Estimates,https://www.census.gov/programs-surveys/popest/data.html
LA,1998,4362758,U.S. Census Bureau Population Estimates,https://www.census.gov/programs-surveys/popest/data.html
LA,1999,4460811,U.S. Census Bureau Population Estimates,https://www.census.gov/programs-surveys/popest/data.html
LA,2000,4471885,U.S. Census Bureau Population Estimates,https://www.census.gov/programs-surveys/popest/data.html
LA,2001,4477875,U.S. Census Bureau Population Estimates,https://www.census.gov/programs-surveys/popest/data.html
LA,2002,4497267,U.S. Census Bureau Population Estimates,https://www.census.gov/programs-surveys/popest/data.html
LA,2003,4521042,U.S. Census Bureau Population Estimates,https://www.census.gov/programs-surveys/popest/data.html
LA,2004,4552238,U.S. Census Bureau Population Estimates,https://www.census.gov/programs-surveys/popest/data.html
LA,2005,4411396,U.S. Census Bureau Population Estimates,https://www.census.gov/programs-surveys/popest/data.html
LA,2006,4302665,U.S. Census Bureau Population Estimates,https://www.census.gov/programs-surveys/popest/data.html
LA,2007,4375581,U.S. Census Bureau Population Estimates,https://www.census.gov/programs-surveys/popest/data.html
LA,2008,4435586,U.S. Census Bureau Population Estimates,https://www.census.gov/programs-surveys/popest/data.html
LA,2009,4491648,U.S. Census Bureau Population Estimates,https://www.census.gov/programs-surveys/popest/data.html
LA,2010,4544779,U.S. Census Bureau Population Estimates,https://www.census.gov/programs-surveys/popest/data.html
LA,2011,4577048,U.S. Census Bureau Population Estimates,https://www.census.gov/programs-surveys/popest/data.html
LA,2012,4603464,U.S. Census Bureau Population Estimates,https://www.census.gov/programs-surveys/popest/data.html
LA,2013,4628027,U.S. Census Bureau Population Estimates,https://www.census.gov/programs-surveys/popest/data.html
LA,2014,4648527,U.S. Census Bureau Population Estimates,https://www.census.gov/programs-surveys/popest/data.html
LA,2015,4670259,U.S. Census Bureau Population Estimates,https://www.census.gov/programs-surveys/popest/data.html
LA,2016,4685326,U.S. Census Bureau Population Estimates,https://www.census.gov/programs-surveys/popest/data.html
LA,2017,4678232,U.S. Census Bureau Population Estimates,https://www.census.gov/programs-surveys/popest/data.html
LA,2018,4669635,U.S. Census Bureau Population Estimates,https://www.census.gov/programs-surveys/popest/data.html
LA,2019,4664310,U.S. Census Bureau Population Estimates,https://www.census.gov/programs-surveys/popest/data.html
LA,2020,4652145,U.S. Census Bureau Vintage 2025 Population Estimates,https://www2.census.gov/programs-surveys/popest/datasets/2020-2025/state/totals/NST-EST2025-ALLDATA.csv
LA,2021,4628595,U.S. Census Bureau Vintage 2025 Population Estimates,https://www2.census.gov/programs-surveys/popest/datasets/2020-2025/state/totals/NST-EST2025-ALLDATA.csv
LA,2022,4600892,U.S. Census Bureau Vintage 2025 Population Estimates,https://www2.census.gov/programs-surveys/popest/datasets/2020-2025/state/totals/NST-EST2025-ALLDATA.csv
LA,2023,4598777,U.S. Census Bureau Vintage 2025 Population Estimates,https://www2.census.gov/programs-surveys/popest/datasets/2020-2025/state/totals/NST-EST2025-ALLDATA.csv
LA,2024,4614878,U.S. Census Bureau Vintage 2025 Population Estimates,https://www2.census.gov/programs-surveys/popest/datasets/2020-2025/state/totals/NST-EST2025-ALLDATA.csv
MA,1991,5998652,U.S. Census Bureau Population Estimates,https://www.census.gov/programs-surveys/popest/data.html
MA,1992,5993474,U.S. Census Bureau Population Estimates,https://www.census.gov/programs-surveys/popest/data.html
MA,1993,6010884,U.S. Census Bureau Population Estimates,https://www.census.gov/programs-surveys/popest/data.html
MA,1994,6031352,U.S. Census Bureau Population Estimates,https://www.census.gov/programs-surveys/popest/data.html
MA,1995,6062335,U.S. Census Bureau Population Estimates,https://www.census.gov/programs-surveys/popest/data.html
MA,1996,6085393,U.S. Census Bureau Population Estimates,https://www.census.gov/programs-surveys/popest/data.html
MA,1997,6115476,U.S. Census Bureau Population Estimates,https://www.census.gov/programs-surveys/popest/data.html
MA,1998,6144407,U.S. Census Bureau Population Estimates,https://www.census.gov/programs-surveys/popest/data.html
MA,1999,6317345,U.S. Census Bureau Population Estimates,https://www.census.gov/programs-surveys/popest/data.html
MA,2000,6361104,U.S. Census Bureau Population Estimates,https://www.census.gov/programs-surveys/popest/data.html
MA,2001,6397634,U.S. Census Bureau Population Estimates,https://www.census.gov/programs-surveys/popest/data.html
MA,2002,6417206,U.S. Census Bureau Population Estimates,https://www.census.gov/programs-surveys/popest/data.html
MA,2003,6422565,U.S. Census Bureau Population Estimates,https://www.census.gov/programs-surveys/popest/data.html
MA,2004,6412281,U.S. Census Bureau Population Estimates,https://www.census.gov/programs-surveys/popest/data.html
MA,2005,6403290,U.S. Census Bureau Population Estimates,https://www.census.gov/programs-surveys/popest/data.html
MA,2006,6410084,U.S. Census Bureau Population Estimates,https://www.census.gov/programs-surveys/popest/data.html
MA,2007,6431559,U.S. Census Bureau Population Estimates,https://www.census.gov/programs-surveys/popest/data.html
MA,2008,6468967,U.S. Census Bureau Population Estimates,https://www.census.gov/programs-surveys/popest/data.html
MA,2009,6517613,U.S. Census Bureau Population Estimates,https://www.census.gov/programs-surveys/popest/data.html
MA,2010,6569658,U.S. Census Bureau Population Estimates,https://www.census.gov/programs-surveys/popest/data.html
MA,2011,6630460,U.S. Census Bureau Population Estimates,https://www.census.gov/programs-surveys/popest/data.html
MA,2012,6693555,U.S. Census Bureau Population Estimates,https://www.census.gov/programs-surveys/popest/data.html
MA,2013,6757667,U.S. Census Bureau Population Estimates,https://www.census.gov/programs-surveys/popest/data.html
MA,2014,6820711,U.S. Census Bureau Population Estimates,https://www.census.gov/programs-surveys/popest/data.html
MA,2015,6866815,U.S. Census Bureau Population Estimates,https://www.census.gov/programs-surveys/popest/data.html
MA,2016,6910109,U.S. Census Bureau Population Estimates,https://www.census.gov/programs-surveys/popest/data.html
MA,2017,6959946,U.S. Census Bureau Population Estimates,https://www.census.gov/programs-surveys/popest/data.html
MA,2018,6995945,U.S. Census Bureau Population Estimates,https://www.census.gov/programs-surveys/popest/data.html
MA,2019,7018932,U.S. Census Bureau Population Estimates,https://www.census.gov/programs-surveys/popest/data.html
MA,2020,6985320,U.S. Census Bureau Vintage 2025 Population Estimates,https://www2.census.gov/programs-surveys/popest/datasets/2020-2025/state/totals/NST-EST2025-ALLDATA.csv
MA,2021,6996721,U.S. Census Bureau Vintage 2025 Population Estimates,https://www2.census.gov/programs-surveys/popest/datasets/2020-2025/state/totals/NST-EST2025-ALLDATA.csv
MA,2022,7025465,U.S. Census Bureau Vintage 2025 Population Estimates,https://www2.census.gov/programs-surveys/popest/datasets/2020-2025/state/totals/NST-EST2025-ALLDATA.csv
MA,2023,7073479,U.S. Census Bureau Vintage 2025 Population Estimates,https://www2.census.gov/programs-surveys/popest/datasets/2020-2025/state/totals/NST-EST2025-ALLDATA.csv
MA,2024,7138560,U.S. Census Bureau Vintage 2025 Population Estimates,https://www2.census.gov/programs-surveys/popest/datasets/2020-2025/state/totals/NST-EST2025-ALLDATA.csv
MD,1991,4856176,U.S. Census Bureau Population Estimates,https://www.census.gov/programs-surveys/popest/data.html
MD,1992,4902545,U.S. Census Bureau Population Estimates,https://www.census.gov/programs-surveys/popest/data.html
MD,1993,4942504,U.S. Census Bureau Population Estimates,https://www.census.gov/programs-surveys/popest/data.html
MD,1994,4985411,U.S. Census Bureau Population Estimates,https://www.census.gov/programs-surveys/popest/data.html
MD,1995,5023650,U.S. Census Bureau Population Estimates,https://www.census.gov/programs-surveys/popest/data.html
MD,1996,5057142,U.S. Census Bureau Population Estimates,https://www.census.gov/programs-surveys/popest/data.html
MD,1997,5092914,U.S. Census Bureau Population Estimates,https://www.census.gov/programs-surveys/popest/data.html
MD,1998,5130072,U.S. Census Bureau Population Estimates,https://www.census.gov/programs-surveys/popest/data.html
MD,1999,5254509,U.S. Census Bureau Population Estimates,https://www.census.gov/programs-surveys/popest/data.html
MD,2000,5311034,U.S. Census Bureau Population Estimates,https://www.census.gov/programs-surveys/popest/data.html
MD,2001,5374691,U.S. Census Bureau Population Estimates,https://www.census.gov/programs-surveys/popest/data.html
MD,2002,5440389,U.S. Census Bureau Population Estimates,https://www.census.gov/programs-surveys/popest/data.html
MD,2003,5496269,U.S. Census Bureau Population Estimates,https://www.census.gov/programs-surveys/popest/data.html
MD,2004,5546935,U.S. Census Bureau Population Estimates,https://www.census.gov/programs-surveys/popest/data.html
MD,2005,5592379,U.S. Census Bureau Population Estimates,https://www.census.gov/programs-surveys/popest/data.html
MD,2006,5627367,U.S. Census Bureau Population Estimates,https://www.census.gov/programs-surveys/popest/data.html
MD,2007,5653408,U.S. Census Bureau Population Estimates,https://www.census.gov/programs-surveys/popest/data.html
MD,2008,5684965,U.S. Census Bureau Population Estimates,https://www.census.gov/programs-surveys/popest/data.html
MD,2009,5730388,U.S. Census Bureau Population Estimates,https://www.census.gov/programs-surveys/popest/data.html
MD,2010,5791473,U.S. Census Bureau Population Estimates,https://www.census.gov/programs-surveys/popest/data.html
MD,2011,5854122,U.S. Census Bureau Population Estimates,https://www.census.gov/programs-surveys/popest/data.html
MD,2012,5913559,U.S. Census Bureau Population Estimates,https://www.census.gov/programs-surveys/popest/data.html
MD,2013,5961871,U.S. Census Bureau Population Estimates,https://www.census.gov/programs-surveys/popest/data.html
MD,2014,6008412,U.S. Census Bureau Population Estimates,https://www.census.gov/programs-surveys/popest/data.html
MD,2015,6048776,U.S. Census Bureau Population Estimates,https://www.census.gov/programs-surveys/popest/data.html
MD,2016,6079097,U.S. Census Bureau Population Estimates,https://www.census.gov/programs-surveys/popest/data.html
MD,2017,6112064,U.S. Census Bureau Population Estimates,https://www.census.gov/programs-surveys/popest/data.html
MD,2018,6138132,U.S. Census Bureau Population Estimates,https://www.census.gov/programs-surveys/popest/data.html
MD,2019,6163229,U.S. Census Bureau Population Estimates,https://www.census.gov/programs-surveys/popest/data.html
MD,2020,6178387,U.S. Census Bureau Vintage 2025 Population Estimates,https://www2.census.gov/programs-surveys/popest/datasets/2020-2025/state/totals/NST-EST2025-ALLDATA.csv
MD,2021,6176035,U.S. Census Bureau Vintage 2025 Population Estimates,https://www2.census.gov/programs-surveys/popest/datasets/2020-2025/state/totals/NST-EST2025-ALLDATA.csv
MD,2022,6183257,U.S. Census Bureau Vintage 2025 Population Estimates,https://www2.census.gov/programs-surveys/popest/datasets/2020-2025/state/totals/NST-EST2025-ALLDATA.csv
MD,2023,6204927,U.S. Census Bureau Vintage 2025 Population Estimates,https://www2.census.gov/programs-surveys/popest/datasets/2020-2025/state/totals/NST-EST2025-ALLDATA.csv
MD,2024,6245314,U.S. Census Bureau Vintage 2025 Population Estimates,https://www2.census.gov/programs-surveys/popest/datasets/2020-2025/state/totals/NST-EST2025-ALLDATA.csv
ME,1991,1235439,U.S. Census Bureau Population Estimates,https://www.census.gov/programs-surveys/popest/data.html
ME,1992,1235748,U.S. Census Bureau Population Estimates,https://www.census.gov/programs-surveys/popest/data.html
ME,1993,1238256,U.S. Census Bureau Population Estimates,https://www.census.gov/programs-surveys/popest/data.html
ME,1994,1237687,U.S. Census Bureau Population Estimates,https://www.census.gov/programs-surveys/popest/data.html
ME,1995,1237438,U.S. Census Bureau Population Estimates,https://www.census.gov/programs-surveys/popest/data.html
ME,1996,1241436,U.S. Census Bureau Population Estimates,https://www.census.gov/programs-surveys/popest/data.html
ME,1997,1245215,U.S. Census Bureau Population Estimates,https://www.census.gov/programs-surveys/popest/data.html
ME,1998,1247554,U.S. Census Bureau Population Estimates,https://www.census.gov/programs-surveys/popest/data.html
ME,1999,1266808,U.S. Census Bureau Population Estimates,https://www.census.gov/programs-surveys/popest/data.html
ME,2000,1277072,U.S. Census Bureau Population Estimates,https://www.census.gov/programs-surveys/popest/data.html
ME,2001,1285692,U.S. Census Bureau Population Estimates,https://www.census.gov/programs-surveys/popest/data.html
ME,2002,1295960,U.S. Census Bureau Population Estimates,https://www.census.gov/programs-surveys/popest/data.html
ME,2003,1306513,U.S. Census Bureau Population Estimates,https://www.census.gov/programs-surveys/popest/data.html
ME,2004,1313688,U.S. Census Bureau Population Estimates,https://www.census.gov/programs-surveys/popest/data.html
ME,2005,1318787,U.S. Census Bureau Population Estimates,https://www.census.gov/programs-surveys/popest/data.html
ME,2006,1323619,U.S. Census Bureau Population Estimates,https://www.census.gov/programs-surveys/popest/data.html
ME,2007,1327040,U.S. Census Bureau Population Estimates,https://www.census.gov/programs-surveys/popest/data.html
ME,2008,1330509,U.S. Census Bureau Population Estimates,https://www.census.gov/programs-surveys/popest/data.html
ME,2009,1329590,U.S. Census Bureau Population Estimates,https://www.census.gov/programs-surveys/popest/data.html
ME,2010,1327985,U.S. Census Bureau Population Estimates,https://www.census.gov/programs-surveys/popest/data.html
ME,2011,1330114,U.S. Census Bureau Population Estimates,https://www.census.gov/programs-surveys/popest/data.html
ME,2012,1331052,U.S. Census Bureau Population Estimates,https://www.census.gov/programs-surveys/popest/data.html
ME,2013,1332815,U.S. Census Bureau Population Estimates,https://www.census.gov/programs-surveys/popest/data.html
ME,2014,1336810,U.S. Census Bureau Population Estimates,https://www.census.gov/programs-surveys/popest/data.html
ME,2015,1336029,U.S. Census Bureau Population Estimates,https://www.census.gov/programs-surveys/popest/data.html
ME,2016,1340621,U.S. Census Bureau Population Estimates,https://www.census.gov/programs-surveys/popest/data.html
ME,2017,1345322,U.S. Census Bureau Population Estimates,https://www.census.gov/programs-surveys/popest/data.html
ME,2018,1351094,U.S. Census Bureau Population Estimates,https://www.census.gov/programs-surveys/popest/data.html
ME,2019,1358177,U.S. Census Bureau Population Estimates,https://www.census.gov/programs-surveys/popest/data.html
ME,2020,1364546,U.S. Census Bureau Vintage 2025 Population Estimates,https://www2.census.gov/programs-surveys/popest/datasets/2020-2025/state/totals/NST-EST2025-ALLDATA.csv
ME,2021,1379009,U.S. Census Bureau Vintage 2025 Population Estimates,https://www2.census.gov/programs-surveys/popest/datasets/2020-2025/state/totals/NST-EST2025-ALLDATA.csv
ME,2022,1391585,U.S. Census Bureau Vintage 2025 Population Estimates,https://www2.census.gov/programs-surveys/popest/datasets/2020-2025/state/totals/NST-EST2025-ALLDATA.csv
ME,2023,1401992,U.S. Census Bureau Vintage 2025 Population Estimates,https://www2.census.gov/programs-surveys/popest/datasets/2020-2025/state/totals/NST-EST2025-ALLDATA.csv
ME,2024,1408438,U.S. Census Bureau Vintage 2025 Population Estimates,https://www2.census.gov/programs-surveys/popest/datasets/2020-2025/state/totals/NST-EST2025-ALLDATA.csv
MI,1991,9395022,U.S. Census Bureau Population Estimates,https://www.census.gov/programs-surveys/popest/data.html
MI,1992,9470323,U.S. Census Bureau Population Estimates,https://www.census.gov/programs-surveys/popest/data.html
MI,1993,9529240,U.S. Census Bureau Population Estimates,https://www.census.gov/programs-surveys/popest/data.html
MI,1994,9584481,U.S. Census Bureau Population Estimates,https://www.census.gov/programs-surveys/popest/data.html
MI,1995,9659871,U.S. Census Bureau Population Estimates,https://www.census.gov/programs-surveys/popest/data.html
MI,1996,9739184,U.S. Census Bureau Population Estimates,https://www.census.gov/programs-surveys/popest/data.html
MI,1997,9785450,U.S. Census Bureau Population Estimates,https://www.census.gov/programs-surveys/popest/data.html
MI,1998,9820231,U.S. Census Bureau Population Estimates,https://www.census.gov/programs-surveys/popest/data.html
MI,1999,9897116,U.S. Census Bureau Population Estimates,https://www.census.gov/programs-surveys/popest/data.html
MI,2000,9952450,U.S. Census Bureau Population Estimates,https://www.census.gov/programs-surveys/popest/data.html
MI,2001,9991120,U.S. Census Bureau Population Estimates,https://www.census.gov/programs-surveys/popest/data.html
MI,2002,10015710,U.S. Census Bureau Population Estimates,https://www.census.gov/programs-surveys/popest/data.html
MI,2003,10041152,U.S. Census Bureau Population Estimates,https://www.census.gov/programs-surveys/popest/data.html
MI,2004,10055315,U.S. Census Bureau Population Estimates,https://www.census.gov/programs-surveys/popest/data.html
MI,2005,10051137,U.S. Census Bureau Population Estimates,https://www.census.gov/programs-surveys/popest/data.html
MI,2006,10036081,U.S. Census Bureau Population Estimates,https://www.census.gov/programs-surveys/popest/data.html
MI,2007,10001284,U.S. Census Bureau Population Estimates,https://www.census.gov/programs-surveys/popest/data.html
MI,2008,9946889,U.S. Census Bureau Population Estimates,https://www.census.gov/programs-surveys/popest/data.html
MI,2009,9901591,U.S. Census Bureau Population Estimates,https://www.census.gov/programs-surveys/popest/data.html
MI,2010,9880175,U.S. Census Bureau Population Estimates,https://www.census.gov/programs-surveys/popest/data.html
MI,2011,9895938,U.S. Census Bureau Population Estimates,https://www.census.gov/programs-surveys/popest/data.html
MI,2012,9921293,U.S. Census Bureau Population Estimates,https://www.census.gov/programs-surveys/popest/data.html
MI,2013,9947867,U.S. Census Bureau Population Estimates,https://www.census.gov/programs-surveys/popest/data.html
MI,2014,9975107,U.S. Census Bureau Population Estimates,https://www.census.gov/programs-surveys/popest/data.html
MI,2015,9987692,U.S. Census Bureau Population Estimates,https://www.census.gov/programs-surveys/popest/data.html
MI,2016,10017341,U.S. Census Bureau Population Estimates,https://www.census.gov/programs-surveys/popest/data.html
MI,2017,10049769,U.S. Census Bureau Population Estimates,https://www.census.gov/programs-surveys/popest/data.html
MI,2018,10070557,U.S. Census Bureau Population Estimates,https://www.census.gov/programs-surveys/popest/data.html
MI,2019,10078255,U.S. Census Bureau Population Estimates,https://www.census.gov/programs-surveys/popest/data.html
MI,2020,10072294,U.S. Census Bureau Vintage 2025 Population Estimates,https://www2.census.gov/programs-surveys/popest/datasets/2020-2025/state/totals/NST-EST2025-ALLDATA.csv
MI,2021,10042362,U.S. Census Bureau Vintage 2025 Population Estimates,https://www2.census.gov/programs-surveys/popest/datasets/2020-2025/state/totals/NST-EST2025-ALLDATA.csv
MI,2022,10043906,U.S. Census Bureau Vintage 2025 Population Estimates,https://www2.census.gov/programs-surveys/popest/datasets/2020-2025/state/totals/NST-EST2025-ALLDATA.csv
MI,2023,10062124,U.S. Census Bureau Vintage 2025 Population Estimates,https://www2.census.gov/programs-surveys/popest/datasets/2020-2025/state/totals/NST-EST2025-ALLDATA.csv
MI,2024,10099962,U.S. Census Bureau Vintage 2025 Population Estimates,https://www2.census.gov/programs-surveys/popest/datasets/2020-2025/state/totals/NST-EST2025-ALLDATA.csv
MN,1991,4427429,U.S. Census Bureau Population Estimates,https://www.census.gov/programs-surveys/popest/data.html
MN,1992,4471503,U.S. Census Bureau Population Estimates,https://www.census.gov/programs-surveys/popest/data.html
MN,1993,4521709,U.S. Census Bureau Population Estimates,https://www.census.gov/programs-surveys/popest/data.html
MN,1994,4566028,U.S. Census Bureau Population Estimates,https://www.census.gov/programs-surveys/popest/data.html
MN,1995,4605445,U.S. Census Bureau Population Estimates,https://www.census.gov/programs-surveys/popest/data.html
MN,1996,4647723,U.S. Census Bureau Population Estimates,https://www.census.gov/programs-surveys/popest/data.html
MN,1997,4687726,U.S. Census Bureau Population Estimates,https://www.census.gov/programs-surveys/popest/data.html
MN,1998,4726411,U.S. Census Bureau Population Estimates,https://www.census.gov/programs-surveys/popest/data.html
MN,1999,4873481,U.S. Census Bureau Population Estimates,https://www.census.gov/programs-surveys/popest/data.html
MN,2000,4933692,U.S. Census Bureau Population Estimates,https://www.census.gov/programs-surveys/popest/data.html
MN,2001,4982796,U.S. Census Bureau Population Estimates,https://www.census.gov/programs-surveys/popest/data.html
MN,2002,5018935,U.S. Census Bureau Population Estimates,https://www.census.gov/programs-surveys/popest/data.html
MN,2003,5053572,U.S. Census Bureau Population Estimates,https://www.census.gov/programs-surveys/popest/data.html
MN,2004,5087713,U.S. Census Bureau Population Estimates,https://www.census.gov/programs-surveys/popest/data.html
MN,2005,5119598,U.S. Census Bureau Population Estimates,https://www.census.gov/programs-surveys/popest/data.html
MN,2006,5163555,U.S. Census Bureau Population Estimates,https://www.census.gov/programs-surveys/popest/data.html
MN,2007,5207203,U.S. Census Bureau Population Estimates,https://www.census.gov/programs-surveys/popest/data.html
MN,2008,5247018,U.S. Census Bureau Population Estimates,https://www.census.gov/programs-surveys/popest/data.html
MN,2009,5281203,U.S. Census Bureau Population Estimates,https://www.census.gov/programs-surveys/popest/data.html
MN,2010,5312128,U.S. Census Bureau Population Estimates,https://www.census.gov/programs-surveys/popest/data.html
MN,2011,5352735,U.S. Census Bureau Population Estimates,https://www.census.gov/programs-surveys/popest/data.html
MN,2012,5388502,U.S. Census Bureau Population Estimates,https://www.census.gov/programs-surveys/popest/data.html
MN,2013,5430658,U.S. Census Bureau Population Estimates,https://www.census.gov/programs-surveys/popest/data.html
MN,2014,5473577,U.S. Census Bureau Population Estimates,https://www.census.gov/programs-surveys/popest/data.html
MN,2015,5509995,U.S. Census Bureau Population Estimates,https://www.census.gov/programs-surveys/popest/data.html
MN,2016,5556470,U.S. Census Bureau Population Estimates,https://www.census.gov/programs-surveys/popest/data.html
MN,2017,5605404,U.S. Census Bureau Population Estimates,https://www.census.gov/programs-surveys/popest/data.html
MN,2018,5650155,U.S. Census Bureau Population Estimates,https://www.census.gov/programs-surveys/popest/data.html
MN,2019,5686830,U.S. Census Bureau Population Estimates,https://www.census.gov/programs-surveys/popest/data.html
MN,2020,5710562,U.S. Census Bureau Vintage 2025 Population Estimates,https://www2.census.gov/programs-surveys/popest/datasets/2020-2025/state/totals/NST-EST2025-ALLDATA.csv
MN,2021,5714055,U.S. Census Bureau Vintage 2025 Population Estimates,https://www2.census.gov/programs-surveys/popest/datasets/2020-2025/state/totals/NST-EST2025-ALLDATA.csv
MN,2022,5727565,U.S. Census Bureau Vintage 2025 Population Estimates,https://www2.census.gov/programs-surveys/popest/datasets/2020-2025/state/totals/NST-EST2025-ALLDATA.csv
MN,2023,5752998,U.S. Census Bureau Vintage 2025 Population Estimates,https://www2.census.gov/programs-surveys/popest/datasets/2020-2025/state/totals/NST-EST2025-ALLDATA.csv
MN,2024,5797405,U.S. Census Bureau Vintage 2025 Population Estimates,https://www2.census.gov/programs-surveys/popest/datasets/2020-2025/state/totals/NST-EST2025-ALLDATA.csv
MO,1991,5157770,U.S. Census Bureau Population Estimates,https://www.census.gov/programs-surveys/popest/data.html
MO,1992,5193686,U.S. Census Bureau Population Estimates,https://www.census.gov/programs-surveys/popest/data.html
MO,1993,5237757,U.S. Census Bureau Population Estimates,https://www.census.gov/programs-surveys/popest/data.html
MO,1994,5281206,U.S. Census Bureau Population Estimates,https://www.census.gov/programs-surveys/popest/data.html
MO,1995,5324610,U.S. Census Bureau Population Estimates,https://www.census.gov/programs-surveys/popest/data.html
MO,1996,5367888,U.S. Census Bureau Population Estimates,https://www.census.gov/programs-surveys/popest/data.html
MO,1997,5407113,U.S. Census Bureau Population Estimates,https://www.census.gov/programs-surveys/popest/data.html
MO,1998,5437562,U.S. Census Bureau Population Estimates,https://www.census.gov/programs-surveys/popest/data.html
MO,1999,5561948,U.S. Census Bureau Population Estimates,https://www.census.gov/programs-surveys/popest/data.html
MO,2000,5607285,U.S. Census Bureau Population Estimates,https://www.census.gov/programs-surveys/popest/data.html
MO,2001,5641142,U.S. Census Bureau Population Estimates,https://www.census.gov/programs-surveys/popest/data.html
MO,2002,5674825,U.S. Census Bureau Population Estimates,https://www.census.gov/programs-surveys/popest/data.html
MO,2003,5709403,U.S. Census Bureau Population Estimates,https://www.census.gov/programs-surveys/popest/data.html
MO,2004,5747741,U.S. Census Bureau Population Estimates,https://www.census.gov/programs-surveys/popest/data.html
MO,2005,5790300,U.S. Census Bureau Population Estimates,https://www.census.gov/programs-surveys/popest/data.html
MO,2006,5842704,U.S. Census Bureau Population Estimates,https://www.census.gov/programs-surveys/popest/data.html
MO,2007,5887612,U.S. Census Bureau Population Estimates,https://www.census.gov/programs-surveys/popest/data.html
MO,2008,5923916,U.S. Census Bureau Population Estimates,https://www.census.gov/programs-surveys/popest/data.html
MO,2009,5961088,U.S. Census Bureau Population Estimates,https://www.census.gov/programs-surveys/popest/data.html
MO,2010,5996075,U.S. Census Bureau Population Estimates,https://www.census.gov/programs-surveys/popest/data.html
MO,2011,6011385,U.S. Census Bureau Population Estimates,https://www.census.gov/programs-surveys/popest/data.html
MO,2012,6026370,U.S. Census Bureau Population Estimates,https://www.census.gov/programs-surveys/popest/data.html
MO,2013,6043500,U.S. Census Bureau Population Estimates,https://www.census.gov/programs-surveys/popest/data.html
MO,2014,6059813,U.S. Census Bureau Population Estimates,https://www.census.gov/programs-surveys/popest/data.html
MO,2015,6076489,U.S. Census Bureau Population Estimates,https://www.census.gov/programs-surveys/popest/data.html
MO,2016,6092745,U.S. Census Bureau Population Estimates,https://www.census.gov/programs-surveys/popest/data.html
MO,2017,6112839,U.S. Census Bureau Population Estimates,https://www.census.gov/programs-surveys/popest/data.html
MO,2018,6127896,U.S. Census Bureau Population Estimates,https://www.census.gov/programs-surveys/popest/data.html
MO,2019,6142973,U.S. Census Bureau Population Estimates,https://www.census.gov/programs-surveys/popest/data.html
MO,2020,6155074,U.S. Census Bureau Vintage 2025 Population Estimates,https://www2.census.gov/programs-surveys/popest/datasets/2020-2025/state/totals/NST-EST2025-ALLDATA.csv
MO,2021,6172551,U.S. Census Bureau Vintage 2025 Population Estimates,https://www2.census.gov/programs-surveys/popest/datasets/2020-2025/state/totals/NST-EST2025-ALLDATA.csv
MO,2022,6179285,U.S. Census Bureau Vintage 2025 Population Estimates,https://www2.census.gov/programs-surveys/popest/datasets/2020-2025/state/totals/NST-EST2025-ALLDATA.csv
MO,2023,6205956,U.S. Census Bureau Vintage 2025 Population Estimates,https://www2.census.gov/programs-surveys/popest/datasets/2020-2025/state/totals/NST-EST2025-ALLDATA.csv
MO,2024,6243544,U.S. Census Bureau Vintage 2025 Population Estimates,https://www2.census.gov/programs-surveys/popest/datasets/2020-2025/state/totals/NST-EST2025-ALLDATA.csv
MS,1991,2591230,U.S. Census Bureau Population Estimates,https://www.census.gov/programs-surveys/popest/data.html
MS,1992,2610193,U.S. Census Bureau Population Estimates,https://www.census.gov/programs-surveys/popest/data.html
MS,1993,2635574,U.S. Census Bureau Population Estimates,https://www.census.gov/programs-surveys/popest/data.html
MS,1994,2663450,U.S. Census Bureau Population Estimates,https://www.census.gov/programs-surveys/popest/data.html
MS,1995,2690788,U.S. Census Bureau Population Estimates,https://www.census.gov/programs-surveys/popest/data.html
MS,1996,2709925,U.S. Census Bureau Population Estimates,https://www.census.gov/programs-surveys/popest/data.html
MS,1997,2731826,U.S. Census Bureau Population Estimates,https://www.census.gov/programs-surveys/popest/data.html
MS,1998,2751335,U.S. Census Bureau Population Estimates,https://www.census.gov/programs-surveys/popest/data.html
MS,1999,2828408,U.S. Census Bureau Population Estimates,https://www.census.gov/programs-surveys/popest/data.html
MS,2000,2848353,U.S. Census Bureau Population Estimates,https://www.census.gov/programs-surveys/popest/data.html
MS,2001,2852994,U.S. Census Bureau Population Estimates,https://www.census.gov/programs-surveys/popest/data.html
MS,2002,2858681,U.S. Census Bureau Population Estimates,https://www.census.gov/programs-surveys/popest/data.html
MS,2003,2868312,U.S. Census Bureau Population Estimates,https://www.census.gov/programs-surveys/popest/data.html
MS,2004,2889010,U.S. Census Bureau Population Estimates,https://www.census.gov/programs-surveys/popest/data.html
MS,2005,2876229,U.S. Census Bureau Population Estimates,https://www.census.gov/programs-surveys/popest/data.html
MS,2006,2904978,U.S. Census Bureau Population Estimates,https://www.census.gov/programs-surveys/popest/data.html
MS,2007,2928350,U.S. Census Bureau Population Estimates,https://www.census.gov/programs-surveys/popest/data.html
MS,2008,2947806,U.S. Census Bureau Population Estimates,https://www.census.gov/programs-surveys/popest/data.html
MS,2009,2958774,U.S. Census Bureau Population Estimates,https://www.census.gov/programs-surveys/popest/data.html
MS,2010,2970386,U.S. Census Bureau Population Estimates,https://www.census.gov/programs-surveys/popest/data.html
MS,2011,2977883,U.S. Census Bureau Population Estimates,https://www.census.gov/programs-surveys/popest/data.html
MS,2012,2982264,U.S. Census Bureau Population Estimates,https://www.census.gov/programs-surveys/popest/data.html
MS,2013,2986490,U.S. Census Bureau Population Estimates,https://www.census.gov/programs-surveys/popest/data.html
MS,2014,2987502,U.S. Census Bureau Population Estimates,https://www.census.gov/programs-surveys/popest/data.html
MS,2015,2984910,U.S. Census Bureau Population Estimates,https://www.census.gov/programs-surveys/popest/data.html
MS,2016,2984234,U.S. Census Bureau Population Estimates,https://www.census.gov/programs-surveys/popest/data.html
MS,2017,2983168,U.S. Census Bureau Population Estimates,https://www.census.gov/programs-surveys/popest/data.html
MS,2018,2974452,U.S. Census Bureau Population Estimates,https://www.census.gov/programs-surveys/popest/data.html
MS,2019,2968793,U.S. Census Bureau Population Estimates,https://www.census.gov/programs-surveys/popest/data.html
MS,2020,2958385,U.S. Census Bureau Vintage 2025 Population Estimates,https://www2.census.gov/programs-surveys/popest/datasets/2020-2025/state/totals/NST-EST2025-ALLDATA.csv
MS,2021,2947603,U.S. Census Bureau Vintage 2025 Population Estimates,https://www2.census.gov/programs-surveys/popest/datasets/2020-2025/state/totals/NST-EST2025-ALLDATA.csv
MS,2022,2941237,U.S. Census Bureau Vintage 2025 Population Estimates,https://www2.census.gov/programs-surveys/popest/datasets/2020-2025/state/totals/NST-EST2025-ALLDATA.csv
MS,2023,2942470,U.S. Census Bureau Vintage 2025 Population Estimates,https://www2.census.gov/programs-surveys/popest/datasets/2020-2025/state/totals/NST-EST2025-ALLDATA.csv
MS,2024,2950172,U.S. Census Bureau Vintage 2025 Population Estimates,https://www2.census.gov/programs-surveys/popest/datasets/2020-2025/state/totals/NST-EST2025-ALLDATA.csv
MT,1991,807837,U.S. Census Bureau Population Estimates,https://www.census.gov/programs-surveys/popest/data.html
MT,1992,822436,U.S. Census Bureau Population Estimates,https://www.census.gov/programs-surveys/popest/data.html
MT,1993,839876,U.S. Census Bureau Population Estimates,https://www.census.gov/programs-surveys/popest/data.html
MT,1994,854923,U.S. Census Bureau Population Estimates,https://www.census.gov/programs-surveys/popest/data.html
MT,1995,868522,U.S. Census Bureau Population Estimates,https://www.census.gov/programs-surveys/popest/data.html
MT,1996,876656,U.S. Census Bureau Population Estimates,https://www.census.gov/programs-surveys/popest/data.html
MT,1997,878706,U.S. Census Bureau Population Estimates,https://www.census.gov/programs-surveys/popest/data.html
MT,1998,879533,U.S. Census Bureau Population Estimates,https://www.census.gov/programs-surveys/popest/data.html
MT,1999,897507,U.S. Census Bureau Population Estimates,https://www.census.gov/programs-surveys/popest/data.html
MT,2000,903773,U.S. Census Bureau Population Estimates,https://www.census.gov/programs-surveys/popest/data.html
MT,2001,906961,U.S. Census Bureau Population Estimates,https://www.census.gov/programs-surveys/popest/data.html
MT,2002,911667,U.S. Census Bureau Population Estimates,https://www.census.gov/programs-surveys/popest/data.html
MT,2003,919630,U.S. Census Bureau Population Estimates,https://www.census.gov/programs-surveys/popest/data.html
MT,2004,930009,U.S. Census Bureau Population Estimates,https://www.census.gov/programs-surveys/popest/data.html
MT,2005,940102,U.S. Census Bureau Population Estimates,https://www.census.gov/programs-surveys/popest/data.html
MT,2006,952692,U.S. Census Bureau Population Estimates,https://www.census.gov/programs-surveys/popest/data.html
MT,2007,964706,U.S. Census Bureau Population Estimates,https://www.census.gov/programs-surveys/popest/data.html
MT,2008,976415,U.S. Census Bureau Population Estimates,https://www.census.gov/programs-surveys/popest/data.html
MT,2009,983982,U.S. Census Bureau Population Estimates,https://www.census.gov/programs-surveys/popest/data.html
MT,2010,990861,U.S. Census Bureau Population Estimates,https://www.census.gov/programs-surveys/popest/data.html
MT,2011,998220,U.S. Census Bureau Population Estimates,https://www.census.gov/programs-surveys/popest/data.html
MT,2012,1005426,U.S. Census Bureau Population Estimates,https://www.census.gov/programs-surveys/popest/data.html
MT,2013,1015991,U.S. Census Bureau Population Estimates,https://www.census.gov/programs-surveys/popest/data.html
MT,2014,1025081,U.S. Census Bureau Population Estimates,https://www.census.gov/programs-surveys/popest/data.html
MT,2015,1034528,U.S. Census Bureau Population Estimates,https://www.census.gov/programs-surveys/popest/data.html
MT,2016,1045727,U.S. Census Bureau Population Estimates,https://www.census.gov/programs-surveys/popest/data.html
MT,2017,1058003,U.S. Census Bureau Population Estimates,https://www.census.gov/programs-surveys/popest/data.html
MT,2018,1066555,U.S. Census Bureau Population Estimates,https://www.census.gov/programs-surveys/popest/data.html
MT,2019,1075481,U.S. Census Bureau Population Estimates,https://www.census.gov/programs-surveys/popest/data.html
MT,2020,1087156,U.S. Census Bureau Vintage 2025 Population Estimates,https://www2.census.gov/programs-surveys/popest/datasets/2020-2025/state/totals/NST-EST2025-ALLDATA.csv
MT,2021,1106416,U.S. Census Bureau Vintage 2025 Population Estimates,https://www2.census.gov/programs-surveys/popest/datasets/2020-2025/state/totals/NST-EST2025-ALLDATA.csv
MT,2022,1121533,U.S. Census Bureau Vintage 2025 Population Estimates,https://www2.census.gov/programs-surveys/popest/datasets/2020-2025/state/totals/NST-EST2025-ALLDATA.csv
MT,2023,1130612,U.S. Census Bureau Vintage 2025 Population Estimates,https://www2.census.gov/programs-surveys/popest/datasets/2020-2025/state/totals/NST-EST2025-ALLDATA.csv
MT,2024,1137557,U.S. Census Bureau Vintage 2025 Population Estimates,https://www2.census.gov/programs-surveys/popest/datasets/2020-2025/state/totals/NST-EST2025-ALLDATA.csv
NC,1991,6748135,U.S. Census Bureau Population Estimates,https://www.census.gov/programs-surveys/popest/data.html
NC,1992,6831850,U.S. Census Bureau Population Estimates,https://www.census.gov/programs-surveys/popest/data.html
NC,1993,6947412,U.S. Census Bureau Population Estimates,https://www.census.gov/programs-surveys/popest/data.html
NC,1994,7060959,U.S. Census Bureau Population Estimates,https://www.census.gov/programs-surveys/popest/data.html
NC,1995,7185403,U.S. Census Bureau Population Estimates,https://www.census.gov/programs-surveys/popest/data.html
NC,1996,7307658,U.S. Census Bureau Population Estimates,https://www.census.gov/programs-surveys/popest/data.html
NC,1997,7428672,U.S. Census Bureau Population Estimates,https://www.census.gov/programs-surveys/popest/data.html
NC,1998,7545828,U.S. Census Bureau Population Estimates,https://www.census.gov/programs-surveys/popest/data.html
NC,1999,7949361,U.S. Census Bureau Population Estimates,https://www.census.gov/programs-surveys/popest/data.html
NC,2000,8081614,U.S. Census Bureau Population Estimates,https://www.census.gov/programs-surveys/popest/data.html
NC,2001,8210122,U.S. Census Bureau Population Estimates,https://www.census.gov/programs-surveys/popest/data.html
NC,2002,8326201,U.S. Census Bureau Population Estimates,https://www.census.gov/programs-surveys/popest/data.html
NC,2003,8422501,U.S. Census Bureau Population Estimates,https://www.census.gov/programs-surveys/popest/data.html
NC,2004,8553152,U.S. Census Bureau Population Estimates,https://www.census.gov/programs-surveys/popest/data.html
NC,2005,8705407,U.S. Census Bureau Population Estimates,https://www.census.gov/programs-surveys/popest/data.html
NC,2006,8917270,U.S. Census Bureau Population Estimates,https://www.census.gov/programs-surveys/popest/data.html
NC,2007,9118037,U.S. Census Bureau Population Estimates,https://www.census.gov/programs-surveys/popest/data.html
NC,2008,9309449,U.S. Census Bureau Population Estimates,https://www.census.gov/programs-surveys/popest/data.html
NC,2009,9449566,U.S. Census Bureau Population Estimates,https://www.census.gov/programs-surveys/popest/data.html
NC,2010,9571153,U.S. Census Bureau Population Estimates,https://www.census.gov/programs-surveys/popest/data.html
NC,2011,9641552,U.S. Census Bureau Population Estimates,https://www.census.gov/programs-surveys/popest/data.html
NC,2012,9720281,U.S. Census Bureau Population Estimates,https://www.census.gov/programs-surveys/popest/data.html
NC,2013,9801013,U.S. Census Bureau Population Estimates,https://www.census.gov/programs-surveys/popest/data.html
NC,2014,9877294,U.S. Census Bureau Population Estimates,https://www.census.gov/programs-surveys/popest/data.html
NC,2015,9963146,U.S. Census Bureau Population Estimates,https://www.census.gov/programs-surveys/popest/data.html
NC,2016,10073313,U.S. Census Bureau Population Estimates,https://www.census.gov/programs-surveys/popest/data.html
NC,2017,10172520,U.S. Census Bureau Population Estimates,https://www.census.gov/programs-surveys/popest/data.html
NC,2018,10273606,U.S. Census Bureau Population Estimates,https://www.census.gov/programs-surveys/popest/data.html
NC,2019,10369571,U.S. Census Bureau Population Estimates,https://www.census.gov/programs-surveys/popest/data.html
NC,2020,10450215,U.S. Census Bureau Vintage 2025 Population Estimates,https://www2.census.gov/programs-surveys/popest/datasets/2020-2025/state/totals/NST-EST2025-ALLDATA.csv
NC,2021,10565503,U.S. Census Bureau Vintage 2025 Population Estimates,https://www2.census.gov/programs-surveys/popest/datasets/2020-2025/state/totals/NST-EST2025-ALLDATA.csv
NC,2022,10705768,U.S. Census Bureau Vintage 2025 Population Estimates,https://www2.census.gov/programs-surveys/popest/datasets/2020-2025/state/totals/NST-EST2025-ALLDATA.csv
NC,2023,10871849,U.S. Census Bureau Vintage 2025 Population Estimates,https://www2.census.gov/programs-surveys/popest/datasets/2020-2025/state/totals/NST-EST2025-ALLDATA.csv
NC,2024,11052061,U.S. Census Bureau Vintage 2025 Population Estimates,https://www2.census.gov/programs-surveys/popest/datasets/2020-2025/state/totals/NST-EST2025-ALLDATA.csv
ND,1991,634199,U.S. Census Bureau Population Estimates,https://www.census.gov/programs-surveys/popest/data.html
ND,1992,635427,U.S. Census Bureau Population Estimates,https://www.census.gov/programs-surveys/popest/data.html
ND,1993,637229,U.S. Census Bureau Population Estimates,https://www.census.gov/programs-surveys/popest/data.html
ND,1994,639762,U.S. Census Bureau Population Estimates,https://www.census.gov/programs-surveys/popest/data.html
ND,1995,641548,U.S. Census Bureau Population Estimates,https://www.census.gov/programs-surveys/popest/data.html
ND,1996,642858,U.S. Census Bureau Population Estimates,https://www.census.gov/programs-surveys/popest/data.html
ND,1997,640945,U.S. Census Bureau Population Estimates,https://www.census.gov/programs-surveys/popest/data.html
ND,1998,637808,U.S. Census Bureau Population Estimates,https://www.census.gov/programs-surveys/popest/data.html
ND,1999,644259,U.S. Census Bureau Population Estimates,https://www.census.gov/programs-surveys/popest/data.html
ND,2000,642023,U.S. Census Bureau Population Estimates,https://www.census.gov/programs-surveys/popest/data.html
ND,2001,639062,U.S. Census Bureau Population Estimates,https://www.census.gov/programs-surveys/popest/data.html
ND,2002,638168,U.S. Census Bureau Population Estimates,https://www.census.gov/programs-surveys/popest/data.html
ND,2003,638817,U.S. Census Bureau Population Estimates,https://www.census.gov/programs-surveys/popest/data.html
ND,2004,644705,U.S. Census Bureau Population Estimates,https://www.census.gov/programs-surveys/popest/data.html
ND,2005,646089,U.S. Census Bureau Population Estimates,https://www.census.gov/programs-surveys/popest/data.html
ND,2006,649422,U.S. Census Bureau Population Estimates,https://www.census.gov/programs-surveys/popest/data.html
ND,2007,652822,U.S. Census Bureau Population Estimates,https://www.census.gov/programs-surveys/popest/data.html
ND,2008,657569,U.S. Census Bureau Population Estimates,https://www.census.gov/programs-surveys/popest/data.html
ND,2009,664968,U.S. Census Bureau Population Estimates,https://www.census.gov/programs-surveys/popest/data.html
ND,2010,675055,U.S. Census Bureau Population Estimates,https://www.census.gov/programs-surveys/popest/data.html
ND,2011,687065,U.S. Census Bureau Population Estimates,https://www.census.gov/programs-surveys/popest/data.html
ND,2012,704991,U.S. Census Bureau Population Estimates,https://www.census.gov/programs-surveys/popest/data.html
ND,2013,727281,U.S. Census Bureau Population Estimates,https://www.census.gov/programs-surveys/popest/data.html
ND,2014,744266,U.S. Census Bureau Population Estimates,https://www.census.gov/programs-surveys/popest/data.html
ND,2015,762592,U.S. Census Bureau Population Estimates,https://www.census.gov/programs-surveys/popest/data.html
ND,2016,764504,U.S. Census Bureau Population Estimates,https://www.census.gov/programs-surveys/popest/data.html
ND,2017,766451,U.S. Census Bureau Population Estimates,https://www.census.gov/programs-surveys/popest/data.html
ND,2018,771255,U.S. Census Bureau Population Estimates,https://www.census.gov/programs-surveys/popest/data.html
ND,2019,776405,U.S. Census Bureau Population Estimates,https://www.census.gov/programs-surveys/popest/data.html
ND,2020,779612,U.S. Census Bureau Vintage 2025 Population Estimates,https://www2.census.gov/programs-surveys/popest/datasets/2020-2025/state/totals/NST-EST2025-ALLDATA.csv
ND,2021,777977,U.S. Census Bureau Vintage 2025 Population Estimates,https://www2.census.gov/programs-surveys/popest/datasets/2020-2025/state/totals/NST-EST2025-ALLDATA.csv
ND,2022,780191,U.S. Census Bureau Vintage 2025 Population Estimates,https://www2.census.gov/programs-surveys/popest/datasets/2020-2025/state/totals/NST-EST2025-ALLDATA.csv
ND,2023,787071,U.S. Census Bureau Vintage 2025 Population Estimates,https://www2.census.gov/programs-surveys/popest/datasets/2020-2025/state/totals/NST-EST2025-ALLDATA.csv
ND,2024,793387,U.S. Census Bureau Vintage 2025 Population Estimates,https://www2.census.gov/programs-surveys/popest/datasets/2020-2025/state/totals/NST-EST2025-ALLDATA.csv
NE,1991,1590805,U.S. Census Bureau Population Estimates,https://www.census.gov/programs-surveys/popest/data.html
NE,1992,1602406,U.S. Census Bureau Population Estimates,https://www.census.gov/programs-surveys/popest/data.html
NE,1993,1612149,U.S. Census Bureau Population Estimates,https://www.census.gov/programs-surveys/popest/data.html
NE,1994,1621551,U.S. Census Bureau Population Estimates,https://www.census.gov/programs-surveys/popest/data.html
NE,1995,1635142,U.S. Census Bureau Population Estimates,https://www.census.gov/programs-surveys/popest/data.html
NE,1996,1647657,U.S. Census Bureau Population Estimates,https://www.census.gov/programs-surveys/popest/data.html
NE,1997,1656042,U.S. Census Bureau Population Estimates,https://www.census.gov/programs-surveys/popest/data.html
NE,1998,1660772,U.S. Census Bureau Population Estimates,https://www.census.gov/programs-surveys/popest/data.html
NE,1999,1704764,U.S. Census Bureau Population Estimates,https://www.census.gov/programs-surveys/popest/data.html
NE,2000,1713820,U.S. Census Bureau Population Estimates,https://www.census.gov/programs-surveys/popest/data.html
NE,2001,1719836,U.S. Census Bureau Population Estimates,https://www.census.gov/programs-surveys/popest/data.html
NE,2002,1728292,U.S. Census Bureau Population Estimates,https://www.census.gov/programs-surveys/popest/data.html
NE,2003,1738643,U.S. Census Bureau Population Estimates,https://www.census.gov/programs-surveys/popest/data.html
NE,2004,1749370,U.S. Census Bureau Population Estimates,https://www.census.gov/programs-surveys/popest/data.html
NE,2005,1761497,U.S. Census Bureau Population Estimates,https://www.census.gov/programs-surveys/popest/data.html
NE,2006,1772693,U.S. Census Bureau Population Estimates,https://www.census.gov/programs-surveys/popest/data.html
NE,2007,1783440,U.S. Census Bureau Population Estimates,https://www.census.gov/programs-surveys/popest/data.html
NE,2008,1796378,U.S. Census Bureau Population Estimates,https://www.census.gov/programs-surveys/popest/data.html
NE,2009,1812683,U.S. Census Bureau Population Estimates,https://www.census.gov/programs-surveys/popest/data.html
NE,2010,1830096,U.S. Census Bureau Population Estimates,https://www.census.gov/programs-surveys/popest/data.html
NE,2011,1843809,U.S. Census Bureau Population Estimates,https://www.census.gov/programs-surveys/popest/data.html
NE,2012,1858946,U.S. Census Bureau Population Estimates,https://www.census.gov/programs-surveys/popest/data.html
NE,2013,1873456,U.S. Census Bureau Population Estimates,https://www.census.gov/programs-surveys/popest/data.html
NE,2014,1890016,U.S. Census Bureau Population Estimates,https://www.census.gov/programs-surveys/popest/data.html
NE,2015,1904597,U.S. Census Bureau Population Estimates,https://www.census.gov/programs-surveys/popest/data.html
NE,2016,1921525,U.S. Census Bureau Population Estimates,https://www.census.gov/programs-surveys/popest/data.html
NE,2017,1934506,U.S. Census Bureau Population Estimates,https://www.census.gov/programs-surveys/popest/data.html
NE,2018,1945600,U.S. Census Bureau Population Estimates,https://www.census.gov/programs-surveys/popest/data.html
NE,2019,1955249,U.S. Census Bureau Population Estimates,https://www.census.gov/programs-surveys/popest/data.html
NE,2020,1963318,U.S. Census Bureau Vintage 2025 Population Estimates,https://www2.census.gov/programs-surveys/popest/datasets/2020-2025/state/totals/NST-EST2025-ALLDATA.csv
NE,2021,1964697,U.S. Census Bureau Vintage 2025 Population Estimates,https://www2.census.gov/programs-surveys/popest/datasets/2020-2025/state/totals/NST-EST2025-ALLDATA.csv
NE,2022,1972595,U.S. Census Bureau Vintage 2025 Population Estimates,https://www2.census.gov/programs-surveys/popest/datasets/2020-2025/state/totals/NST-EST2025-ALLDATA.csv
NE,2023,1988172,U.S. Census Bureau Vintage 2025 Population Estimates,https://www2.census.gov/programs-surveys/popest/datasets/2020-2025/state/totals/NST-EST2025-ALLDATA.csv
NE,2024,2005591,U.S. Census Bureau Vintage 2025 Population Estimates,https://www2.census.gov/programs-surveys/popest/datasets/2020-2025/state/totals/NST-EST2025-ALLDATA.csv
NH,1991,1107055,U.S. Census Bureau Population Estimates,https://www.census.gov/programs-surveys/popest/data.html
NH,1992,1112766,U.S. Census Bureau Population Estimates,https://www.census.gov/programs-surveys/popest/data.html
NH,1993,1122191,U.S. Census Bureau Population Estimates,https://www.census.gov/programs-surveys/popest/data.html
NH,1994,1133054,U.S. Census Bureau Population Estimates,https://www.census.gov/programs-surveys/popest/data.html
NH,1995,1145604,U.S. Census Bureau Population Estimates,https://www.census.gov/programs-surveys/popest/data.html
NH,1996,1160768,U.S. Census Bureau Population Estimates,https://www.census.gov/programs-surveys/popest/data.html
NH,1997,1173239,U.S. Census Bureau Population Estimates,https://www.census.gov/programs-surveys/popest/data.html
NH,1998,1185823,U.S. Census Bureau Population Estimates,https://www.census.gov/programs-surveys/popest/data.html
NH,1999,1222014,U.S. Census Bureau Population Estimates,https://www.census.gov/programs-surveys/popest/data.html
NH,2000,1239882,U.S. Census Bureau Population Estimates,https://www.census.gov/programs-surveys/popest/data.html
NH,2001,1255517,U.S. Census Bureau Population Estimates,https://www.census.gov/programs-surveys/popest/data.html
NH,2002,1269089,U.S. Census Bureau Population Estimates,https://www.census.gov/programs-surveys/popest/data.html
NH,2003,1279840,U.S. Census Bureau Population Estimates,https://www.census.gov/programs-surveys/popest/data.html
NH,2004,1290121,U.S. Census Bureau Population Estimates,https://www.census.gov/programs-surveys/popest/data.html
NH,2005,1298492,U.S. Census Bureau Population Estimates,https://www.census.gov/programs-surveys/popest/data.html
NH,2006,1308389,U.S. Census Bureau Population Estimates,https://www.census.gov/programs-surveys/popest/data.html
NH,2007,1312540,U.S. Census Bureau Population Estimates,https://www.census.gov/programs-surveys/popest/data.html
NH,2008,1315906,U.S. Census Bureau Population Estimates,https://www.census.gov/programs-surveys/popest/data.html
NH,2009,1316102,U.S. Census Bureau Population Estimates,https://www.census.gov/programs-surveys/popest/data.html
NH,2010,1317112,U.S. Census Bureau Population Estimates,https://www.census.gov/programs-surveys/popest/data.html
NH,2011,1321923,U.S. Census Bureau Population Estimates,https://www.census.gov/programs-surveys/popest/data.html
NH,2012,1327320,U.S. Census Bureau Population Estimates,https://www.census.gov/programs-surveys/popest/data.html
NH,2013,1331094,U.S. Census Bureau Population Estimates,https://www.census.gov/programs-surveys/popest/data.html
NH,2014,1339242,U.S. Census Bureau Population Estimates,https://www.census.gov/programs-surveys/popest/data.html
NH,2015,1343657,U.S. Census Bureau Population Estimates,https://www.census.gov/programs-surveys/popest/data.html
NH,2016,1351057,U.S. Census Bureau Population Estimates,https://www.census.gov/programs-surveys/popest/data.html
NH,2017,1358905,U.S. Census Bureau Population Estimates,https://www.census.gov/programs-surveys/popest/data.html
NH,2018,1364796,U.S. Census Bureau Population Estimates,https://www.census.gov/programs-surveys/popest/data.html
NH,2019,1371767,U.S. Census Bureau Population Estimates,https://www.census.gov/programs-surveys/popest/data.html
NH,2020,1378752,U.S. Census Bureau Vintage 2025 Population Estimates,https://www2.census.gov/programs-surveys/popest/datasets/2020-2025/state/totals/NST-EST2025-ALLDATA.csv
NH,2021,1387907,U.S. Census Bureau Vintage 2025 Population Estimates,https://www2.census.gov/programs-surveys/popest/datasets/2020-2025/state/totals/NST-EST2025-ALLDATA.csv
NH,2022,1396647,U.S. Census Bureau Vintage 2025 Population Estimates,https://www2.census.gov/programs-surveys/popest/datasets/2020-2025/state/totals/NST-EST2025-ALLDATA.csv
NH,2023,1401530,U.S. Census Bureau Vintage 2025 Population Estimates,https://www2.census.gov/programs-surveys/popest/datasets/2020-2025/state/totals/NST-EST2025-ALLDATA.csv
NH,2024,1408518,U.S. Census Bureau Vintage 2025 Population Estimates,https://www2.census.gov/programs-surveys/popest/datasets/2020-2025/state/totals/NST-EST2025-ALLDATA.csv
NJ,1991,7784269,U.S. Census Bureau Population Estimates,https://www.census.gov/programs-surveys/popest/data.html
NJ,1992,7827770,U.S. Census Bureau Population Estimates,https://www.census.gov/programs-surveys/popest/data.html
NJ,1993,7874891,U.S. Census Bureau Population Estimates,https://www.census.gov/programs-surveys/popest/data.html
NJ,1994,7918796,U.S. Census Bureau Population Estimates,https://www.census.gov/programs-surveys/popest/data.html
NJ,1995,7965523,U.S. Census Bureau Population Estimates,https://www.census.gov/programs-surveys/popest/data.html
NJ,1996,8009624,U.S. Census Bureau Population Estimates,https://www.census.gov/programs-surveys/popest/data.html
NJ,1997,8054178,U.S. Census Bureau Population Estimates,https://www.census.gov/programs-surveys/popest/data.html
NJ,1998,8095542,U.S. Census Bureau Population Estimates,https://www.census.gov/programs-surveys/popest/data.html
NJ,1999,8359592,U.S. Census Bureau Population Estimates,https://www.census.gov/programs-surveys/popest/data.html
NJ,2000,8430621,U.S. Census Bureau Population Estimates,https://www.census.gov/programs-surveys/popest/data.html
NJ,2001,8492671,U.S. Census Bureau Population Estimates,https://www.census.gov/programs-surveys/popest/data.html
NJ,2002,8552643,U.S. Census Bureau Population Estimates,https://www.census.gov/programs-surveys/popest/data.html
NJ,2003,8601402,U.S. Census Bureau Population Estimates,https://www.census.gov/programs-surveys/popest/data.html
NJ,2004,8634561,U.S. Census Bureau Population Estimates,https://www.census.gov/programs-surveys/popest/data.html
NJ,2005,8651974,U.S. Census Bureau Population Estimates,https://www.census.gov/programs-surveys/popest/data.html
NJ,2006,8661679,U.S. Census Bureau Population Estimates,https://www.census.gov/programs-surveys/popest/data.html
NJ,2007,8677885,U.S. Census Bureau Population Estimates,https://www.census.gov/programs-surveys/popest/data.html
NJ,2008,8711090,U.S. Census Bureau Population Estimates,https://www.census.gov/programs-surveys/popest/data.html
NJ,2009,8755602,U.S. Census Bureau Population Estimates,https://www.census.gov/programs-surveys/popest/data.html
NJ,2010,8809045,U.S. Census Bureau Population Estimates,https://www.census.gov/programs-surveys/popest/data.html
NJ,2011,8876964,U.S. Census Bureau Population Estimates,https://www.census.gov/programs-surveys/popest/data.html
NJ,2012,8933208,U.S. Census Bureau Population Estimates,https://www.census.gov/programs-surveys/popest/data.html
NJ,2013,8984609,U.S. Census Bureau Population Estimates,https://www.census.gov/programs-surveys/popest/data.html
NJ,2014,9033498,U.S. Census Bureau Population Estimates,https://www.census.gov/programs-surveys/popest/data.html
NJ,2015,9076274,U.S. Census Bureau Population Estimates,https://www.census.gov/programs-surveys/popest/data.html
NJ,2016,9119520,U.S. Census Bureau Population Estimates,https://www.census.gov/programs-surveys/popest/data.html
NJ,2017,9174261,U.S. Census Bureau Population Estimates,https://www.census.gov/programs-surveys/popest/data.html
NJ,2018,9218288,U.S. Census Bureau Population Estimates,https://www.census.gov/programs-surveys/popest/data.html
NJ,2019,9258445,U.S. Census Bureau Population Estimates,https://www.census.gov/programs-surveys/popest/data.html
NJ,2020,9270476,U.S. Census Bureau Vintage 2025 Population Estimates,https://www2.census.gov/programs-surveys/popest/datasets/2020-2025/state/totals/NST-EST2025-ALLDATA.csv
NJ,2021,9266509,U.S. Census Bureau Vintage 2025 Population Estimates,https://www2.census.gov/programs-surveys/popest/datasets/2020-2025/state/totals/NST-EST2025-ALLDATA.csv
NJ,2022,9298402,U.S. Census Bureau Vintage 2025 Population Estimates,https://www2.census.gov/programs-surveys/popest/datasets/2020-2025/state/totals/NST-EST2025-ALLDATA.csv
NJ,2023,9395315,U.S. Census Bureau Vintage 2025 Population Estimates,https://www2.census.gov/programs-surveys/popest/datasets/2020-2025/state/totals/NST-EST2025-ALLDATA.csv
NJ,2024,9506354,U.S. Census Bureau Vintage 2025 Population Estimates,https://www2.census.gov/programs-surveys/popest/datasets/2020-2025/state/totals/NST-EST2025-ALLDATA.csv
NM,1991,1547115,U.S. Census Bureau Population Estimates,https://www.census.gov/programs-surveys/popest/data.html
NM,1992,1580750,U.S. Census Bureau Population Estimates,https://www.census.gov/programs-surveys/popest/data.html
NM,1993,1614937,U.S. Census Bureau Population Estimates,https://www.census.gov/programs-surveys/popest/data.html
NM,1994,1653329,U.S. Census Bureau Population Estimates,https://www.census.gov/programs-surveys/popest/data.html
NM,1995,1682417,U.S. Census Bureau Population Estimates,https://www.census.gov/programs-surveys/popest/data.html
NM,1996,1706151,U.S. Census Bureau Population Estimates,https://www.census.gov/programs-surveys/popest/data.html
NM,1997,1722939,U.S. Census Bureau Population Estimates,https://www.census.gov/programs-surveys/popest/data.html
NM,1998,1733535,U.S. Census Bureau Population Estimates,https://www.census.gov/programs-surveys/popest/data.html
NM,1999,1808082,U.S. Census Bureau Population Estimates,https://www.census.gov/programs-surveys/popest/data.html
NM,2000,1821204,U.S. Census Bureau Population Estimates,https://www.census.gov/programs-surveys/popest/data.html
NM,2001,1831690,U.S. Census Bureau Population Estimates,https://www.census.gov/programs-surveys/popest/data.html
NM,2002,1855309,U.S. Census Bureau Population Estimates,https://www.census.gov/programs-surveys/popest/data.html
NM,2003,1877574,U.S. Census Bureau Population Estimates,https://www.census.gov/programs-surveys/popest/data.html
NM,2004,1903808,U.S. Census Bureau Population Estimates,https://www.census.gov/programs-surveys/popest/data.html
NM,2005,1932274,U.S. Census Bureau Population Estimates,https://www.census.gov/programs-surveys/popest/data.html
NM,2006,1962137,U.S. Census Bureau Population Estimates,https://www.census.gov/programs-surveys/popest/data.html
NM,2007,1990070,U.S. Census Bureau Population Estimates,https://www.census.gov/programs-surveys/popest/data.html
NM,2008,2010662,U.S. Census Bureau Population Estimates,https://www.census.gov/programs-surveys/popest/data.html
NM,2009,2036802,U.S. Census Bureau Population Estimates,https://www.census.gov/programs-surveys/popest/data.html
NM,2010,2064924,U.S. Census Bureau Population Estimates,https://www.census.gov/programs-surveys/popest/data.html
NM,2011,2082198,U.S. Census Bureau Population Estimates,https://www.census.gov/programs-surveys/popest/data.html
NM,2012,2090361,U.S. Census Bureau Population Estimates,https://www.census.gov/programs-surveys/popest/data.html
NM,2013,2096634,U.S. Census Bureau Population Estimates,https://www.census.gov/programs-surveys/popest/data.html
NM,2014,2095174,U.S. Census Bureau Population Estimates,https://www.census.gov/programs-surveys/popest/data.html
NM,2015,2096206,U.S. Census Bureau Population Estimates,https://www.census.gov/programs-surveys/popest/data.html
NM,2016,2099775,U.S. Census Bureau Population Estimates,https://www.census.gov/programs-surveys/popest/data.html
NM,2017,2100989,U.S. Census Bureau Population Estimates,https://www.census.gov/programs-surveys/popest/data.html
NM,2018,2103024,U.S. Census Bureau Population Estimates,https://www.census.gov/programs-surveys/popest/data.html
NM,2019,2110087,U.S. Census Bureau Population Estimates,https://www.census.gov/programs-surveys/popest/data.html
NM,2020,2118446,U.S. Census Bureau Vintage 2025 Population Estimates,https://www2.census.gov/programs-surveys/popest/datasets/2020-2025/state/totals/NST-EST2025-ALLDATA.csv
NM,2021,2117300,U.S. Census Bureau Vintage 2025 Population Estimates,https://www2.census.gov/programs-surveys/popest/datasets/2020-2025/state/totals/NST-EST2025-ALLDATA.csv
NM,2022,2112859,U.S. Census Bureau Vintage 2025 Population Estimates,https://www2.census.gov/programs-surveys/popest/datasets/2020-2025/state/totals/NST-EST2025-ALLDATA.csv
NM,2023,2119349,U.S. Census Bureau Vintage 2025 Population Estimates,https://www2.census.gov/programs-surveys/popest/datasets/2020-2025/state/totals/NST-EST2025-ALLDATA.csv
NM,2024,2126774,U.S. Census Bureau Vintage 2025 Population Estimates,https://www2.census.gov/programs-surveys/popest/datasets/2020-2025/state/totals/NST-EST2025-ALLDATA.csv
NV,1991,1285046,U.S. Census Bureau Population Estimates,https://www.census.gov/programs-surveys/popest/data.html
NV,1992,1330694,U.S. Census Bureau Population Estimates,https://www.census.gov/programs-surveys/popest/data.html
NV,1993,1380197,U.S. Census Bureau Population Estimates,https://www.census.gov/programs-surveys/popest/data.html
NV,1994,1456388,U.S. Census Bureau Population Estimates,https://www.census.gov/programs-surveys/popest/data.html
NV,1995,1525777,U.S. Census Bureau Population Estimates,https://www.census.gov/programs-surveys/popest/data.html
NV,1996,1596476,U.S. Census Bureau Population Estimates,https://www.census.gov/programs-surveys/popest/data.html
NV,1997,1675581,U.S. Census Bureau Population Estimates,https://www.census.gov/programs-surveys/popest/data.html
NV,1998,1743772,U.S. Census Bureau Population Estimates,https://www.census.gov/programs-surveys/popest/data.html
NV,1999,1934718,U.S. Census Bureau Population Estimates,https://www.census.gov/programs-surveys/popest/data.html
NV,2000,2018741,U.S. Census Bureau Population Estimates,https://www.census.gov/programs-surveys/popest/data.html
NV,2001,2098399,U.S. Census Bureau Population Estimates,https://www.census.gov/programs-surveys/popest/data.html
NV,2002,2173791,U.S. Census Bureau Population Estimates,https://www.census.gov/programs-surveys/popest/data.html
NV,2003,2248850,U.S. Census Bureau Population Estimates,https://www.census.gov/programs-surveys/popest/data.html
NV,2004,2346222,U.S. Census Bureau Population Estimates,https://www.census.gov/programs-surveys/popest/data.html
NV,2005,2432143,U.S. Census Bureau Population Estimates,https://www.census.gov/programs-surveys/popest/data.html
NV,2006,2522658,U.S. Census Bureau Population Estimates,https://www.census.gov/programs-surveys/popest/data.html
NV,2007,2601072,U.S. Census Bureau Population Estimates,https://www.census.gov/programs-surveys/popest/data.html
NV,2008,2653630,U.S. Census Bureau Population Estimates,https://www.census.gov/programs-surveys/popest/data.html
NV,2009,2684665,U.S. Census Bureau Population Estimates,https://www.census.gov/programs-surveys/popest/data.html
NV,2010,2702035,U.S. Census Bureau Population Estimates,https://www.census.gov/programs-surveys/popest/data.html
NV,2011,2710687,U.S. Census Bureau Population Estimates,https://www.census.gov/programs-surveys/popest/data.html
NV,2012,2740210,U.S. Census Bureau Population Estimates,https://www.census.gov/programs-surveys/popest/data.html
NV,2013,2770361,U.S. Census Bureau Population Estimates,https://www.census.gov/programs-surveys/popest/data.html
NV,2014,2810051,U.S. Census Bureau Population Estimates,https://www.census.gov/programs-surveys/popest/data.html
NV,2015,2857236,U.S. Census Bureau Population Estimates,https://www.census.gov/programs-surveys/popest/data.html
NV,2016,2905735,U.S. Census Bureau Population Estimates,https://www.census.gov/programs-surveys/popest/data.html
NV,2017,2955575,U.S. Census Bureau Population Estimates,https://www.census.gov/programs-surveys/popest/data.html
NV,2018,3011561,U.S. Census Bureau Population Estimates,https://www.census.gov/programs-surveys/popest/data.html
NV,2019,3068927,U.S. Census Bureau Population Estimates,https://www.census.gov/programs-surveys/popest/data.html
NV,2020,3116851,U.S. Census Bureau Vintage 2025 Population Estimates,https://www2.census.gov/programs-surveys/popest/datasets/2020-2025/state/totals/NST-EST2025-ALLDATA.csv
NV,2021,3148472,U.S. Census Bureau Vintage 2025 Population Estimates,https://www2.census.gov/programs-surveys/popest/datasets/2020-2025/state/totals/NST-EST2025-ALLDATA.csv
NV,2022,3177672,U.S. Census Bureau Vintage 2025 Population Estimates,https://www2.census.gov/programs-surveys/popest/datasets/2020-2025/state/totals/NST-EST2025-ALLDATA.csv
NV,2023,3211077,U.S. Census Bureau Vintage 2025 Population Estimates,https://www2.census.gov/programs-surveys/popest/datasets/2020-2025/state/totals/NST-EST2025-ALLDATA.csv
NV,2024,3253543,U.S. Census Bureau Vintage 2025 Population Estimates,https://www2.census.gov/programs-surveys/popest/datasets/2020-2025/state/totals/NST-EST2025-ALLDATA.csv
NY,1991,18029532,U.S. Census Bureau Population Estimates,https://www.census.gov/programs-surveys/popest/data.html
NY,1992,18082032,U.S. Census Bureau Population Estimates,https://www.census.gov/programs-surveys/popest/data.html
NY,1993,18140894,U.S. Census Bureau Population Estimates,https://www.census.gov/programs-surveys/popest/data.html
NY,1994,18156652,U.S. Census Bureau Population Estimates,https://www.census.gov/programs-surveys/popest/data.html
NY,1995,18150928,U.S. Census Bureau Population Estimates,https://www.census.gov/programs-surveys/popest/data.html
NY,1996,18143805,U.S. Census Bureau Population Estimates,https://www.census.gov/programs-surveys/popest/data.html
NY,1997,18143184,U.S. Census Bureau Population Estimates,https://www.census.gov/programs-surveys/popest/data.html
NY,1998,18159175,U.S. Census Bureau Population Estimates,https://www.census.gov/programs-surveys/popest/data.html
NY,1999,18882725,U.S. Census Bureau Population Estimates,https://www.census.gov/programs-surveys/popest/data.html
NY,2000,19001780,U.S. Census Bureau Population Estimates,https://www.census.gov/programs-surveys/popest/data.html
NY,2001,19082838,U.S. Census Bureau Population Estimates,https://www.census.gov/programs-surveys/popest/data.html
NY,2002,19137800,U.S. Census Bureau Population Estimates,https://www.census.gov/programs-surveys/popest/data.html
NY,2003,19175939,U.S. Census Bureau Population Estimates,https://www.census.gov/programs-surveys/popest/data.html
NY,2004,19171567,U.S. Census Bureau Population Estimates,https://www.census.gov/programs-surveys/popest/data.html
NY,2005,19132610,U.S. Census Bureau Population Estimates,https://www.census.gov/programs-surveys/popest/data.html
NY,2006,19104631,U.S. Census Bureau Population Estimates,https://www.census.gov/programs-surveys/popest/data.html
NY,2007,19132335,U.S. Census Bureau Population Estimates,https://www.census.gov/programs-surveys/popest/data.html
NY,2008,19212436,U.S. Census Bureau Population Estimates,https://www.census.gov/programs-surveys/popest/data.html
NY,2009,19307066,U.S. Census Bureau Population Estimates,https://www.census.gov/programs-surveys/popest/data.html
NY,2010,19420011,U.S. Census Bureau Population Estimates,https://www.census.gov/programs-surveys/popest/data.html
NY,2011,19600570,U.S. Census Bureau Population Estimates,https://www.census.gov/programs-surveys/popest/data.html
NY,2012,19757084,U.S. Census Bureau Population Estimates,https://www.census.gov/programs-surveys/popest/data.html
NY,2013,19891916,U.S. Census Bureau Population Estimates,https://www.census.gov/programs-surveys/popest/data.html
NY,2014,20001969,U.S. Census Bureau Population Estimates,https://www.census.gov/programs-surveys/popest/data.html
NY,2015,20089674,U.S. Census Bureau Population Estimates,https://www.census.gov/programs-surveys/popest/data.html
NY,2016,20152145,U.S. Census Bureau Population Estimates,https://www.census.gov/programs-surveys/popest/data.html
NY,2017,20191153,U.S. Census Bureau Population Estimates,https://www.census.gov/programs-surveys/popest/data.html
NY,2018,20223114,U.S. Census Bureau Population Estimates,https://www.census.gov/programs-surveys/popest/data.html
NY,2019,20222633,U.S. Census Bureau Population Estimates,https://www.census.gov/programs-surveys/popest/data.html
NY,2020,20122262,U.S. Census Bureau Vintage 2025 Population Estimates,https://www2.census.gov/programs-surveys/popest/datasets/2020-2025/state/totals/NST-EST2025-ALLDATA.csv
NY,2021,19835345,U.S. Census Bureau Vintage 2025 Population Estimates,https://www2.census.gov/programs-surveys/popest/datasets/2020-2025/state/totals/NST-EST2025-ALLDATA.csv
NY,2022,19713025,U.S. Census Bureau Vintage 2025 Population Estimates,https://www2.census.gov/programs-surveys/popest/datasets/2020-2025/state/totals/NST-EST2025-ALLDATA.csv
NY,2023,19786543,U.S. Census Bureau Vintage 2025 Population Estimates,https://www2.census.gov/programs-surveys/popest/datasets/2020-2025/state/totals/NST-EST2025-ALLDATA.csv
NY,2024,20001419,U.S. Census Bureau Vintage 2025 Population Estimates,https://www2.census.gov/programs-surveys/popest/datasets/2020-2025/state/totals/NST-EST2025-ALLDATA.csv
OH,1991,10933683,U.S. Census Bureau Population Estimates,https://www.census.gov/programs-surveys/popest/data.html
OH,1992,11007609,U.S. Census Bureau Population Estimates,https://www.census.gov/programs-surveys/popest/data.html
OH,1993,11070385,U.S. Census Bureau Population Estimates,https://www.census.gov/programs-surveys/popest/data.html
OH,1994,11111451,U.S. Census Bureau Population Estimates,https://www.census.gov/programs-surveys/popest/data.html
OH,1995,11155493,U.S. Census Bureau Population Estimates,https://www.census.gov/programs-surveys/popest/data.html
OH,1996,11187032,U.S. Census Bureau Population Estimates,https://www.census.gov/programs-surveys/popest/data.html
OH,1997,11212498,U.S. Census Bureau Population Estimates,https://www.census.gov/programs-surveys/popest/data.html
OH,1998,11237752,U.S. Census Bureau Population Estimates,https://www.census.gov/programs-surveys/popest/data.html
OH,1999,11335454,U.S. Census Bureau Population Estimates,https://www.census.gov/programs-surveys/popest/data.html
OH,2000,11363543,U.S. Census Bureau Population Estimates,https://www.census.gov/programs-surveys/popest/data.html
OH,2001,11387404,U.S. Census Bureau Population Estimates,https://www.census.gov/programs-surveys/popest/data.html
OH,2002,11407889,U.S. Census Bureau Population Estimates,https://www.census.gov/programs-surveys/popest/data.html
OH,2003,11434788,U.S. Census Bureau Population Estimates,https://www.census.gov/programs-surveys/popest/data.html
OH,2004,11452251,U.S. Census Bureau Population Estimates,https://www.census.gov/programs-surveys/popest/data.html
OH,2005,11463320,U.S. Census Bureau Population Estimates,https://www.census.gov/programs-surveys/popest/data.html
OH,2006,11481213,U.S. Census Bureau Population Estimates,https://www.census.gov/programs-surveys/popest/data.html
OH,2007,11500468,U.S. Census Bureau Population Estimates,https://www.census.gov/programs-surveys/popest/data.html
OH,2008,11515391,U.S. Census Bureau Population Estimates,https://www.census.gov/programs-surveys/popest/data.html
OH,2009,11528896,U.S. Census Bureau Population Estimates,https://www.census.gov/programs-surveys/popest/data.html
OH,2010,11541947,U.S. Census Bureau Population Estimates,https://www.census.gov/programs-surveys/popest/data.html
OH,2011,11558352,U.S. Census Bureau Population Estimates,https://www.census.gov/programs-surveys/popest/data.html
OH,2012,11573530,U.S. Census Bureau Population Estimates,https://www.census.gov/programs-surveys/popest/data.html
OH,2013,11612153,U.S. Census Bureau Population Estimates,https://www.census.gov/programs-surveys/popest/data.html
OH,2014,11648825,U.S. Census Bureau Population Estimates,https://www.census.gov/programs-surveys/popest/data.html
OH,2015,11674529,U.S. Census Bureau Population Estimates,https://www.census.gov/programs-surveys/popest/data.html
OH,2016,11702052,U.S. Census Bureau Population Estimates,https://www.census.gov/programs-surveys/popest/data.html
OH,2017,11737094,U.S. Census Bureau Population Estimates,https://www.census.gov/programs-surveys/popest/data.html
OH,2018,11762241,U.S. Census Bureau Population Estimates,https://www.census.gov/programs-surveys/popest/data.html
OH,2019,11787993,U.S. Census Bureau Population Estimates,https://www.census.gov/programs-surveys/popest/data.html
OH,2020,11798534,U.S. Census Bureau Vintage 2025 Population Estimates,https://www2.census.gov/programs-surveys/popest/datasets/2020-2025/state/totals/NST-EST2025-ALLDATA.csv
OH,2021,11761443,U.S. Census Bureau Vintage 2025 Population Estimates,https://www2.census.gov/programs-surveys/popest/datasets/2020-2025/state/totals/NST-EST2025-ALLDATA.csv
OH,2022,11764950,U.S. Census Bureau Vintage 2025 Population Estimates,https://www2.census.gov/programs-surveys/popest/datasets/2020-2025/state/totals/NST-EST2025-ALLDATA.csv
OH,2023,11808390,U.S. Census Bureau Vintage 2025 Population Estimates,https://www2.census.gov/programs-surveys/popest/datasets/2020-2025/state/totals/NST-EST2025-ALLDATA.csv
OH,2024,11860621,U.S. Census Bureau Vintage 2025 Population Estimates,https://www2.census.gov/programs-surveys/popest/datasets/2020-2025/state/totals/NST-EST2025-ALLDATA.csv
OK,1991,3166471,U.S. Census Bureau Population Estimates,https://www.census.gov/programs-surveys/popest/data.html
OK,1992,3204174,U.S. Census Bureau Population Estimates,https://www.census.gov/programs-surveys/popest/data.html
OK,1993,3228829,U.S. Census Bureau Population Estimates,https://www.census.gov/programs-surveys/popest/data.html
OK,1994,3246119,U.S. Census Bureau Population Estimates,https://www.census.gov/programs-surveys/popest/data.html
OK,1995,3265547,U.S. Census Bureau Population Estimates,https://www.census.gov/programs-surveys/popest/data.html
OK,1996,3289634,U.S. Census Bureau Population Estimates,https://www.census.gov/programs-surveys/popest/data.html
OK,1997,3314259,U.S. Census Bureau Population Estimates,https://www.census.gov/programs-surveys/popest/data.html
OK,1998,3339478,U.S. Census Bureau Population Estimates,https://www.census.gov/programs-surveys/popest/data.html
OK,1999,3437147,U.S. Census Bureau Population Estimates,https://www.census.gov/programs-surveys/popest/data.html
OK,2000,3454365,U.S. Census Bureau Population Estimates,https://www.census.gov/programs-surveys/popest/data.html
OK,2001,3467100,U.S. Census Bureau Population Estimates,https://www.census.gov/programs-surveys/popest/data.html
OK,2002,3489080,U.S. Census Bureau Population Estimates,https://www.census.gov/programs-surveys/popest/data.html
OK,2003,3504892,U.S. Census Bureau Population Estimates,https://www.census.gov/programs-surveys/popest/data.html
OK,2004,3525233,U.S. Census Bureau Population Estimates,https://www.census.gov/programs-surveys/popest/data.html
OK,2005,3548597,U.S. Census Bureau Population Estimates,https://www.census.gov/programs-surveys/popest/data.html
OK,2006,3594090,U.S. Census Bureau Population Estimates,https://www.census.gov/programs-surveys/popest/data.html
OK,2007,3634349,U.S. Census Bureau Population Estimates,https://www.census.gov/programs-surveys/popest/data.html
OK,2008,3668976,U.S. Census Bureau Population Estimates,https://www.census.gov/programs-surveys/popest/data.html
OK,2009,3717572,U.S. Census Bureau Population Estimates,https://www.census.gov/programs-surveys/popest/data.html
OK,2010,3759367,U.S. Census Bureau Population Estimates,https://www.census.gov/programs-surveys/popest/data.html
OK,2011,3786245,U.S. Census Bureau Population Estimates,https://www.census.gov/programs-surveys/popest/data.html
OK,2012,3814778,U.S. Census Bureau Population Estimates,https://www.census.gov/programs-surveys/popest/data.html
OK,2013,3847418,U.S. Census Bureau Population Estimates,https://www.census.gov/programs-surveys/popest/data.html
OK,2014,3870754,U.S. Census Bureau Population Estimates,https://www.census.gov/programs-surveys/popest/data.html
OK,2015,3900308,U.S. Census Bureau Population Estimates,https://www.census.gov/programs-surveys/popest/data.html
OK,2016,3916102,U.S. Census Bureau Population Estimates,https://www.census.gov/programs-surveys/popest/data.html
OK,2017,3919590,U.S. Census Bureau Population Estimates,https://www.census.gov/programs-surveys/popest/data.html
OK,2018,3927769,U.S. Census Bureau Population Estimates,https://www.census.gov/programs-surveys/popest/data.html
OK,2019,3943368,U.S. Census Bureau Population Estimates,https://www.census.gov/programs-surveys/popest/data.html
OK,2020,3965243,U.S. Census Bureau Vintage 2025 Population Estimates,https://www2.census.gov/programs-surveys/popest/datasets/2020-2025/state/totals/NST-EST2025-ALLDATA.csv
OK,2021,3992760,U.S. Census Bureau Vintage 2025 Population Estimates,https://www2.census.gov/programs-surveys/popest/datasets/2020-2025/state/totals/NST-EST2025-ALLDATA.csv
OK,2022,4025327,U.S. Census Bureau Vintage 2025 Population Estimates,https://www2.census.gov/programs-surveys/popest/datasets/2020-2025/state/totals/NST-EST2025-ALLDATA.csv
OK,2023,4062716,U.S. Census Bureau Vintage 2025 Population Estimates,https://www2.census.gov/programs-surveys/popest/datasets/2020-2025/state/totals/NST-EST2025-ALLDATA.csv
OK,2024,4097758,U.S. Census Bureau Vintage 2025 Population Estimates,https://www2.census.gov/programs-surveys/popest/datasets/2020-2025/state/totals/NST-EST2025-ALLDATA.csv
OR,1991,2918745,U.S. Census Bureau Population Estimates,https://www.census.gov/programs-surveys/popest/data.html
OR,1992,2973934,U.S. Census Bureau Population Estimates,https://www.census.gov/programs-surveys/popest/data.html
OR,1993,3034490,U.S. Census Bureau Population Estimates,https://www.census.gov/programs-surveys/popest/data.html
OR,1994,3087142,U.S. Census Bureau Population Estimates,https://www.census.gov/programs-surveys/popest/data.html
OR,1995,3141421,U.S. Census Bureau Population Estimates,https://www.census.gov/programs-surveys/popest/data.html
OR,1996,3195087,U.S. Census Bureau Population Estimates,https://www.census.gov/programs-surveys/popest/data.html
OR,1997,3243254,U.S. Census Bureau Population Estimates,https://www.census.gov/programs-surveys/popest/data.html
OR,1998,3282055,U.S. Census Bureau Population Estimates,https://www.census.gov/programs-surveys/popest/data.html
OR,1999,3393941,U.S. Census Bureau Population Estimates,https://www.census.gov/programs-surveys/popest/data.html
OR,2000,3429708,U.S. Census Bureau Population Estimates,https://www.census.gov/programs-surveys/popest/data.html
OR,2001,3467937,U.S. Census Bureau Population Estimates,https://www.census.gov/programs-surveys/popest/data.html
OR,2002,3513424,U.S. Census Bureau Population Estimates,https://www.census.gov/programs-surveys/popest/data.html
OR,2003,3547376,U.S. Census Bureau Population Estimates,https://www.census.gov/programs-surveys/popest/data.html
OR,2004,3569463,U.S. Census Bureau Population Estimates,https://www.census.gov/programs-surveys/popest/data.html
OR,2005,3613202,U.S. Census Bureau Population Estimates,https://www.census.gov/programs-surveys/popest/data.html
OR,2006,3670883,U.S. Census Bureau Population Estimates,https://www.census.gov/programs-surveys/popest/data.html
OR,2007,3722417,U.S. Census Bureau Population Estimates,https://www.census.gov/programs-surveys/popest/data.html
OR,2008,3768748,U.S. Census Bureau Population Estimates,https://www.census.gov/programs-surveys/popest/data.html
OR,2009,3808600,U.S. Census Bureau Population Estimates,https://www.census.gov/programs-surveys/popest/data.html
OR,2010,3837668,U.S. Census Bureau Population Estimates,https://www.census.gov/programs-surveys/popest/data.html
OR,2011,3872862,U.S. Census Bureau Population Estimates,https://www.census.gov/programs-surveys/popest/data.html
OR,2012,3900372,U.S. Census Bureau Population Estimates,https://www.census.gov/programs-surveys/popest/data.html
OR,2013,3924399,U.S. Census Bureau Population Estimates,https://www.census.gov/programs-surveys/popest/data.html
OR,2014,3965696,U.S. Census Bureau Population Estimates,https://www.census.gov/programs-surveys/popest/data.html
OR,2015,4018787,U.S. Census Bureau Population Estimates,https://www.census.gov/programs-surveys/popest/data.html
OR,2016,4093410,U.S. Census Bureau Population Estimates,https://www.census.gov/programs-surveys/popest/data.html
OR,2017,4147194,U.S. Census Bureau Population Estimates,https://www.census.gov/programs-surveys/popest/data.html
OR,2018,4183345,U.S. Census Bureau Population Estimates,https://www.census.gov/programs-surveys/popest/data.html
OR,2019,4215883,U.S. Census Bureau Population Estimates,https://www.census.gov/programs-surveys/popest/data.html
OR,2020,4243544,U.S. Census Bureau Vintage 2025 Population Estimates,https://www2.census.gov/programs-surveys/popest/datasets/2020-2025/state/totals/NST-EST2025-ALLDATA.csv
OR,2021,4254691,U.S. Census Bureau Vintage 2025 Population Estimates,https://www2.census.gov/programs-surveys/popest/datasets/2020-2025/state/totals/NST-EST2025-ALLDATA.csv
OR,2022,4245964,U.S. Census Bureau Vintage 2025 Population Estimates,https://www2.census.gov/programs-surveys/popest/datasets/2020-2025/state/totals/NST-EST2025-ALLDATA.csv
OR,2023,4250392,U.S. Census Bureau Vintage 2025 Population Estimates,https://www2.census.gov/programs-surveys/popest/datasets/2020-2025/state/totals/NST-EST2025-ALLDATA.csv
OR,2024,4265324,U.S. Census Bureau Vintage 2025 Population Estimates,https://www2.census.gov/programs-surveys/popest/datasets/2020-2025/state/totals/NST-EST2025-ALLDATA.csv
PA,1991,11943160,U.S. Census Bureau Population Estimates,https://www.census.gov/programs-surveys/popest/data.html
PA,1992,11980819,U.S. Census Bureau Population Estimates,https://www.census.gov/programs-surveys/popest/data.html
PA,1993,12022128,U.S. Census Bureau Population Estimates,https://www.census.gov/programs-surveys/popest/data.html
PA,1994,12042545,U.S. Census Bureau Population Estimates,https://www.census.gov/programs-surveys/popest/data.html
PA,1995,12044780,U.S. Census Bureau Population Estimates,https://www.census.gov/programs-surveys/popest/data.html
PA,1996,12038008,U.S. Census Bureau Population Estimates,https://www.census.gov/programs-surveys/popest/data.html
PA,1997,12015888,U.S. Census Bureau Population Estimates,https://www.census.gov/programs-surveys/popest/data.html
PA,1998,12002329,U.S. Census Bureau Population Estimates,https://www.census.gov/programs-surveys/popest/data.html
PA,1999,12263805,U.S. Census Bureau Population Estimates,https://www.census.gov/programs-surveys/popest/data.html
PA,2000,12284173,U.S. Census Bureau Population Estimates,https://www.census.gov/programs-surveys/popest/data.html
PA,2001,12298970,U.S. Census Bureau Population Estimates,https://www.census.gov/programs-surveys/popest/data.html
PA,2002,12331031,U.S. Census Bureau Population Estimates,https://www.census.gov/programs-surveys/popest/data.html
PA,2003,12374658,U.S. Census Bureau Population Estimates,https://www.census.gov/programs-surveys/popest/data.html
PA,2004,12410722,U.S. Census Bureau Population Estimates,https://www.census.gov/programs-surveys/popest/data.html
PA,2005,12449990,U.S. Census Bureau Population Estimates,https://www.census.gov/programs-surveys/popest/data.html
PA,2006,12510809,U.S. Census Bureau Population Estimates,https://www.census.gov/programs-surveys/popest/data.html
PA,2007,12563937,U.S. Census Bureau Population Estimates,https://www.census.gov/programs-surveys/popest/data.html
PA,2008,12612285,U.S. Census Bureau Population Estimates,https://www.census.gov/programs-surveys/popest/data.html
PA,2009,12666858,U.S. Census Bureau Population Estimates,https://www.census.gov/programs-surveys/popest/data.html
PA,2010,12716571,U.S. Census Bureau Population Estimates,https://www.census.gov/programs-surveys/popest/data.html
PA,2011,12773002,U.S. Census Bureau Population Estimates,https://www.census.gov/programs-surveys/popest/data.html
PA,2012,12815809,U.S. Census Bureau Population Estimates,https://www.census.gov/programs-surveys/popest/data.html
PA,2013,12846905,U.S. Census Bureau Population Estimates,https://www.census.gov/programs-surveys/popest/data.html
PA,2014,12880379,U.S. Census Bureau Population Estimates,https://www.census.gov/programs-surveys/popest/data.html
PA,2015,12898601,U.S. Census Bureau Population Estimates,https://www.census.gov/programs-surveys/popest/data.html
PA,2016,12917896,U.S. Census Bureau Population Estimates,https://www.census.gov/programs-surveys/popest/data.html
PA,2017,12944469,U.S. Census Bureau Population Estimates,https://www.census.gov/programs-surveys/popest/data.html
PA,2018,12979955,U.S. Census Bureau Population Estimates,https://www.census.gov/programs-surveys/popest/data.html
PA,2019,12990844,U.S. Census Bureau Population Estimates,https://www.census.gov/programs-surveys/popest/data.html
PA,2020,12995576,U.S. Census Bureau Vintage 2025 Population Estimates,https://www2.census.gov/programs-surveys/popest/datasets/2020-2025/state/totals/NST-EST2025-ALLDATA.csv
PA,2021,13016628,U.S. Census Bureau Vintage 2025 Population Estimates,https://www2.census.gov/programs-surveys/popest/datasets/2020-2025/state/totals/NST-EST2025-ALLDATA.csv
PA,2022,12984655,U.S. Census Bureau Vintage 2025 Population Estimates,https://www2.census.gov/programs-surveys/popest/datasets/2020-2025/state/totals/NST-EST2025-ALLDATA.csv
PA,2023,13009406,U.S. Census Bureau Vintage 2025 Population Estimates,https://www2.census.gov/programs-surveys/popest/datasets/2020-2025/state/totals/NST-EST2025-ALLDATA.csv
PA,2024,13045848,U.S. Census Bureau Vintage 2025 Population Estimates,https://www2.census.gov/programs-surveys/popest/datasets/2020-2025/state/totals/NST-EST2025-ALLDATA.csv
RI,1991,1003990,U.S. Census Bureau Population Estimates,https://www.census.gov/programs-surveys/popest/data.html
RI,1992,1000571,U.S. Census Bureau Population Estimates,https://www.census.gov/programs-surveys/popest/data.html
RI,1993,997852,U.S. Census Bureau Population Estimates,https://www.census.gov/programs-surveys/popest/data.html
RI,1994,993412,U.S. Census Bureau Population Estimates,https://www.census.gov/programs-surveys/popest/data.html
RI,1995,989203,U.S. Census Bureau Population Estimates,https://www.census.gov/programs-surveys/popest/data.html
RI,1996,987858,U.S. Census Bureau Population Estimates,https://www.census.gov/programs-surveys/popest/data.html
RI,1997,986966,U.S. Census Bureau Population Estimates,https://www.census.gov/programs-surveys/popest/data.html
RI,1998,987704,U.S. Census Bureau Population Estimates,https://www.census.gov/programs-surveys/popest/data.html
RI,1999,1040402,U.S. Census Bureau Population Estimates,https://www.census.gov/programs-surveys/popest/data.html
RI,2000,1050268,U.S. Census Bureau Population Estimates,https://www.census.gov/programs-surveys/popest/data.html
RI,2001,1057142,U.S. Census Bureau Population Estimates,https://www.census.gov/programs-surveys/popest/data.html
RI,2002,1065995,U.S. Census Bureau Population Estimates,https://www.census.gov/programs-surveys/popest/data.html
RI,2003,1071342,U.S. Census Bureau Population Estimates,https://www.census.gov/programs-surveys/popest/data.html
RI,2004,1074579,U.S. Census Bureau Population Estimates,https://www.census.gov/programs-surveys/popest/data.html
RI,2005,1067916,U.S. Census Bureau Population Estimates,https://www.census.gov/programs-surveys/popest/data.html
RI,2006,1063096,U.S. Census Bureau Population Estimates,https://www.census.gov/programs-surveys/popest/data.html
RI,2007,1057315,U.S. Census Bureau Population Estimates,https://www.census.gov/programs-surveys/popest/data.html
RI,2008,1055003,U.S. Census Bureau Population Estimates,https://www.census.gov/programs-surveys/popest/data.html
RI,2009,1053646,U.S. Census Bureau Population Estimates,https://www.census.gov/programs-surveys/popest/data.html
RI,2010,1054924,U.S. Census Bureau Population Estimates,https://www.census.gov/programs-surveys/popest/data.html
RI,2011,1058695,U.S. Census Bureau Population Estimates,https://www.census.gov/programs-surveys/popest/data.html
RI,2012,1063635,U.S. Census Bureau Population Estimates,https://www.census.gov/programs-surveys/popest/data.html
RI,2013,1068215,U.S. Census Bureau Population Estimates,https://www.census.gov/programs-surveys/popest/data.html
RI,2014,1073096,U.S. Census Bureau Population Estimates,https://www.census.gov/programs-surveys/popest/data.html
RI,2015,1077423,U.S. Census Bureau Population Estimates,https://www.census.gov/programs-surveys/popest/data.html
RI,2016,1082306,U.S. Census Bureau Population Estimates,https://www.census.gov/programs-surveys/popest/data.html
RI,2017,1084901,U.S. Census Bureau Population Estimates,https://www.census.gov/programs-surveys/popest/data.html
RI,2018,1091716,U.S. Census Bureau Population Estimates,https://www.census.gov/programs-surveys/popest/data.html
RI,2019,1094502,U.S. Census Bureau Population Estimates,https://www.census.gov/programs-surveys/popest/data.html
RI,2020,1096487,U.S. Census Bureau Vintage 2025 Population Estimates,https://www2.census.gov/programs-surveys/popest/datasets/2020-2025/state/totals/NST-EST2025-ALLDATA.csv
RI,2021,1097381,U.S. Census Bureau Vintage 2025 Population Estimates,https://www2.census.gov/programs-surveys/popest/datasets/2020-2025/state/totals/NST-EST2025-ALLDATA.csv
RI,2022,1098275,U.S. Census Bureau Vintage 2025 Population Estimates,https://www2.census.gov/programs-surveys/popest/datasets/2020-2025/state/totals/NST-EST2025-ALLDATA.csv
RI,2023,1101183,U.S. Census Bureau Vintage 2025 Population Estimates,https://www2.census.gov/programs-surveys/popest/datasets/2020-2025/state/totals/NST-EST2025-ALLDATA.csv
RI,2024,1110415,U.S. Census Bureau Vintage 2025 Population Estimates,https://www2.census.gov/programs-surveys/popest/datasets/2020-2025/state/totals/NST-EST2025-ALLDATA.csv
SC,1991,3559470,U.S. Census Bureau Population Estimates,https://www.census.gov/programs-surveys/popest/data.html
SC,1992,3600576,U.S. Census Bureau Population Estimates,https://www.census.gov/programs-surveys/popest/data.html
SC,1993,3634507,U.S. Census Bureau Population Estimates,https://www.census.gov/programs-surveys/popest/data.html
SC,1994,3666456,U.S. Census Bureau Population Estimates,https://www.census.gov/programs-surveys/popest/data.html
SC,1995,3699943,U.S. Census Bureau Population Estimates,https://www.census.gov/programs-surveys/popest/data.html
SC,1996,3738974,U.S. Census Bureau Population Estimates,https://www.census.gov/programs-surveys/popest/data.html
SC,1997,3790066,U.S. Census Bureau Population Estimates,https://www.census.gov/programs-surveys/popest/data.html
SC,1998,3839578,U.S. Census Bureau Population Estimates,https://www.census.gov/programs-surveys/popest/data.html
SC,1999,3974682,U.S. Census Bureau Population Estimates,https://www.census.gov/programs-surveys/popest/data.html
SC,2000,4024223,U.S. Census Bureau Population Estimates,https://www.census.gov/programs-surveys/popest/data.html
SC,2001,4064995,U.S. Census Bureau Population Estimates,https://www.census.gov/programs-surveys/popest/data.html
SC,2002,4107795,U.S. Census Bureau Population Estimates,https://www.census.gov/programs-surveys/popest/data.html
SC,2003,4150297,U.S. Census Bureau Population Estimates,https://www.census.gov/programs-surveys/popest/data.html
SC,2004,4210921,U.S. Census Bureau Population Estimates,https://www.census.gov/programs-surveys/popest/data.html
SC,2005,4270150,U.S. Census Bureau Population Estimates,https://www.census.gov/programs-surveys/popest/data.html
SC,2006,4357847,U.S. Census Bureau Population Estimates,https://www.census.gov/programs-surveys/popest/data.html
SC,2007,4444110,U.S. Census Bureau Population Estimates,https://www.census.gov/programs-surveys/popest/data.html
SC,2008,4528996,U.S. Census Bureau Population Estimates,https://www.census.gov/programs-surveys/popest/data.html
SC,2009,4589872,U.S. Census Bureau Population Estimates,https://www.census.gov/programs-surveys/popest/data.html
SC,2010,4633873,U.S. Census Bureau Population Estimates,https://www.census.gov/programs-surveys/popest/data.html
SC,2011,4663036,U.S. Census Bureau Population Estimates,https://www.census.gov/programs-surveys/popest/data.html
SC,2012,4701428,U.S. Census Bureau Population Estimates,https://www.census.gov/programs-surveys/popest/data.html
SC,2013,4740693,U.S. Census Bureau Population Estimates,https://www.census.gov/programs-surveys/popest/data.html
SC,2014,4792595,U.S. Census Bureau Population Estimates,https://www.census.gov/programs-surveys/popest/data.html
SC,2015,4853010,U.S. Census Bureau Population Estimates,https://www.census.gov/programs-surveys/popest/data.html
SC,2016,4910944,U.S. Census Bureau Population Estimates,https://www.census.gov/programs-surveys/popest/data.html
SC,2017,4965641,U.S. Census Bureau Population Estimates,https://www.census.gov/programs-surveys/popest/data.html
SC,2018,5020965,U.S. Census Bureau Population Estimates,https://www.census.gov/programs-surveys/popest/data.html
SC,2019,5077428,U.S. Census Bureau Population Estimates,https://www.census.gov/programs-surveys/popest/data.html
SC,2020,5131992,U.S. Census Bureau Vintage 2025 Population Estimates,https://www2.census.gov/programs-surveys/popest/datasets/2020-2025/state/totals/NST-EST2025-ALLDATA.csv
SC,2021,5194346,U.S. Census Bureau Vintage 2025 Population Estimates,https://www2.census.gov/programs-surveys/popest/datasets/2020-2025/state/totals/NST-EST2025-ALLDATA.csv
SC,2022,5288957,U.S. Census Bureau Vintage 2025 Population Estimates,https://www2.census.gov/programs-surveys/popest/datasets/2020-2025/state/totals/NST-EST2025-ALLDATA.csv
SC,2023,5390798,U.S. Census Bureau Vintage 2025 Population Estimates,https://www2.census.gov/programs-surveys/popest/datasets/2020-2025/state/totals/NST-EST2025-ALLDATA.csv
SC,2024,5490316,U.S. Census Bureau Vintage 2025 Population Estimates,https://www2.census.gov/programs-surveys/popest/datasets/2020-2025/state/totals/NST-EST2025-ALLDATA.csv
SD,1991,701445,U.S. Census Bureau Population Estimates,https://www.census.gov/programs-surveys/popest/data.html
SD,1992,708698,U.S. Census Bureau Population Estimates,https://www.census.gov/programs-surveys/popest/data.html
SD,1993,716258,U.S. Census Bureau Population Estimates,https://www.census.gov/programs-surveys/popest/data.html
SD,1994,723038,U.S. Census Bureau Population Estimates,https://www.census.gov/programs-surveys/popest/data.html
SD,1995,728251,U.S. Census Bureau Population Estimates,https://www.census.gov/programs-surveys/popest/data.html
SD,1996,730699,U.S. Census Bureau Population Estimates,https://www.census.gov/programs-surveys/popest/data.html
SD,1997,730855,U.S. Census Bureau Population Estimates,https://www.census.gov/programs-surveys/popest/data.html
SD,1998,730789,U.S. Census Bureau Population Estimates,https://www.census.gov/programs-surveys/popest/data.html
SD,1999,750412,U.S. Census Bureau Population Estimates,https://www.census.gov/programs-surveys/popest/data.html
SD,2000,755844,U.S. Census Bureau Population Estimates,https://www.census.gov/programs-surveys/popest/data.html
SD,2001,757972,U.S. Census Bureau Population Estimates,https://www.census.gov/programs-surveys/popest/data.html
SD,2002,760020,U.S. Census Bureau Population Estimates,https://www.census.gov/programs-surveys/popest/data.html
SD,2003,763729,U.S. Census Bureau Population Estimates,https://www.census.gov/programs-surveys/popest/data.html
SD,2004,770396,U.S. Census Bureau Population Estimates,https://www.census.gov/programs-surveys/popest/data.html
SD,2005,775493,U.S. Census Bureau Population Estimates,https://www.census.gov/programs-surveys/popest/data.html
SD,2006,783033,U.S. Census Bureau Population Estimates,https://www.census.gov/programs-surveys/popest/data.html
SD,2007,791623,U.S. Census Bureau Population Estimates,https://www.census.gov/programs-surveys/popest/data.html
SD,2008,799124,U.S. Census Bureau Population Estimates,https://www.census.gov/programs-surveys/popest/data.html
SD,2009,807067,U.S. Census Bureau Population Estimates,https://www.census.gov/programs-surveys/popest/data.html
SD,2010,816090,U.S. Census Bureau Population Estimates,https://www.census.gov/programs-surveys/popest/data.html
SD,2011,823113,U.S. Census Bureau Population Estimates,https://www.census.gov/programs-surveys/popest/data.html
SD,2012,832671,U.S. Census Bureau Population Estimates,https://www.census.gov/programs-surveys/popest/data.html
SD,2013,841029,U.S. Census Bureau Population Estimates,https://www.census.gov/programs-surveys/popest/data.html
SD,2014,847402,U.S. Census Bureau Population Estimates,https://www.census.gov/programs-surveys/popest/data.html
SD,2015,851875,U.S. Census Bureau Population Estimates,https://www.census.gov/programs-surveys/popest/data.html
SD,2016,860375,U.S. Census Bureau Population Estimates,https://www.census.gov/programs-surveys/popest/data.html
SD,2017,869898,U.S. Census Bureau Population Estimates,https://www.census.gov/programs-surveys/popest/data.html
SD,2018,875052,U.S. Census Bureau Population Estimates,https://www.census.gov/programs-surveys/popest/data.html
SD,2019,882362,U.S. Census Bureau Population Estimates,https://www.census.gov/programs-surveys/popest/data.html
SD,2020,887808,U.S. Census Bureau Vintage 2025 Population Estimates,https://www2.census.gov/programs-surveys/popest/datasets/2020-2025/state/totals/NST-EST2025-ALLDATA.csv
SD,2021,896303,U.S. Census Bureau Vintage 2025 Population Estimates,https://www2.census.gov/programs-surveys/popest/datasets/2020-2025/state/totals/NST-EST2025-ALLDATA.csv
SD,2022,909156,U.S. Census Bureau Vintage 2025 Population Estimates,https://www2.census.gov/programs-surveys/popest/datasets/2020-2025/state/totals/NST-EST2025-ALLDATA.csv
SD,2023,917739,U.S. Census Bureau Vintage 2025 Population Estimates,https://www2.census.gov/programs-surveys/popest/datasets/2020-2025/state/totals/NST-EST2025-ALLDATA.csv
SD,2024,927110,U.S. Census Bureau Vintage 2025 Population Estimates,https://www2.census.gov/programs-surveys/popest/datasets/2020-2025/state/totals/NST-EST2025-ALLDATA.csv
TN,1991,4946886,U.S. Census Bureau Population Estimates,https://www.census.gov/programs-surveys/popest/data.html
TN,1992,5013999,U.S. Census Bureau Population Estimates,https://www.census.gov/programs-surveys/popest/data.html
TN,1993,5085666,U.S. Census Bureau Population Estimates,https://www.census.gov/programs-surveys/popest/data.html
TN,1994,5163016,U.S. Census Bureau Population Estimates,https://www.census.gov/programs-surveys/popest/data.html
TN,1995,5241168,U.S. Census Bureau Population Estimates,https://www.census.gov/programs-surveys/popest/data.html
TN,1996,5313576,U.S. Census Bureau Population Estimates,https://www.census.gov/programs-surveys/popest/data.html
TN,1997,5378433,U.S. Census Bureau Population Estimates,https://www.census.gov/programs-surveys/popest/data.html
TN,1998,5432679,U.S. Census Bureau Population Estimates,https://www.census.gov/programs-surveys/popest/data.html
TN,1999,5638706,U.S. Census Bureau Population Estimates,https://www.census.gov/programs-surveys/popest/data.html
TN,2000,5703719,U.S. Census Bureau Population Estimates,https://www.census.gov/programs-surveys/popest/data.html
TN,2001,5750789,U.S. Census Bureau Population Estimates,https://www.census.gov/programs-surveys/popest/data.html
TN,2002,5795918,U.S. Census Bureau Population Estimates,https://www.census.gov/programs-surveys/popest/data.html
TN,2003,5847812,U.S. Census Bureau Population Estimates,https://www.census.gov/programs-surveys/popest/data.html
TN,2004,5910809,U.S. Census Bureau Population Estimates,https://www.census.gov/programs-surveys/popest/data.html
TN,2005,5991057,U.S. Census Bureau Population Estimates,https://www.census.gov/programs-surveys/popest/data.html
TN,2006,6088766,U.S. Census Bureau Population Estimates,https://www.census.gov/programs-surveys/popest/data.html
TN,2007,6175727,U.S. Census Bureau Population Estimates,https://www.census.gov/programs-surveys/popest/data.html
TN,2008,6247411,U.S. Census Bureau Population Estimates,https://www.census.gov/programs-surveys/popest/data.html
TN,2009,6306019,U.S. Census Bureau Population Estimates,https://www.census.gov/programs-surveys/popest/data.html
TN,2010,6356174,U.S. Census Bureau Population Estimates,https://www.census.gov/programs-surveys/popest/data.html
TN,2011,6404059,U.S. Census Bureau Population Estimates,https://www.census.gov/programs-surveys/popest/data.html
TN,2012,6462608,U.S. Census Bureau Population Estimates,https://www.census.gov/programs-surveys/popest/data.html
TN,2013,6506953,U.S. Census Bureau Population Estimates,https://www.census.gov/programs-surveys/popest/data.html
TN,2014,6557914,U.S. Census Bureau Population Estimates,https://www.census.gov/programs-surveys/popest/data.html
TN,2015,6612216,U.S. Census Bureau Population Estimates,https://www.census.gov/programs-surveys/popest/data.html
TN,2016,6671689,U.S. Census Bureau Population Estimates,https://www.census.gov/programs-surveys/popest/data.html
TN,2017,6738548,U.S. Census Bureau Population Estimates,https://www.census.gov/programs-surveys/popest/data.html
TN,2018,6805791,U.S. Census Bureau Population Estimates,https://www.census.gov/programs-surveys/popest/data.html
TN,2019,6861830,U.S. Census Bureau Population Estimates,https://www.census.gov/programs-surveys/popest/data.html
TN,2020,6927736,U.S. Census Bureau Vintage 2025 Population Estimates,https://www2.census.gov/programs-surveys/popest/datasets/2020-2025/state/totals/NST-EST2025-ALLDATA.csv
TN,2021,6966687,U.S. Census Bureau Vintage 2025 Population Estimates,https://www2.census.gov/programs-surveys/popest/datasets/2020-2025/state/totals/NST-EST2025-ALLDATA.csv
TN,2022,7063325,U.S. Census Bureau Vintage 2025 Population Estimates,https://www2.census.gov/programs-surveys/popest/datasets/2020-2025/state/totals/NST-EST2025-ALLDATA.csv
TN,2023,7153029,U.S. Census Bureau Vintage 2025 Population Estimates,https://www2.census.gov/programs-surveys/popest/datasets/2020-2025/state/totals/NST-EST2025-ALLDATA.csv
TN,2024,7251291,U.S. Census Bureau Vintage 2025 Population Estimates,https://www2.census.gov/programs-surveys/popest/datasets/2020-2025/state/totals/NST-EST2025-ALLDATA.csv
TX,1991,17339904,U.S. Census Bureau Population Estimates,https://www.census.gov/programs-surveys/popest/data.html
TX,1992,17650479,U.S. Census Bureau Population Estimates,https://www.census.gov/programs-surveys/popest/data.html
TX,1993,17996764,U.S. Census Bureau Population Estimates,https://www.census.gov/programs-surveys/popest/data.html
TX,1994,18338319,U.S. Census Bureau Population Estimates,https://www.census.gov/programs-surveys/popest/data.html
TX,1995,18679706,U.S. Census Bureau Population Estimates,https://www.census.gov/programs-surveys/popest/data.html
TX,1996,19006240,U.S. Census Bureau Population Estimates,https://www.census.gov/programs-surveys/popest/data.html
TX,1997,19355427,U.S. Census Bureau Population Estimates,https://www.census.gov/programs-surveys/popest/data.html
TX,1998,19712389,U.S. Census Bureau Population Estimates,https://www.census.gov/programs-surveys/popest/data.html
TX,1999,20558220,U.S. Census Bureau Population Estimates,https://www.census.gov/programs-surveys/popest/data.html
TX,2000,20944499,U.S. Census Bureau Population Estimates,https://www.census.gov/programs-surveys/popest/data.html
TX,2001,21319622,U.S. Census Bureau Population Estimates,https://www.census.gov/programs-surveys/popest/data.html
TX,2002,21690325,U.S. Census Bureau Population Estimates,https://www.census.gov/programs-surveys/popest/data.html
TX,2003,22030931,U.S. Census Bureau Population Estimates,https://www.census.gov/programs-surveys/popest/data.html
TX,2004,22394023,U.S. Census Bureau Population Estimates,https://www.census.gov/programs-surveys/popest/data.html
TX,2005,22773020,U.S. Census Bureau Population Estimates,https://www.census.gov/programs-surveys/popest/data.html
TX,2006,23359580,U.S. Census Bureau Population Estimates,https://www.census.gov/programs-surveys/popest/data.html
TX,2007,23831983,U.S. Census Bureau Population Estimates,https://www.census.gov/programs-surveys/popest/data.html
TX,2008,24309039,U.S. Census Bureau Population Estimates,https://www.census.gov/programs-surveys/popest/data.html
TX,2009,24801761,U.S. Census Bureau Population Estimates,https://www.census.gov/programs-surveys/popest/data.html
TX,2010,25239145,U.S. Census Bureau Population Estimates,https://www.census.gov/programs-surveys/popest/data.html
TX,2011,25630001,U.S. Census Bureau Population Estimates,https://www.census.gov/programs-surveys/popest/data.html
TX,2012,26055301,U.S. Census Bureau Population Estimates,https://www.census.gov/programs-surveys/popest/data.html
TX,2013,26437065,U.S. Census Bureau Population Estimates,https://www.census.gov/programs-surveys/popest/data.html
TX,2014,26906154,U.S. Census Bureau Population Estimates,https://www.census.gov/programs-surveys/popest/data.html
TX,2015,27397220,U.S. Census Bureau Population Estimates,https://www.census.gov/programs-surveys/popest/data.html
TX,2016,27827935,U.S. Census Bureau Population Estimates,https://www.census.gov/programs-surveys/popest/data.html
TX,2017,28189095,U.S. Census Bureau Population Estimates,https://www.census.gov/programs-surveys/popest/data.html
TX,2018,28507726,U.S. Census Bureau Population Estimates,https://www.census.gov/programs-surveys/popest/data.html
TX,2019,28855339,U.S. Census Bureau Population Estimates,https://www.census.gov/programs-surveys/popest/data.html
TX,2020,29237895,U.S. Census Bureau Vintage 2025 Population Estimates,https://www2.census.gov/programs-surveys/popest/datasets/2020-2025/state/totals/NST-EST2025-ALLDATA.csv
TX,2021,29572672,U.S. Census Bureau Vintage 2025 Population Estimates,https://www2.census.gov/programs-surveys/popest/datasets/2020-2025/state/totals/NST-EST2025-ALLDATA.csv
TX,2022,30118002,U.S. Census Bureau Vintage 2025 Population Estimates,https://www2.census.gov/programs-surveys/popest/datasets/2020-2025/state/totals/NST-EST2025-ALLDATA.csv
TX,2023,30719247,U.S. Census Bureau Vintage 2025 Population Estimates,https://www2.census.gov/programs-surveys/popest/datasets/2020-2025/state/totals/NST-EST2025-ALLDATA.csv
TX,2024,31318578,U.S. Census Bureau Vintage 2025 Population Estimates,https://www2.census.gov/programs-surveys/popest/datasets/2020-2025/state/totals/NST-EST2025-ALLDATA.csv
UT,1991,1771941,U.S. Census Bureau Population Estimates,https://www.census.gov/programs-surveys/popest/data.html
UT,1992,1821498,U.S. Census Bureau Population Estimates,https://www.census.gov/programs-surveys/popest/data.html
UT,1993,1875993,U.S. Census Bureau Population Estimates,https://www.census.gov/programs-surveys/popest/data.html
UT,1994,1930436,U.S. Census Bureau Population Estimates,https://www.census.gov/programs-surveys/popest/data.html
UT,1995,1976774,U.S. Census Bureau Population Estimates,https://www.census.gov/programs-surveys/popest/data.html
UT,1996,2022253,U.S. Census Bureau Population Estimates,https://www.census.gov/programs-surveys/popest/data.html
UT,1997,2065397,U.S. Census Bureau Population Estimates,https://www.census.gov/programs-surveys/popest/data.html
UT,1998,2100562,U.S. Census Bureau Population Estimates,https://www.census.gov/programs-surveys/popest/data.html
UT,1999,2203482,U.S. Census Bureau Population Estimates,https://www.census.gov/programs-surveys/popest/data.html
UT,2000,2244502,U.S. Census Bureau Population Estimates,https://www.census.gov/programs-surveys/popest/data.html
UT,2001,2283715,U.S. Census Bureau Population Estimates,https://www.census.gov/programs-surveys/popest/data.html
UT,2002,2324815,U.S. Census Bureau Population Estimates,https://www.census.gov/programs-surveys/popest/data.html
UT,2003,2360137,U.S. Census Bureau Population Estimates,https://www.census.gov/programs-surveys/popest/data.html
UT,2004,2401580,U.S. Census Bureau Population Estimates,https://www.census.gov/programs-surveys/popest/data.html
UT,2005,2457719,U.S. Census Bureau Population Estimates,https://www.census.gov/programs-surveys/popest/data.html
UT,2006,2525507,U.S. Census Bureau Population Estimates,https://www.census.gov/programs-surveys/popest/data.html
UT,2007,2597746,U.S. Census Bureau Population Estimates,https://www.census.gov/programs-surveys/popest/data.html
UT,2008,2663029,U.S. Census Bureau Population Estimates,https://www.census.gov/programs-surveys/popest/data.html
UT,2009,2723421,U.S. Census Bureau Population Estimates,https://www.census.gov/programs-surveys/popest/data.html
UT,2010,2776061,U.S. Census Bureau Population Estimates,https://www.census.gov/programs-surveys/popest/data.html
UT,2011,2818283,U.S. Census Bureau Population Estimates,https://www.census.gov/programs-surveys/popest/data.html
UT,2012,2860511,U.S. Census Bureau Population Estimates,https://www.census.gov/programs-surveys/popest/data.html
UT,2013,2908112,U.S. Census Bureau Population Estimates,https://www.census.gov/programs-surveys/popest/data.html
UT,2014,2950671,U.S. Census Bureau Population Estimates,https://www.census.gov/programs-surveys/popest/data.html
UT,2015,2999163,U.S. Census Bureau Population Estimates,https://www.census.gov/programs-surveys/popest/data.html
UT,2016,3063157,U.S. Census Bureau Population Estimates,https://www.census.gov/programs-surveys/popest/data.html
UT,2017,3125781,U.S. Census Bureau Population Estimates,https://www.census.gov/programs-surveys/popest/data.html
UT,2018,3180855,U.S. Census Bureau Population Estimates,https://www.census.gov/programs-surveys/popest/data.html
UT,2019,3232646,U.S. Census Bureau Population Estimates,https://www.census.gov/programs-surveys/popest/data.html
UT,2020,3283970,U.S. Census Bureau Vintage 2025 Population Estimates,https://www2.census.gov/programs-surveys/popest/datasets/2020-2025/state/totals/NST-EST2025-ALLDATA.csv
UT,2021,3339874,U.S. Census Bureau Vintage 2025 Population Estimates,https://www2.census.gov/programs-surveys/popest/datasets/2020-2025/state/totals/NST-EST2025-ALLDATA.csv
UT,2022,3393928,U.S. Census Bureau Vintage 2025 Population Estimates,https://www2.census.gov/programs-surveys/popest/datasets/2020-2025/state/totals/NST-EST2025-ALLDATA.csv
UT,2023,3449259,U.S. Census Bureau Vintage 2025 Population Estimates,https://www2.census.gov/programs-surveys/popest/datasets/2020-2025/state/totals/NST-EST2025-ALLDATA.csv
UT,2024,3502983,U.S. Census Bureau Vintage 2025 Population Estimates,https://www2.census.gov/programs-surveys/popest/datasets/2020-2025/state/totals/NST-EST2025-ALLDATA.csv
VA,1991,6283853,U.S. Census Bureau Population Estimates,https://www.census.gov/programs-surveys/popest/data.html
VA,1992,6383315,U.S. Census Bureau Population Estimates,https://www.census.gov/programs-surveys/popest/data.html
VA,1993,6464795,U.S. Census Bureau Population Estimates,https://www.census.gov/programs-surveys/popest/data.html
VA,1994,6536771,U.S. Census Bureau Population Estimates,https://www.census.gov/programs-surveys/popest/data.html
VA,1995,6601392,U.S. Census Bureau Population Estimates,https://www.census.gov/programs-surveys/popest/data.html
VA,1996,6665491,U.S. Census Bureau Population Estimates,https://www.census.gov/programs-surveys/popest/data.html
VA,1997,6732878,U.S. Census Bureau Population Estimates,https://www.census.gov/programs-surveys/popest/data.html
VA,1998,6789225,U.S. Census Bureau Population Estimates,https://www.census.gov/programs-surveys/popest/data.html
VA,1999,7000174,U.S. Census Bureau Population Estimates,https://www.census.gov/programs-surveys/popest/data.html
VA,2000,7105817,U.S. Census Bureau Population Estimates,https://www.census.gov/programs-surveys/popest/data.html
VA,2001,7198362,U.S. Census Bureau Population Estimates,https://www.census.gov/programs-surveys/popest/data.html
VA,2002,7286873,U.S. Census Bureau Population Estimates,https://www.census.gov/programs-surveys/popest/data.html
VA,2003,7366977,U.S. Census Bureau Population Estimates,https://www.census.gov/programs-surveys/popest/data.html
VA,2004,7475575,U.S. Census Bureau Population Estimates,https://www.census.gov/programs-surveys/popest/data.html
VA,2005,7577105,U.S. Census Bureau Population Estimates,https://www.census.gov/programs-surveys/popest/data.html
VA,2006,7673725,U.S. Census Bureau Population Estimates,https://www.census.gov/programs-surveys/popest/data.html
VA,2007,7751000,U.S. Census Bureau Population Estimates,https://www.census.gov/programs-surveys/popest/data.html
VA,2008,7833496,U.S. Census Bureau Population Estimates,https://www.census.gov/programs-surveys/popest/data.html
VA,2009,7925937,U.S. Census Bureau Population Estimates,https://www.census.gov/programs-surveys/popest/data.html
VA,2010,8025014,U.S. Census Bureau Population Estimates,https://www.census.gov/programs-surveys/popest/data.html
VA,2011,8107747,U.S. Census Bureau Population Estimates,https://www.census.gov/programs-surveys/popest/data.html
VA,2012,8196998,U.S. Census Bureau Population Estimates,https://www.census.gov/programs-surveys/popest/data.html
VA,2013,8269681,U.S. Census Bureau Population Estimates,https://www.census.gov/programs-surveys/popest/data.html
VA,2014,8333485,U.S. Census Bureau Population Estimates,https://www.census.gov/programs-surveys/popest/data.html
VA,2015,8389856,U.S. Census Bureau Population Estimates,https://www.census.gov/programs-surveys/popest/data.html
VA,2016,8444438,U.S. Census Bureau Population Estimates,https://www.census.gov/programs-surveys/popest/data.html
VA,2017,8501906,U.S. Census Bureau Population Estimates,https://www.census.gov/programs-surveys/popest/data.html
VA,2018,8546257,U.S. Census Bureau Population Estimates,https://www.census.gov/programs-surveys/popest/data.html
VA,2019,8596818,U.S. Census Bureau Population Estimates,https://www.census.gov/programs-surveys/popest/data.html
VA,2020,8637303,U.S. Census Bureau Vintage 2025 Population Estimates,https://www2.census.gov/programs-surveys/popest/datasets/2020-2025/state/totals/NST-EST2025-ALLDATA.csv
VA,2021,8660007,U.S. Census Bureau Vintage 2025 Population Estimates,https://www2.census.gov/programs-surveys/popest/datasets/2020-2025/state/totals/NST-EST2025-ALLDATA.csv
VA,2022,8681038,U.S. Census Bureau Vintage 2025 Population Estimates,https://www2.census.gov/programs-surveys/popest/datasets/2020-2025/state/totals/NST-EST2025-ALLDATA.csv
VA,2023,8732034,U.S. Census Bureau Vintage 2025 Population Estimates,https://www2.census.gov/programs-surveys/popest/datasets/2020-2025/state/totals/NST-EST2025-ALLDATA.csv
VA,2024,8819642,U.S. Census Bureau Vintage 2025 Population Estimates,https://www2.census.gov/programs-surveys/popest/datasets/2020-2025/state/totals/NST-EST2025-ALLDATA.csv
VT,1991,567141,U.S. Census Bureau Population Estimates,https://www.census.gov/programs-surveys/popest/data.html
VT,1992,570115,U.S. Census Bureau Population Estimates,https://www.census.gov/programs-surveys/popest/data.html
VT,1993,574004,U.S. Census Bureau Population Estimates,https://www.census.gov/programs-surveys/popest/data.html
VT,1994,578900,U.S. Census Bureau Population Estimates,https://www.census.gov/programs-surveys/popest/data.html
VT,1995,582827,U.S. Census Bureau Population Estimates,https://www.census.gov/programs-surveys/popest/data.html
VT,1996,586352,U.S. Census Bureau Population Estimates,https://www.census.gov/programs-surveys/popest/data.html
VT,1997,588665,U.S. Census Bureau Population Estimates,https://www.census.gov/programs-surveys/popest/data.html
VT,1998,590579,U.S. Census Bureau Population Estimates,https://www.census.gov/programs-surveys/popest/data.html
VT,1999,604683,U.S. Census Bureau Population Estimates,https://www.census.gov/programs-surveys/popest/data.html
VT,2000,609618,U.S. Census Bureau Population Estimates,https://www.census.gov/programs-surveys/popest/data.html
VT,2001,612223,U.S. Census Bureau Population Estimates,https://www.census.gov/programs-surveys/popest/data.html
VT,2002,615442,U.S. Census Bureau Population Estimates,https://www.census.gov/programs-surveys/popest/data.html
VT,2003,617858,U.S. Census Bureau Population Estimates,https://www.census.gov/programs-surveys/popest/data.html
VT,2004,619920,U.S. Census Bureau Population Estimates,https://www.census.gov/programs-surveys/popest/data.html
VT,2005,621215,U.S. Census Bureau Population Estimates,https://www.census.gov/programs-surveys/popest/data.html
VT,2006,622892,U.S. Census Bureau Population Estimates,https://www.census.gov/programs-surveys/popest/data.html
VT,2007,623481,U.S. Census Bureau Population Estimates,https://www.census.gov/programs-surveys/popest/data.html
VT,2008,624151,U.S. Census Bureau Population Estimates,https://www.census.gov/programs-surveys/popest/data.html
VT,2009,624817,U.S. Census Bureau Population Estimates,https://www.census.gov/programs-surveys/popest/data.html
VT,2010,626314,U.S. Census Bureau Population Estimates,https://www.census.gov/programs-surveys/popest/data.html
VT,2011,629606,U.S. Census Bureau Population Estimates,https://www.census.gov/programs-surveys/popest/data.html
VT,2012,630687,U.S. Census Bureau Population Estimates,https://www.census.gov/programs-surveys/popest/data.html
VT,2013,632862,U.S. Census Bureau Population Estimates,https://www.census.gov/programs-surveys/popest/data.html
VT,2014,633867,U.S. Census Bureau Population Estimates,https://www.census.gov/programs-surveys/popest/data.html
VT,2015,635929,U.S. Census Bureau Population Estimates,https://www.census.gov/programs-surveys/popest/data.html
VT,2016,636375,U.S. Census Bureau Population Estimates,https://www.census.gov/programs-surveys/popest/data.html
VT,2017,639052,U.S. Census Bureau Population Estimates,https://www.census.gov/programs-surveys/popest/data.html
VT,2018,640649,U.S. Census Bureau Population Estimates,https://www.census.gov/programs-surveys/popest/data.html
VT,2019,641839,U.S. Census Bureau Population Estimates,https://www.census.gov/programs-surveys/popest/data.html
VT,2020,642965,U.S. Census Bureau Vintage 2025 Population Estimates,https://www2.census.gov/programs-surveys/popest/datasets/2020-2025/state/totals/NST-EST2025-ALLDATA.csv
VT,2021,647238,U.S. Census Bureau Vintage 2025 Population Estimates,https://www2.census.gov/programs-surveys/popest/datasets/2020-2025/state/totals/NST-EST2025-ALLDATA.csv
VT,2022,647614,U.S. Census Bureau Vintage 2025 Population Estimates,https://www2.census.gov/programs-surveys/popest/datasets/2020-2025/state/totals/NST-EST2025-ALLDATA.csv
VT,2023,647722,U.S. Census Bureau Vintage 2025 Population Estimates,https://www2.census.gov/programs-surveys/popest/datasets/2020-2025/state/totals/NST-EST2025-ALLDATA.csv
VT,2024,646521,U.S. Census Bureau Vintage 2025 Population Estimates,https://www2.census.gov/programs-surveys/popest/datasets/2020-2025/state/totals/NST-EST2025-ALLDATA.csv
WA,1991,5013443,U.S. Census Bureau Population Estimates,https://www.census.gov/programs-surveys/popest/data.html
WA,1992,5139011,U.S. Census Bureau Population Estimates,https://www.census.gov/programs-surveys/popest/data.html
WA,1993,5247704,U.S. Census Bureau Population Estimates,https://www.census.gov/programs-surveys/popest/data.html
WA,1994,5334896,U.S. Census Bureau Population Estimates,https://www.census.gov/programs-surveys/popest/data.html
WA,1995,5431024,U.S. Census Bureau Population Estimates,https://www.census.gov/programs-surveys/popest/data.html
WA,1996,5509963,U.S. Census Bureau Population Estimates,https://www.census.gov/programs-surveys/popest/data.html
WA,1997,5604105,U.S. Census Bureau Population Estimates,https://www.census.gov/programs-surveys/popest/data.html
WA,1998,5687832,U.S. Census Bureau Population Estimates,https://www.census.gov/programs-surveys/popest/data.html
WA,1999,5842564,U.S. Census Bureau Population Estimates,https://www.census.gov/programs-surveys/popest/data.html
WA,2000,5910512,U.S. Census Bureau Population Estimates,https://www.census.gov/programs-surveys/popest/data.html
WA,2001,5985722,U.S. Census Bureau Population Estimates,https://www.census.gov/programs-surveys/popest/data.html
WA,2002,6052349,U.S. Census Bureau Population Estimates,https://www.census.gov/programs-surveys/popest/data.html
WA,2003,6104115,U.S. Census Bureau Population Estimates,https://www.census.gov/programs-surveys/popest/data.html
WA,2004,6178645,U.S. Census Bureau Population Estimates,https://www.census.gov/programs-surveys/popest/data.html
WA,2005,6257305,U.S. Census Bureau Population Estimates,https://www.census.gov/programs-surveys/popest/data.html
WA,2006,6370753,U.S. Census Bureau Population Estimates,https://www.census.gov/programs-surveys/popest/data.html
WA,2007,6461587,U.S. Census Bureau Population Estimates,https://www.census.gov/programs-surveys/popest/data.html
WA,2008,6562231,U.S. Census Bureau Population Estimates,https://www.census.gov/programs-surveys/popest/data.html
WA,2009,6667426,U.S. Census Bureau Population Estimates,https://www.census.gov/programs-surveys/popest/data.html
WA,2010,6743636,U.S. Census Bureau Population Estimates,https://www.census.gov/programs-surveys/popest/data.html
WA,2011,6830679,U.S. Census Bureau Population Estimates,https://www.census.gov/programs-surveys/popest/data.html
WA,2012,6904301,U.S. Census Bureau Population Estimates,https://www.census.gov/programs-surveys/popest/data.html
WA,2013,6974389,U.S. Census Bureau Population Estimates,https://www.census.gov/programs-surveys/popest/data.html
WA,2014,7068166,U.S. Census Bureau Population Estimates,https://www.census.gov/programs-surveys/popest/data.html
WA,2015,7180644,U.S. Census Bureau Population Estimates,https://www.census.gov/programs-surveys/popest/data.html
WA,2016,7315972,U.S. Census Bureau Population Estimates,https://www.census.gov/programs-surveys/popest/data.html
WA,2017,7446444,U.S. Census Bureau Population Estimates,https://www.census.gov/programs-surveys/popest/data.html
WA,2018,7548121,U.S. Census Bureau Population Estimates,https://www.census.gov/programs-surveys/popest/data.html
WA,2019,7638394,U.S. Census Bureau Population Estimates,https://www.census.gov/programs-surveys/popest/data.html
WA,2020,7726812,U.S. Census Bureau Vintage 2025 Population Estimates,https://www2.census.gov/programs-surveys/popest/datasets/2020-2025/state/totals/NST-EST2025-ALLDATA.csv
WA,2021,7744316,U.S. Census Bureau Vintage 2025 Population Estimates,https://www2.census.gov/programs-surveys/popest/datasets/2020-2025/state/totals/NST-EST2025-ALLDATA.csv
WA,2022,7786828,U.S. Census Bureau Vintage 2025 Population Estimates,https://www2.census.gov/programs-surveys/popest/datasets/2020-2025/state/totals/NST-EST2025-ALLDATA.csv
WA,2023,7838655,U.S. Census Bureau Vintage 2025 Population Estimates,https://www2.census.gov/programs-surveys/popest/datasets/2020-2025/state/totals/NST-EST2025-ALLDATA.csv
WA,2024,7927958,U.S. Census Bureau Vintage 2025 Population Estimates,https://www2.census.gov/programs-surveys/popest/datasets/2020-2025/state/totals/NST-EST2025-ALLDATA.csv
WI,1991,4952675,U.S. Census Bureau Population Estimates,https://www.census.gov/programs-surveys/popest/data.html
WI,1992,5004636,U.S. Census Bureau Population Estimates,https://www.census.gov/programs-surveys/popest/data.html
WI,1993,5055318,U.S. Census Bureau Population Estimates,https://www.census.gov/programs-surveys/popest/data.html
WI,1994,5095504,U.S. Census Bureau Population Estimates,https://www.census.gov/programs-surveys/popest/data.html
WI,1995,5137004,U.S. Census Bureau Population Estimates,https://www.census.gov/programs-surveys/popest/data.html
WI,1996,5173828,U.S. Census Bureau Population Estimates,https://www.census.gov/programs-surveys/popest/data.html
WI,1997,5200235,U.S. Census Bureau Population Estimates,https://www.census.gov/programs-surveys/popest/data.html
WI,1998,5222124,U.S. Census Bureau Population Estimates,https://www.census.gov/programs-surveys/popest/data.html
WI,1999,5332666,U.S. Census Bureau Population Estimates,https://www.census.gov/programs-surveys/popest/data.html
WI,2000,5373999,U.S. Census Bureau Population Estimates,https://www.census.gov/programs-surveys/popest/data.html
WI,2001,5406835,U.S. Census Bureau Population Estimates,https://www.census.gov/programs-surveys/popest/data.html
WI,2002,5445162,U.S. Census Bureau Population Estimates,https://www.census.gov/programs-surveys/popest/data.html
WI,2003,5479203,U.S. Census Bureau Population Estimates,https://www.census.gov/programs-surveys/popest/data.html
WI,2004,5514026,U.S. Census Bureau Population Estimates,https://www.census.gov/programs-surveys/popest/data.html
WI,2005,5546166,U.S. Census Bureau Population Estimates,https://www.census.gov/programs-surveys/popest/data.html
WI,2006,5577655,U.S. Census Bureau Population Estimates,https://www.census.gov/programs-surveys/popest/data.html
WI,2007,5610775,U.S. Census Bureau Population Estimates,https://www.census.gov/programs-surveys/popest/data.html
WI,2008,5640996,U.S. Census Bureau Population Estimates,https://www.census.gov/programs-surveys/popest/data.html
WI,2009,5669264,U.S. Census Bureau Population Estimates,https://www.census.gov/programs-surveys/popest/data.html
WI,2010,5691981,U.S. Census Bureau Population Estimates,https://www.census.gov/programs-surveys/popest/data.html
WI,2011,5713241,U.S. Census Bureau Population Estimates,https://www.census.gov/programs-surveys/popest/data.html
WI,2012,5734060,U.S. Census Bureau Population Estimates,https://www.census.gov/programs-surveys/popest/data.html
WI,2013,5757141,U.S. Census Bureau Population Estimates,https://www.census.gov/programs-surveys/popest/data.html
WI,2014,5778153,U.S. Census Bureau Population Estimates,https://www.census.gov/programs-surveys/popest/data.html
WI,2015,5793859,U.S. Census Bureau Population Estimates,https://www.census.gov/programs-surveys/popest/data.html
WI,2016,5812059,U.S. Census Bureau Population Estimates,https://www.census.gov/programs-surveys/popest/data.html
WI,2017,5835936,U.S. Census Bureau Population Estimates,https://www.census.gov/programs-surveys/popest/data.html
WI,2018,5858331,U.S. Census Bureau Population Estimates,https://www.census.gov/programs-surveys/popest/data.html
WI,2019,5879852,U.S. Census Bureau Population Estimates,https://www.census.gov/programs-surveys/popest/data.html
WI,2020,5897371,U.S. Census Bureau Vintage 2025 Population Estimates,https://www2.census.gov/programs-surveys/popest/datasets/2020-2025/state/totals/NST-EST2025-ALLDATA.csv
WI,2021,5882128,U.S. Census Bureau Vintage 2025 Population Estimates,https://www2.census.gov/programs-surveys/popest/datasets/2020-2025/state/totals/NST-EST2025-ALLDATA.csv
WI,2022,5903472,U.S. Census Bureau Vintage 2025 Population Estimates,https://www2.census.gov/programs-surveys/popest/datasets/2020-2025/state/totals/NST-EST2025-ALLDATA.csv
WI,2023,5930350,U.S. Census Bureau Vintage 2025 Population Estimates,https://www2.census.gov/programs-surveys/popest/datasets/2020-2025/state/totals/NST-EST2025-ALLDATA.csv
WI,2024,5957168,U.S. Census Bureau Vintage 2025 Population Estimates,https://www2.census.gov/programs-surveys/popest/datasets/2020-2025/state/totals/NST-EST2025-ALLDATA.csv
WV,1991,1798212,U.S. Census Bureau Population Estimates,https://www.census.gov/programs-surveys/popest/data.html
WV,1992,1805462,U.S. Census Bureau Population Estimates,https://www.census.gov/programs-surveys/popest/data.html
WV,1993,1816179,U.S. Census Bureau Population Estimates,https://www.census.gov/programs-surveys/popest/data.html
WV,1994,1818490,U.S. Census Bureau Population Estimates,https://www.census.gov/programs-surveys/popest/data.html
WV,1995,1820560,U.S. Census Bureau Population Estimates,https://www.census.gov/programs-surveys/popest/data.html
WV,1996,1818983,U.S. Census Bureau Population Estimates,https://www.census.gov/programs-surveys/popest/data.html
WV,1997,1815588,U.S. Census Bureau Population Estimates,https://www.census.gov/programs-surveys/popest/data.html
WV,1998,1811688,U.S. Census Bureau Population Estimates,https://www.census.gov/programs-surveys/popest/data.html
WV,1999,1811799,U.S. Census Bureau Population Estimates,https://www.census.gov/programs-surveys/popest/data.html
WV,2000,1807021,U.S. Census Bureau Population Estimates,https://www.census.gov/programs-surveys/popest/data.html
WV,2001,1801481,U.S. Census Bureau Population Estimates,https://www.census.gov/programs-surveys/popest/data.html
WV,2002,1805414,U.S. Census Bureau Population Estimates,https://www.census.gov/programs-surveys/popest/data.html
WV,2003,1812295,U.S. Census Bureau Population Estimates,https://www.census.gov/programs-surveys/popest/data.html
WV,2004,1816438,U.S. Census Bureau Population Estimates,https://www.census.gov/programs-surveys/popest/data.html
WV,2005,1820492,U.S. Census Bureau Population Estimates,https://www.census.gov/programs-surveys/popest/data.html
WV,2006,1827912,U.S. Census Bureau Population Estimates,https://www.census.gov/programs-surveys/popest/data.html
WV,2007,1834052,U.S. Census Bureau Population Estimates,https://www.census.gov/programs-surveys/popest/data.html
WV,2008,1840310,U.S. Census Bureau Population Estimates,https://www.census.gov/programs-surveys/popest/data.html
WV,2009,1847775,U.S. Census Bureau Population Estimates,https://www.census.gov/programs-surveys/popest/data.html
WV,2010,1854401,U.S. Census Bureau Population Estimates,https://www.census.gov/programs-surveys/popest/data.html
WV,2011,1857416,U.S. Census Bureau Population Estimates,https://www.census.gov/programs-surveys/popest/data.html
WV,2012,1858856,U.S. Census Bureau Population Estimates,https://www.census.gov/programs-surveys/popest/data.html
WV,2013,1856767,U.S. Census Bureau Population Estimates,https://www.census.gov/programs-surveys/popest/data.html
WV,2014,1853147,U.S. Census Bureau Population Estimates,https://www.census.gov/programs-surveys/popest/data.html
WV,2015,1846474,U.S. Census Bureau Population Estimates,https://www.census.gov/programs-surveys/popest/data.html
WV,2016,1836072,U.S. Census Bureau Population Estimates,https://www.census.gov/programs-surveys/popest/data.html
WV,2017,1822737,U.S. Census Bureau Population Estimates,https://www.census.gov/programs-surveys/popest/data.html
WV,2018,1810506,U.S. Census Bureau Population Estimates,https://www.census.gov/programs-surveys/popest/data.html
WV,2019,1800361,U.S. Census Bureau Population Estimates,https://www.census.gov/programs-surveys/popest/data.html
WV,2020,1791670,U.S. Census Bureau Vintage 2025 Population Estimates,https://www2.census.gov/programs-surveys/popest/datasets/2020-2025/state/totals/NST-EST2025-ALLDATA.csv
WV,2021,1785921,U.S. Census Bureau Vintage 2025 Population Estimates,https://www2.census.gov/programs-surveys/popest/datasets/2020-2025/state/totals/NST-EST2025-ALLDATA.csv
WV,2022,1774003,U.S. Census Bureau Vintage 2025 Population Estimates,https://www2.census.gov/programs-surveys/popest/datasets/2020-2025/state/totals/NST-EST2025-ALLDATA.csv
WV,2023,1770036,U.S. Census Bureau Vintage 2025 Population Estimates,https://www2.census.gov/programs-surveys/popest/datasets/2020-2025/state/totals/NST-EST2025-ALLDATA.csv
WV,2024,1767402,U.S. Census Bureau Vintage 2025 Population Estimates,https://www2.census.gov/programs-surveys/popest/datasets/2020-2025/state/totals/NST-EST2025-ALLDATA.csv
WY,1991,457739,U.S. Census Bureau Population Estimates,https://www.census.gov/programs-surveys/popest/data.html
WY,1992,463491,U.S. Census Bureau Population Estimates,https://www.census.gov/programs-surveys/popest/data.html
WY,1993,469033,U.S. Census Bureau Population Estimates,https://www.census.gov/programs-surveys/popest/data.html
WY,1994,474982,U.S. Census Bureau Population Estimates,https://www.census.gov/programs-surveys/popest/data.html
WY,1995,478447,U.S. Census Bureau Population Estimates,https://www.census.gov/programs-surveys/popest/data.html
WY,1996,480085,U.S. Census Bureau Population Estimates,https://www.census.gov/programs-surveys/popest/data.html
WY,1997,480031,U.S. Census Bureau Population Estimates,https://www.census.gov/programs-surveys/popest/data.html
WY,1998,480045,U.S. Census Bureau Population Estimates,https://www.census.gov/programs-surveys/popest/data.html
WY,1999,491780,U.S. Census Bureau Population Estimates,https://www.census.gov/programs-surveys/popest/data.html
WY,2000,494300,U.S. Census Bureau Population Estimates,https://www.census.gov/programs-surveys/popest/data.html
WY,2001,494657,U.S. Census Bureau Population Estimates,https://www.census.gov/programs-surveys/popest/data.html
WY,2002,500017,U.S. Census Bureau Population Estimates,https://www.census.gov/programs-surveys/popest/data.html
WY,2003,503453,U.S. Census Bureau Population Estimates,https://www.census.gov/programs-surveys/popest/data.html
WY,2004,509106,U.S. Census Bureau Population Estimates,https://www.census.gov/programs-surveys/popest/data.html
WY,2005,514157,U.S. Census Bureau Population Estimates,https://www.census.gov/programs-surveys/popest/data.html
WY,2006,522667,U.S. Census Bureau Population Estimates,https://www.census.gov/programs-surveys/popest/data.html
WY,2007,534876,U.S. Census Bureau Population Estimates,https://www.census.gov/programs-surveys/popest/data.html
WY,2008,546043,U.S. Census Bureau Population Estimates,https://www.census.gov/programs-surveys/popest/data.html
WY,2009,559851,U.S. Census Bureau Population Estimates,https://www.census.gov/programs-surveys/popest/data.html
WY,2010,564428,U.S. Census Bureau Population Estimates,https://www.census.gov/programs-surveys/popest/data.html
WY,2011,566891,U.S. Census Bureau Population Estimates,https://www.census.gov/programs-surveys/popest/data.html
WY,2012,575503,U.S. Census Bureau Population Estimates,https://www.census.gov/programs-surveys/popest/data.html
WY,2013,580948,U.S. Census Bureau Population Estimates,https://www.census.gov/programs-surveys/popest/data.html
WY,2014,580951,U.S. Census Bureau Population Estimates,https://www.census.gov/programs-surveys/popest/data.html
WY,2015,583663,U.S. Census Bureau Population Estimates,https://www.census.gov/programs-surveys/popest/data.html
WY,2016,582012,U.S. Census Bureau Population Estimates,https://www.census.gov/programs-surveys/popest/data.html
WY,2017,576220,U.S. Census Bureau Population Estimates,https://www.census.gov/programs-surveys/popest/data.html
WY,2018,574757,U.S. Census Bureau Population Estimates,https://www.census.gov/programs-surveys/popest/data.html
WY,2019,575304,U.S. Census Bureau Population Estimates,https://www.census.gov/programs-surveys/popest/data.html
WY,2020,577669,U.S. Census Bureau Vintage 2025 Population Estimates,https://www2.census.gov/programs-surveys/popest/datasets/2020-2025/state/totals/NST-EST2025-ALLDATA.csv
WY,2021,579662,U.S. Census Bureau Vintage 2025 Population Estimates,https://www2.census.gov/programs-surveys/popest/datasets/2020-2025/state/totals/NST-EST2025-ALLDATA.csv
WY,2022,581742,U.S. Census Bureau Vintage 2025 Population Estimates,https://www2.census.gov/programs-surveys/popest/datasets/2020-2025/state/totals/NST-EST2025-ALLDATA.csv
WY,2023,584666,U.S. Census Bureau Vintage 2025 Population Estimates,https://www2.census.gov/programs-surveys/popest/datasets/2020-2025/state/totals/NST-EST2025-ALLDATA.csv
WY,2024,586722,U.S. Census Bureau Vintage 2025 Population Estimates,https://www2.census.gov/programs-surveys/popest/datasets/2020-2025/state/totals/NST-EST2025-ALLDATA.csv
