directory_year,survey_year,characteristic,value,label,asked,comparable,notes
1998,1998,ownership,private_unspecified,Private (type unspecified),True,False,Earlier directories do not consistently separate private ownership type.
1998,1998,ownership,private_nonprofit,Private nonprofit,False,True,
1998,1998,ownership,private_forprofit,Private for-profit,False,True,
1998,1998,ownership,local_government,Local/county government,False,True,
1998,1998,ownership,state_government,State government,False,True,
1998,1998,ownership,tribal_government,Tribal government,False,True,
1998,1998,ownership,federal_dod,Federal: Department of Defense,False,True,
1998,1998,ownership,federal_ihs,Federal: Indian Health Service,False,True,
1998,1998,ownership,federal_va,Federal: Veterans Affairs,False,True,
1998,1998,center_type,substance_use,Substance use treatment,True,True,
1998,1998,center_type,detoxification,Detoxification,True,True,
1998,1998,center_type,transitional_housing,Transitional housing/halfway house,True,True,
1998,1998,center_type,mental_health,Mental health treatment,True,True,
1998,1998,center_type,cooccurring,Co-occurring mental health and substance use,False,True,
1998,1998,setting,outpatient,Outpatient,True,True,
1998,1998,setting,residential,Residential,True,True,
1998,1998,setting,hospital_inpatient,Hospital inpatient,True,True,
1998,1998,payment,medicare,Medicare,True,True,
1998,1998,payment,medicaid,Medicaid,True,True,
1998,1998,payment,military_insurance,Military insurance,True,True,
1998,1998,payment,private_insurance,Private health insurance,True,True,
1998,1998,payment,self_pay,Cash or self-payment,False,True,
1998,1998,payment,state_financed,State-financed insurance,False,True,
1998,1998,payment,payment_assistance,Payment assistance,True,True,
1998,1998,payment,sliding_fee,Sliding fee scale,True,True,
1998,1998,service_family,substance_use_treatment,Substance use treatment,True,True,
1998,1998,service_family,detoxification,Detoxification,True,True,
1998,1998,service_family,transitional_housing,Transitional housing/halfway house,True,True,
1998,1998,service_family,cooccurring,Co-occurring mental health and substance use treatment,False,True,
1998,1998,service_family,outpatient_treatment,Outpatient treatment,True,True,
1998,1998,service_family,residential_treatment,Residential treatment,True,True,
1998,1998,service_family,hospital_inpatient,Hospital inpatient treatment,True,True,
1998,1998,service_family,opioid_treatment_program,SAMHSA-certified opioid treatment program,False,True,
1998,1998,service_family,methadone,Methadone services,False,True,
1998,1998,service_family,buprenorphine,Buprenorphine services,True,True,
1998,1998,service_family,naltrexone,Naltrexone services,False,True,
1998,1998,service_family,telehealth,Telehealth/telemedicine,False,True,
1998,1998,original_code,AD,Adolescents,True,False,Original SAMHSA directory code; meaning and availability may vary by year.
1998,1998,original_code,AR,AR,True,False,Original SAMHSA directory code; meaning and availability may vary by year.
1998,1998,original_code,BU,Buprenorphine used in treatment,True,False,Original SAMHSA directory code; meaning and availability may vary by year.
1998,1998,original_code,CH,"Community Health Center, Migrant Health Center, Urban Indian Program, Health Care for the",True,False,Original SAMHSA directory code; meaning and availability may vary by year.
1998,1998,original_code,CJ,Criminal justice or correctional facility,True,False,Original SAMHSA directory code; meaning and availability may vary by year.
1998,1998,original_code,CM,Community Mental Health Center or other mental health facility,True,False,Original SAMHSA directory code; meaning and availability may vary by year.
1998,1998,original_code,CO,Community or religious organization/agency,True,False,Original SAMHSA directory code; meaning and availability may vary by year.
1998,1998,original_code,CT,CT,True,False,Original SAMHSA directory code; meaning and availability may vary by year.
1998,1998,original_code,DD,Dually diagnosed,True,False,Original SAMHSA directory code; meaning and availability may vary by year.
1998,1998,original_code,DT,Detoxification,True,False,Original SAMHSA directory code; meaning and availability may vary by year.
1998,1998,original_code,DU,DU,True,False,Original SAMHSA directory code; meaning and availability may vary by year.
1998,1998,original_code,FG,"Federal government (includes VA, CHAMPUS, CHAMPVA)",True,False,Original SAMHSA directory code; meaning and availability may vary by year.
1998,1998,original_code,GH,General hospital,True,False,Original SAMHSA directory code; meaning and availability may vary by year.
1998,1998,original_code,HH,Transitional housing or halfway house,True,False,Original SAMHSA directory code; meaning and availability may vary by year.
1998,1998,original_code,HI,Hospital inpatient,True,False,Original SAMHSA directory code; meaning and availability may vary by year.
1998,1998,original_code,HV,Persons with HIV/AIDS,True,False,Original SAMHSA directory code; meaning and availability may vary by year.
1998,1998,original_code,ICO,ICO,True,False,Original SAMHSA directory code; meaning and availability may vary by year.
1998,1998,original_code,ID,Hospital inpatient detoxification,True,False,Original SAMHSA directory code; meaning and availability may vary by year.
1998,1998,original_code,IO,Intensive outpatient rehabilitation,True,False,Original SAMHSA directory code; meaning and availability may vary by year.
1998,1998,original_code,IR,Hospital inpatient rehabilitation,True,False,Original SAMHSA directory code; meaning and availability may vary by year.
1998,1998,original_code,MC,Medicare,True,False,Original SAMHSA directory code; meaning and availability may vary by year.
1998,1998,original_code,MD,Medicaid,True,False,Original SAMHSA directory code; meaning and availability may vary by year.
1998,1998,original_code,MH,MH,True,False,Original SAMHSA directory code; meaning and availability may vary by year.
1998,1998,original_code,MI,Military insurance,True,False,Original SAMHSA directory code; meaning and availability may vary by year.
1998,1998,original_code,ML,Methadone/LA AM,True,False,Original SAMHSA directory code; meaning and availability may vary by year.
1998,1998,original_code,MO,MO,True,False,Original SAMHSA directory code; meaning and availability may vary by year.
1998,1998,original_code,OD,Outpatient detoxification,True,False,Original SAMHSA directory code; meaning and availability may vary by year.
1998,1998,original_code,OH,Other specialized hospital,True,False,Original SAMHSA directory code; meaning and availability may vary by year.
1998,1998,original_code,OR,Outpatient rehabilitation,True,False,Original SAMHSA directory code; meaning and availability may vary by year.
1998,1998,original_code,OS,Other substance abuse services,True,False,Original SAMHSA directory code; meaning and availability may vary by year.
1998,1998,original_code,OW,OW,True,False,Original SAMHSA directory code; meaning and availability may vary by year.
1998,1998,original_code,PA,Payment assistance,True,False,Original SAMHSA directory code; meaning and availability may vary by year.
1998,1998,original_code,PH,Partial hospitalization/day treatment,True,False,Original SAMHSA directory code; meaning and availability may vary by year.
1998,1998,original_code,PI,Private health insurance,True,False,Original SAMHSA directory code; meaning and availability may vary by year.
1998,1998,original_code,PV,Primary prevention,True,False,Original SAMHSA directory code; meaning and availability may vary by year.
1998,1998,original_code,PW,Pregnant and postpartum women,True,False,Original SAMHSA directory code; meaning and availability may vary by year.
1998,1998,original_code,RD,Residential detoxification,True,False,Original SAMHSA directory code; meaning and availability may vary by year.
1998,1998,original_code,RR,Residential rehabilitation,True,False,Original SAMHSA directory code; meaning and availability may vary by year.
1998,1998,original_code,RS,Short-term residential,True,False,Original SAMHSA directory code; meaning and availability may vary by year.
1998,1998,original_code,SA,Substance use treatment,True,False,Original SAMHSA directory code; meaning and availability may vary by year.
1998,1998,original_code,SC,School,True,False,Original SAMHSA directory code; meaning and availability may vary by year.
1998,1998,original_code,SG,Solo or group practice,True,False,Original SAMHSA directory code; meaning and availability may vary by year.
1998,1998,original_code,SP,Spanish,True,False,Original SAMHSA directory code; meaning and availability may vary by year.
1998,1998,original_code,SS,Sliding fee scale,True,False,Original SAMHSA directory code; meaning and availability may vary by year.
1998,1998,original_code,TA,TA,True,False,Original SAMHSA directory code; meaning and availability may vary by year.
1998,1998,original_code,TC,Therapeutic Community,True,False,Original SAMHSA directory code; meaning and availability may vary by year.
1998,1998,original_code,TX,Substance abuse treatment,True,False,Original SAMHSA directory code; meaning and availability may vary by year.
1998,1998,original_code,UN,UN,True,False,Original SAMHSA directory code; meaning and availability may vary by year.
1998,1998,original_code,WO,WO,True,False,Original SAMHSA directory code; meaning and availability may vary by year.
2000,1999,ownership,private_unspecified,Private (type unspecified),True,False,Earlier directories do not consistently separate private ownership type.
2000,1999,ownership,private_nonprofit,Private nonprofit,False,True,
2000,1999,ownership,private_forprofit,Private for-profit,False,True,
2000,1999,ownership,local_government,Local/county government,False,True,
2000,1999,ownership,state_government,State government,False,True,
2000,1999,ownership,tribal_government,Tribal government,False,True,
2000,1999,ownership,federal_dod,Federal: Department of Defense,False,True,
2000,1999,ownership,federal_ihs,Federal: Indian Health Service,True,True,
2000,1999,ownership,federal_va,Federal: Veterans Affairs,False,True,
2000,1999,center_type,substance_use,Substance use treatment,True,True,
2000,1999,center_type,detoxification,Detoxification,True,True,
2000,1999,center_type,transitional_housing,Transitional housing/halfway house,True,True,
2000,1999,center_type,mental_health,Mental health treatment,True,True,
2000,1999,center_type,cooccurring,Co-occurring mental health and substance use,False,True,
2000,1999,setting,outpatient,Outpatient,True,True,
2000,1999,setting,residential,Residential,True,True,
2000,1999,setting,hospital_inpatient,Hospital inpatient,True,True,
2000,1999,payment,medicare,Medicare,True,True,
2000,1999,payment,medicaid,Medicaid,True,True,
2000,1999,payment,military_insurance,Military insurance,True,True,
2000,1999,payment,private_insurance,Private health insurance,True,True,
2000,1999,payment,self_pay,Cash or self-payment,False,True,
2000,1999,payment,state_financed,State-financed insurance,True,True,
2000,1999,payment,payment_assistance,Payment assistance,True,True,
2000,1999,payment,sliding_fee,Sliding fee scale,True,True,
2000,1999,service_family,substance_use_treatment,Substance use treatment,True,True,
2000,1999,service_family,detoxification,Detoxification,True,True,
2000,1999,service_family,transitional_housing,Transitional housing/halfway house,True,True,
2000,1999,service_family,cooccurring,Co-occurring mental health and substance use treatment,False,True,
2000,1999,service_family,outpatient_treatment,Outpatient treatment,True,True,
2000,1999,service_family,residential_treatment,Residential treatment,True,True,
2000,1999,service_family,hospital_inpatient,Hospital inpatient treatment,True,True,
2000,1999,service_family,opioid_treatment_program,SAMHSA-certified opioid treatment program,False,True,
2000,1999,service_family,methadone,Methadone services,True,True,
2000,1999,service_family,buprenorphine,Buprenorphine services,True,True,
2000,1999,service_family,naltrexone,Naltrexone services,False,True,
2000,1999,service_family,telehealth,Telehealth/telemedicine,False,True,
2000,1999,original_code,AD,Adolescents,True,False,Original SAMHSA directory code; meaning and availability may vary by year.
2000,1999,original_code,ADD,WEBSITE: facility number 4 porn the top),True,False,Original SAMHSA directory code; meaning and availability may vary by year.
2000,1999,original_code,AH,Services for deaf and hard of hearing,True,False,Original SAMHSA directory code; meaning and availability may vary by year.
2000,1999,original_code,AR,AR,True,False,Original SAMHSA directory code; meaning and availability may vary by year.
2000,1999,original_code,BC,BC,True,False,Original SAMHSA directory code; meaning and availability may vary by year.
2000,1999,original_code,BU,Buprenorphine used in treatment,True,False,Original SAMHSA directory code; meaning and availability may vary by year.
2000,1999,original_code,CH,CH,True,False,Original SAMHSA directory code; meaning and availability may vary by year.
2000,1999,original_code,CJ,Other criminal justice groups,True,False,Original SAMHSA directory code; meaning and availability may vary by year.
2000,1999,original_code,CO,CO,True,False,Original SAMHSA directory code; meaning and availability may vary by year.
2000,1999,original_code,COA,COA,True,False,Original SAMHSA directory code; meaning and availability may vary by year.
2000,1999,original_code,DD,Dually diagnosed,True,False,Original SAMHSA directory code; meaning and availability may vary by year.
2000,1999,original_code,DT,Detoxification,True,False,Original SAMHSA directory code; meaning and availability may vary by year.
2000,1999,original_code,DU,DUI/DWI offenders,True,False,Original SAMHSA directory code; meaning and availability may vary by year.
2000,1999,original_code,DV,DV,True,False,Original SAMHSA directory code; meaning and availability may vary by year.
2000,1999,original_code,FX,FX,True,False,Original SAMHSA directory code; meaning and availability may vary by year.
2000,1999,original_code,GH,General health services,True,False,Original SAMHSA directory code; meaning and availability may vary by year.
2000,1999,original_code,GL,GL,True,False,Original SAMHSA directory code; meaning and availability may vary by year.
2000,1999,original_code,HAV,HAV,True,False,Original SAMHSA directory code; meaning and availability may vary by year.
2000,1999,original_code,HH,Transitional housing or halfway house,True,False,Original SAMHSA directory code; meaning and availability may vary by year.
2000,1999,original_code,HI,Hospital inpatient,True,False,Original SAMHSA directory code; meaning and availability may vary by year.
2000,1999,original_code,HID,HID,True,False,Original SAMHSA directory code; meaning and availability may vary by year.
2000,1999,original_code,HV,Persons with HIV/AIDS,True,False,Original SAMHSA directory code; meaning and availability may vary by year.
2000,1999,original_code,ICO,ICO,True,False,Original SAMHSA directory code; meaning and availability may vary by year.
2000,1999,original_code,ID,ID,True,False,Original SAMHSA directory code; meaning and availability may vary by year.
2000,1999,original_code,IH,Indian Health Service,True,False,Original SAMHSA directory code; meaning and availability may vary by year.
2000,1999,original_code,IO,IO,True,False,Original SAMHSA directory code; meaning and availability may vary by year.
2000,1999,original_code,MC,Medicare,True,False,Original SAMHSA directory code; meaning and availability may vary by year.
2000,1999,original_code,MD,Medicaid,True,False,Original SAMHSA directory code; meaning and availability may vary by year.
2000,1999,original_code,MF,MF,True,False,Original SAMHSA directory code; meaning and availability may vary by year.
2000,1999,original_code,MH,Mental health services,True,False,Original SAMHSA directory code; meaning and availability may vary by year.
2000,1999,original_code,MH-SA,Mix ofmental health and substance abuse services,True,False,Original SAMHSA directory code; meaning and availability may vary by year.
2000,1999,original_code,MI,Military insurance,True,False,Original SAMHSA directory code; meaning and availability may vary by year.
2000,1999,original_code,ML,Methadone/LAAM (Includes use for maintenance,True,False,Original SAMHSA directory code; meaning and availability may vary by year.
2000,1999,original_code,MM,Methadone maintenance,True,False,Original SAMHSA directory code; meaning and availability may vary by year.
2000,1999,original_code,MO,MO,True,False,Original SAMHSA directory code; meaning and availability may vary by year.
2000,1999,original_code,MOA,MOA,True,False,Original SAMHSA directory code; meaning and availability may vary by year.
2000,1999,original_code,OA,Other assistance,True,False,Original SAMHSA directory code; meaning and availability may vary by year.
2000,1999,original_code,OD,Outpatient detoxification,True,False,Original SAMHSA directory code; meaning and availability may vary by year.
2000,1999,original_code,OH,OH,True,False,Original SAMHSA directory code; meaning and availability may vary by year.
2000,1999,original_code,OP,Outpatient,True,False,Original SAMHSA directory code; meaning and availability may vary by year.
2000,1999,original_code,OR,OR,True,False,Original SAMHSA directory code; meaning and availability may vary by year.
2000,1999,original_code,ORT,Regular outpatient treatment,True,False,Original SAMHSA directory code; meaning and availability may vary by year.
2000,1999,original_code,OS,OS,True,False,Original SAMHSA directory code; meaning and availability may vary by year.
2000,1999,original_code,OW,Other women's groups,True,False,Original SAMHSA directory code; meaning and availability may vary by year.
2000,1999,original_code,PA,Payment assistance,True,False,Original SAMHSA directory code; meaning and availability may vary by year.
2000,1999,original_code,PH,Partial hospitalization/day treatment,True,False,Original SAMHSA directory code; meaning and availability may vary by year.
2000,1999,original_code,PI,Private health insurance,True,False,Original SAMHSA directory code; meaning and availability may vary by year.
2000,1999,original_code,PL,PL,True,False,Original SAMHSA directory code; meaning and availability may vary by year.
2000,1999,original_code,PV,PV,True,False,Original SAMHSA directory code; meaning and availability may vary by year.
2000,1999,original_code,PW,Pregnant/postpartum women,True,False,Original SAMHSA directory code; meaning and availability may vary by year.
2000,1999,original_code,RD,Residential detoxification,True,False,Original SAMHSA directory code; meaning and availability may vary by year.
2000,1999,original_code,RR,Non-hospital residential (24 hour),True,False,Original SAMHSA directory code; meaning and availability may vary by year.
2000,1999,original_code,RS,Short-term residential,True,False,Original SAMHSA directory code; meaning and availability may vary by year.
2000,1999,original_code,SA,Substance use treatment,True,False,Original SAMHSA directory code; meaning and availability may vary by year.
2000,1999,original_code,SC,Department of Alcohol and Fax: (801) 538-4696,True,False,Original SAMHSA directory code; meaning and availability may vary by year.
2000,1999,original_code,SI,State-financed insurance,True,False,Original SAMHSA directory code; meaning and availability may vary by year.
2000,1999,original_code,SP,Spanish,True,False,Original SAMHSA directory code; meaning and availability may vary by year.
2000,1999,original_code,SS,Sliding fee scale,True,False,Original SAMHSA directory code; meaning and availability may vary by year.
2000,1999,original_code,TA,TA,True,False,Original SAMHSA directory code; meaning and availability may vary by year.
2000,1999,original_code,TC,TC,True,False,Original SAMHSA directory code; meaning and availability may vary by year.
2000,1999,original_code,TX,Substance abuse treatment,True,False,Original SAMHSA directory code; meaning and availability may vary by year.
2000,1999,original_code,UN,UN,True,False,Original SAMHSA directory code; meaning and availability may vary by year.
2000,1999,original_code,WO,WO,True,False,Original SAMHSA directory code; meaning and availability may vary by year.
2001,2000,ownership,private_unspecified,Private (type unspecified),False,False,Earlier directories do not consistently separate private ownership type.
2001,2000,ownership,private_nonprofit,Private nonprofit,False,True,
2001,2000,ownership,private_forprofit,Private for-profit,False,True,
2001,2000,ownership,local_government,Local/county government,False,True,
2001,2000,ownership,state_government,State government,False,True,
2001,2000,ownership,tribal_government,Tribal government,False,True,
2001,2000,ownership,federal_dod,Federal: Department of Defense,False,True,
2001,2000,ownership,federal_ihs,Federal: Indian Health Service,False,True,
2001,2000,ownership,federal_va,Federal: Veterans Affairs,False,True,
2001,2000,center_type,substance_use,Substance use treatment,True,True,
2001,2000,center_type,detoxification,Detoxification,True,True,
2001,2000,center_type,transitional_housing,Transitional housing/halfway house,True,True,
2001,2000,center_type,mental_health,Mental health treatment,True,True,
2001,2000,center_type,cooccurring,Co-occurring mental health and substance use,False,True,
2001,2000,setting,outpatient,Outpatient,True,True,
2001,2000,setting,residential,Residential,True,True,
2001,2000,setting,hospital_inpatient,Hospital inpatient,True,True,
2001,2000,payment,medicare,Medicare,True,True,
2001,2000,payment,medicaid,Medicaid,True,True,
2001,2000,payment,military_insurance,Military insurance,True,True,
2001,2000,payment,private_insurance,Private health insurance,True,True,
2001,2000,payment,self_pay,Cash or self-payment,True,True,
2001,2000,payment,state_financed,State-financed insurance,True,True,
2001,2000,payment,payment_assistance,Payment assistance,True,True,
2001,2000,payment,sliding_fee,Sliding fee scale,True,True,
2001,2000,service_family,substance_use_treatment,Substance use treatment,True,True,
2001,2000,service_family,detoxification,Detoxification,True,True,
2001,2000,service_family,transitional_housing,Transitional housing/halfway house,True,True,
2001,2000,service_family,cooccurring,Co-occurring mental health and substance use treatment,False,True,
2001,2000,service_family,outpatient_treatment,Outpatient treatment,True,True,
2001,2000,service_family,residential_treatment,Residential treatment,True,True,
2001,2000,service_family,hospital_inpatient,Hospital inpatient treatment,True,True,
2001,2000,service_family,opioid_treatment_program,SAMHSA-certified opioid treatment program,False,True,
2001,2000,service_family,methadone,Methadone services,True,True,
2001,2000,service_family,buprenorphine,Buprenorphine services,False,True,
2001,2000,service_family,naltrexone,Naltrexone services,False,True,
2001,2000,service_family,telehealth,Telehealth/telemedicine,False,True,
2001,2000,original_code,AD,Adolescents,True,False,Original SAMHSA directory code; meaning and availability may vary by year.
2001,2000,original_code,AH,Services for deaf and hard of hearing,True,False,Original SAMHSA directory code; meaning and availability may vary by year.
2001,2000,original_code,AR,AR,True,False,Original SAMHSA directory code; meaning and availability may vary by year.
2001,2000,original_code,CH,CH,True,False,Original SAMHSA directory code; meaning and availability may vary by year.
2001,2000,original_code,CJ,Other criminal justice groups,True,False,Original SAMHSA directory code; meaning and availability may vary by year.
2001,2000,original_code,CO,CO,True,False,Original SAMHSA directory code; meaning and availability may vary by year.
2001,2000,original_code,COA,COA,True,False,Original SAMHSA directory code; meaning and availability may vary by year.
2001,2000,original_code,DD,Dually diagnosed,True,False,Original SAMHSA directory code; meaning and availability may vary by year.
2001,2000,original_code,DM,Methadone detoxification,True,False,Original SAMHSA directory code; meaning and availability may vary by year.
2001,2000,original_code,DT,Detoxification,True,False,Original SAMHSA directory code; meaning and availability may vary by year.
2001,2000,original_code,DU,DUI/DWI offenders,True,False,Original SAMHSA directory code; meaning and availability may vary by year.
2001,2000,original_code,DV,DV,True,False,Original SAMHSA directory code; meaning and availability may vary by year.
2001,2000,original_code,F1,Arabic F22 Hmong F43 Patois,True,False,Original SAMHSA directory code; meaning and availability may vary by year.
2001,2000,original_code,F10,Dutch F31 Lao F51 Slovak,True,False,Original SAMHSA directory code; meaning and availability may vary by year.
2001,2000,original_code,F11,Farsi F32 Lithuanian F52 Somali,True,False,Original SAMHSA directory code; meaning and availability may vary by year.
2001,2000,original_code,F12,Fijian F33 Loa F53 Swahili,True,False,Original SAMHSA directory code; meaning and availability may vary by year.
2001,2000,original_code,F13,Filipino/ F34 Malay F54 Tagalog,True,False,Original SAMHSA directory code; meaning and availability may vary by year.
2001,2000,original_code,F14,Finnish F36 Mandarin F56 Toisan,True,False,Original SAMHSA directory code; meaning and availability may vary by year.
2001,2000,original_code,F15,French F37 Mien F57 Ukrainian,True,False,Original SAMHSA directory code; meaning and availability may vary by year.
2001,2000,original_code,F16,German F38 Napoli F58 Urdu,True,False,Original SAMHSA directory code; meaning and availability may vary by year.
2001,2000,original_code,F17,Greek F39 Nepali F59 Vietnamese,True,False,Original SAMHSA directory code; meaning and availability may vary by year.
2001,2000,original_code,F18,Gujarati F40 Norse F60 Yapese,True,False,Original SAMHSA directory code; meaning and availability may vary by year.
2001,2000,original_code,F19,Haitian F41 Palauan F61 Yiddish,True,False,Original SAMHSA directory code; meaning and availability may vary by year.
2001,2000,original_code,F2,Armenian F23 Hungarian F44 Polish,True,False,Original SAMHSA directory code; meaning and availability may vary by year.
2001,2000,original_code,F20,Hebrew F42 Panj abi F62 Yugoslavian,True,False,Original SAMHSA directory code; meaning and availability may vary by year.
2001,2000,original_code,F21,Hindi,True,False,Original SAMHSA directory code; meaning and availability may vary by year.
2001,2000,original_code,F22,Hebrew F45 Palauan F66 Yugoslavian,True,False,Original SAMHSA directory code; meaning and availability may vary by year.
2001,2000,original_code,F23,Hindi,True,False,Original SAMHSA directory code; meaning and availability may vary by year.
2001,2000,original_code,F24,F24,True,False,Original SAMHSA directory code; meaning and availability may vary by year.
2001,2000,original_code,F25,F25,True,False,Original SAMHSA directory code; meaning and availability may vary by year.
2001,2000,original_code,F26,F26,True,False,Original SAMHSA directory code; meaning and availability may vary by year.
2001,2000,original_code,F27,F27,True,False,Original SAMHSA directory code; meaning and availability may vary by year.
2001,2000,original_code,F28,F28,True,False,Original SAMHSA directory code; meaning and availability may vary by year.
2001,2000,original_code,F29,F29,True,False,Original SAMHSA directory code; meaning and availability may vary by year.
2001,2000,original_code,F3,Basque F24 Ilicano F45 Portuguese,True,False,Original SAMHSA directory code; meaning and availability may vary by year.
2001,2000,original_code,F30,F30,True,False,Original SAMHSA directory code; meaning and availability may vary by year.
2001,2000,original_code,F31,F31,True,False,Original SAMHSA directory code; meaning and availability may vary by year.
2001,2000,original_code,F32,F32,True,False,Original SAMHSA directory code; meaning and availability may vary by year.
2001,2000,original_code,F33,F33,True,False,Original SAMHSA directory code; meaning and availability may vary by year.
2001,2000,original_code,F34,F34,True,False,Original SAMHSA directory code; meaning and availability may vary by year.
2001,2000,original_code,F35,F35,True,False,Original SAMHSA directory code; meaning and availability may vary by year.
2001,2000,original_code,F36,F36,True,False,Original SAMHSA directory code; meaning and availability may vary by year.
2001,2000,original_code,F38,F38,True,False,Original SAMHSA directory code; meaning and availability may vary by year.
2001,2000,original_code,F39,F39,True,False,Original SAMHSA directory code; meaning and availability may vary by year.
2001,2000,original_code,F4,Bosnian F25 Italian F46 Russian,True,False,Original SAMHSA directory code; meaning and availability may vary by year.
2001,2000,original_code,F40,F40,True,False,Original SAMHSA directory code; meaning and availability may vary by year.
2001,2000,original_code,F41,F41,True,False,Original SAMHSA directory code; meaning and availability may vary by year.
2001,2000,original_code,F44,F44,True,False,Original SAMHSA directory code; meaning and availability may vary by year.
2001,2000,original_code,F45,F45,True,False,Original SAMHSA directory code; meaning and availability may vary by year.
2001,2000,original_code,F47,F47,True,False,Original SAMHSA directory code; meaning and availability may vary by year.
2001,2000,original_code,F48,F48,True,False,Original SAMHSA directory code; meaning and availability may vary by year.
2001,2000,original_code,F49,F49,True,False,Original SAMHSA directory code; meaning and availability may vary by year.
2001,2000,original_code,F5,Cambodian F26 Jamaican F47 Samoan,True,False,Original SAMHSA directory code; meaning and availability may vary by year.
2001,2000,original_code,F50,F50,True,False,Original SAMHSA directory code; meaning and availability may vary by year.
2001,2000,original_code,F51,F51,True,False,Original SAMHSA directory code; meaning and availability may vary by year.
2001,2000,original_code,F52,F52,True,False,Original SAMHSA directory code; meaning and availability may vary by year.
2001,2000,original_code,F53,F53,True,False,Original SAMHSA directory code; meaning and availability may vary by year.
2001,2000,original_code,F54,F54,True,False,Original SAMHSA directory code; meaning and availability may vary by year.
2001,2000,original_code,F55,F55,True,False,Original SAMHSA directory code; meaning and availability may vary by year.
2001,2000,original_code,F56,F56,True,False,Original SAMHSA directory code; meaning and availability may vary by year.
2001,2000,original_code,F58,F58,True,False,Original SAMHSA directory code; meaning and availability may vary by year.
2001,2000,original_code,F59,F59,True,False,Original SAMHSA directory code; meaning and availability may vary by year.
2001,2000,original_code,F6,Cantonese F27 Japanese F48 Serbian,True,False,Original SAMHSA directory code; meaning and availability may vary by year.
2001,2000,original_code,F60,F60,True,False,Original SAMHSA directory code; meaning and availability may vary by year.
2001,2000,original_code,F61,F61,True,False,Original SAMHSA directory code; meaning and availability may vary by year.
2001,2000,original_code,F62,F62,True,False,Original SAMHSA directory code; meaning and availability may vary by year.
2001,2000,original_code,F63,F63,True,False,Original SAMHSA directory code; meaning and availability may vary by year.
2001,2000,original_code,F64,F64,True,False,Original SAMHSA directory code; meaning and availability may vary by year.
2001,2000,original_code,F65,F65,True,False,Original SAMHSA directory code; meaning and availability may vary by year.
2001,2000,original_code,F7,Chuukese F28 Kamer F49 Serbo-Croatian,True,False,Original SAMHSA directory code; meaning and availability may vary by year.
2001,2000,original_code,F8,Creole F29 Khmer SP Spanish,True,False,Original SAMHSA directory code; meaning and availability may vary by year.
2001,2000,original_code,F9,Czech F30 Korean F50 Slavic,True,False,Original SAMHSA directory code; meaning and availability may vary by year.
2001,2000,original_code,FG,FG,True,False,Original SAMHSA directory code; meaning and availability may vary by year.
2001,2000,original_code,FX,FX,True,False,Original SAMHSA directory code; meaning and availability may vary by year.
2001,2000,original_code,GH,General health services,True,False,Original SAMHSA directory code; meaning and availability may vary by year.
2001,2000,original_code,GL,Gay and Lesbian,True,False,Original SAMHSA directory code; meaning and availability may vary by year.
2001,2000,original_code,HH,Transitional housing or halfway house,True,False,Original SAMHSA directory code; meaning and availability may vary by year.
2001,2000,original_code,HI,Hospital inpatient,True,False,Original SAMHSA directory code; meaning and availability may vary by year.
2001,2000,original_code,HV,Persons with HIV/AIDS,True,False,Original SAMHSA directory code; meaning and availability may vary by year.
2001,2000,original_code,ICO,ICO,True,False,Original SAMHSA directory code; meaning and availability may vary by year.
2001,2000,original_code,ID,ID,True,False,Original SAMHSA directory code; meaning and availability may vary by year.
2001,2000,original_code,IO,IO,True,False,Original SAMHSA directory code; meaning and availability may vary by year.
2001,2000,original_code,MC,Medicare,True,False,Original SAMHSA directory code; meaning and availability may vary by year.
2001,2000,original_code,MD,Medicaid,True,False,Original SAMHSA directory code; meaning and availability may vary by year.
2001,2000,original_code,MF,MF,True,False,Original SAMHSA directory code; meaning and availability may vary by year.
2001,2000,original_code,MH,Mental health services,True,False,Original SAMHSA directory code; meaning and availability may vary by year.
2001,2000,original_code,MH-SA,Mix of mental health and substance abuse services,True,False,Original SAMHSA directory code; meaning and availability may vary by year.
2001,2000,original_code,MI,Military insurance,True,False,Original SAMHSA directory code; meaning and availability may vary by year.
2001,2000,original_code,ML,Methadone/LAAM (Includes use for maintenance and/or detox.),True,False,Original SAMHSA directory code; meaning and availability may vary by year.
2001,2000,original_code,MM,Methadone maintenance,True,False,Original SAMHSA directory code; meaning and availability may vary by year.
2001,2000,original_code,MO,MO,True,False,Original SAMHSA directory code; meaning and availability may vary by year.
2001,2000,original_code,N1,Acoma N20 Navajo,True,False,Original SAMHSA directory code; meaning and availability may vary by year.
2001,2000,original_code,N10,Ho Chunk N29 Tiwa,True,False,Original SAMHSA directory code; meaning and availability may vary by year.
2001,2000,original_code,N11,Hopi N30 Tlinget,True,False,Original SAMHSA directory code; meaning and availability may vary by year.
2001,2000,original_code,N12,Hualapai N31 Tohono,True,False,Original SAMHSA directory code; meaning and availability may vary by year.
2001,2000,original_code,N13,Inupiat N32 Towa,True,False,Original SAMHSA directory code; meaning and availability may vary by year.
2001,2000,original_code,N14,Jemez N33 Ute,True,False,Original SAMHSA directory code; meaning and availability may vary by year.
2001,2000,original_code,N15,Keres N34 Viodhan,True,False,Original SAMHSA directory code; meaning and availability may vary by year.
2001,2000,original_code,N16,Lakota N35 Yavapai,True,False,Original SAMHSA directory code; meaning and availability may vary by year.
2001,2000,original_code,N17,Maliseet N36 Yupik,True,False,Original SAMHSA directory code; meaning and availability may vary by year.
2001,2000,original_code,N18,Meskwaki N37 Zuni,True,False,Original SAMHSA directory code; meaning and availability may vary by year.
2001,2000,original_code,N19,Micmac,True,False,Original SAMHSA directory code; meaning and availability may vary by year.
2001,2000,original_code,N2,Alaskianiaes N21 0'odhan,True,False,Original SAMHSA directory code; meaning and availability may vary by year.
2001,2000,original_code,N20,N20,True,False,Original SAMHSA directory code; meaning and availability may vary by year.
2001,2000,original_code,N21,N21,True,False,Original SAMHSA directory code; meaning and availability may vary by year.
2001,2000,original_code,N22,N22,True,False,Original SAMHSA directory code; meaning and availability may vary by year.
2001,2000,original_code,N24,N24,True,False,Original SAMHSA directory code; meaning and availability may vary by year.
2001,2000,original_code,N25,N25,True,False,Original SAMHSA directory code; meaning and availability may vary by year.
2001,2000,original_code,N27,N27,True,False,Original SAMHSA directory code; meaning and availability may vary by year.
2001,2000,original_code,N28,N28,True,False,Original SAMHSA directory code; meaning and availability may vary by year.
2001,2000,original_code,N29,N29,True,False,Original SAMHSA directory code; meaning and availability may vary by year.
2001,2000,original_code,N3,Alaskinakics N22 Passamaquoddy,True,False,Original SAMHSA directory code; meaning and availability may vary by year.
2001,2000,original_code,N30,N30,True,False,Original SAMHSA directory code; meaning and availability may vary by year.
2001,2000,original_code,N31,N31,True,False,Original SAMHSA directory code; meaning and availability may vary by year.
2001,2000,original_code,N32,N32,True,False,Original SAMHSA directory code; meaning and availability may vary by year.
2001,2000,original_code,N33,N33,True,False,Original SAMHSA directory code; meaning and availability may vary by year.
2001,2000,original_code,N34,N34,True,False,Original SAMHSA directory code; meaning and availability may vary by year.
2001,2000,original_code,N35,N35,True,False,Original SAMHSA directory code; meaning and availability may vary by year.
2001,2000,original_code,N36,N36,True,False,Original SAMHSA directory code; meaning and availability may vary by year.
2001,2000,original_code,N37,N37,True,False,Original SAMHSA directory code; meaning and availability may vary by year.
2001,2000,original_code,N4,Anishinaabemowin N23 Pottowatomi,True,False,Original SAMHSA directory code; meaning and availability may vary by year.
2001,2000,original_code,N5,Apache N24 Seminole,True,False,Original SAMHSA directory code; meaning and availability may vary by year.
2001,2000,original_code,N6,Bannock N25 Shawnee,True,False,Original SAMHSA directory code; meaning and availability may vary by year.
2001,2000,original_code,N7,Cherokee N26 Shoshone,True,False,Original SAMHSA directory code; meaning and availability may vary by year.
2001,2000,original_code,N8,Chippewa/Ojibwe N27 Sioux,True,False,Original SAMHSA directory code; meaning and availability may vary by year.
2001,2000,original_code,N9,Cree N28 Tewa,True,False,Original SAMHSA directory code; meaning and availability may vary by year.
2001,2000,original_code,OA,Other assistance,True,False,Original SAMHSA directory code; meaning and availability may vary by year.
2001,2000,original_code,OD,Outpatient detoxification,True,False,Original SAMHSA directory code; meaning and availability may vary by year.
2001,2000,original_code,OH,OH,True,False,Original SAMHSA directory code; meaning and availability may vary by year.
2001,2000,original_code,OM,Groups of men only,True,False,Original SAMHSA directory code; meaning and availability may vary by year.
2001,2000,original_code,OP,Outpatient,True,False,Original SAMHSA directory code; meaning and availability may vary by year.
2001,2000,original_code,OR,OR,True,False,Original SAMHSA directory code; meaning and availability may vary by year.
2001,2000,original_code,ORT,Regular outpatient treatment,True,False,Original SAMHSA directory code; meaning and availability may vary by year.
2001,2000,original_code,OS,OS,True,False,Original SAMHSA directory code; meaning and availability may vary by year.
2001,2000,original_code,OW,Other women's groups,True,False,Original SAMHSA directory code; meaning and availability may vary by year.
2001,2000,original_code,PA,Payment assistance,True,False,Original SAMHSA directory code; meaning and availability may vary by year.
2001,2000,original_code,PC,PC,True,False,Original SAMHSA directory code; meaning and availability may vary by year.
2001,2000,original_code,PH,Partial hospitalization/day treatment,True,False,Original SAMHSA directory code; meaning and availability may vary by year.
2001,2000,original_code,PI,Private health insurance,True,False,Original SAMHSA directory code; meaning and availability may vary by year.
2001,2000,original_code,PL,PL,True,False,Original SAMHSA directory code; meaning and availability may vary by year.
2001,2000,original_code,PW,Pregnant/postpartum women,True,False,Original SAMHSA directory code; meaning and availability may vary by year.
2001,2000,original_code,RC,RC,True,False,Original SAMHSA directory code; meaning and availability may vary by year.
2001,2000,original_code,RR,Non-hospital residential (24 hour),True,False,Original SAMHSA directory code; meaning and availability may vary by year.
2001,2000,original_code,RS,Short-term residential,True,False,Original SAMHSA directory code; meaning and availability may vary by year.
2001,2000,original_code,SA,Substance use treatment,True,False,Original SAMHSA directory code; meaning and availability may vary by year.
2001,2000,original_code,SC,SC,True,False,Original SAMHSA directory code; meaning and availability may vary by year.
2001,2000,original_code,SE,Seniors/older adults,True,False,Original SAMHSA directory code; meaning and availability may vary by year.
2001,2000,original_code,SF,Cash or self-payment,True,False,Original SAMHSA directory code; meaning and availability may vary by year.
2001,2000,original_code,SI,State-financed insurance,True,False,Original SAMHSA directory code; meaning and availability may vary by year.
2001,2000,original_code,SP,Spanish,True,False,Original SAMHSA directory code; meaning and availability may vary by year.
2001,2000,original_code,SS,Sliding fee scale,True,False,Original SAMHSA directory code; meaning and availability may vary by year.
2001,2000,original_code,TA,TA,True,False,Original SAMHSA directory code; meaning and availability may vary by year.
2001,2000,original_code,TC,TC,True,False,Original SAMHSA directory code; meaning and availability may vary by year.
2001,2000,original_code,TX,Substance abuse treatment,True,False,Original SAMHSA directory code; meaning and availability may vary by year.
2001,2000,original_code,UN,UN,True,False,Original SAMHSA directory code; meaning and availability may vary by year.
2001,2000,original_code,WO,WO,True,False,Original SAMHSA directory code; meaning and availability may vary by year.
2003,2002,ownership,private_unspecified,Private (type unspecified),False,False,Earlier directories do not consistently separate private ownership type.
2003,2002,ownership,private_nonprofit,Private nonprofit,False,True,
2003,2002,ownership,private_forprofit,Private for-profit,False,True,
2003,2002,ownership,local_government,Local/county government,False,True,
2003,2002,ownership,state_government,State government,False,True,
2003,2002,ownership,tribal_government,Tribal government,False,True,
2003,2002,ownership,federal_dod,Federal: Department of Defense,False,True,
2003,2002,ownership,federal_ihs,Federal: Indian Health Service,False,True,
2003,2002,ownership,federal_va,Federal: Veterans Affairs,False,True,
2003,2002,center_type,substance_use,Substance use treatment,True,True,
2003,2002,center_type,detoxification,Detoxification,True,True,
2003,2002,center_type,transitional_housing,Transitional housing/halfway house,True,True,
2003,2002,center_type,mental_health,Mental health treatment,True,True,
2003,2002,center_type,cooccurring,Co-occurring mental health and substance use,False,True,
2003,2002,setting,outpatient,Outpatient,True,True,
2003,2002,setting,residential,Residential,True,True,
2003,2002,setting,hospital_inpatient,Hospital inpatient,True,True,
2003,2002,payment,medicare,Medicare,True,True,
2003,2002,payment,medicaid,Medicaid,True,True,
2003,2002,payment,military_insurance,Military insurance,True,True,
2003,2002,payment,private_insurance,Private health insurance,True,True,
2003,2002,payment,self_pay,Cash or self-payment,True,True,
2003,2002,payment,state_financed,State-financed insurance,True,True,
2003,2002,payment,payment_assistance,Payment assistance,True,True,
2003,2002,payment,sliding_fee,Sliding fee scale,True,True,
2003,2002,service_family,substance_use_treatment,Substance use treatment,True,True,
2003,2002,service_family,detoxification,Detoxification,True,True,
2003,2002,service_family,transitional_housing,Transitional housing/halfway house,True,True,
2003,2002,service_family,cooccurring,Co-occurring mental health and substance use treatment,False,True,
2003,2002,service_family,outpatient_treatment,Outpatient treatment,True,True,
2003,2002,service_family,residential_treatment,Residential treatment,True,True,
2003,2002,service_family,hospital_inpatient,Hospital inpatient treatment,True,True,
2003,2002,service_family,opioid_treatment_program,SAMHSA-certified opioid treatment program,False,True,
2003,2002,service_family,methadone,Methadone services,True,True,
2003,2002,service_family,buprenorphine,Buprenorphine services,False,True,
2003,2002,service_family,naltrexone,Naltrexone services,False,True,
2003,2002,service_family,telehealth,Telehealth/telemedicine,False,True,
2003,2002,original_code,AD,Adolescents,True,False,Original SAMHSA directory code; meaning and availability may vary by year.
2003,2002,original_code,AH,Services for deaf and hard of hearing,True,False,Original SAMHSA directory code; meaning and availability may vary by year.
2003,2002,original_code,AR,AR,True,False,Original SAMHSA directory code; meaning and availability may vary by year.
2003,2002,original_code,CH,CH,True,False,Original SAMHSA directory code; meaning and availability may vary by year.
2003,2002,original_code,CJ,Other criminal justice clients,True,False,Original SAMHSA directory code; meaning and availability may vary by year.
2003,2002,original_code,CO,Persons with co-occurring mental and substance abuse disorders,True,False,Original SAMHSA directory code; meaning and availability may vary by year.
2003,2002,original_code,COA,COA,True,False,Original SAMHSA directory code; meaning and availability may vary by year.
2003,2002,original_code,DD,DD,True,False,Original SAMHSA directory code; meaning and availability may vary by year.
2003,2002,original_code,DM,Methadone detoxification,True,False,Original SAMHSA directory code; meaning and availability may vary by year.
2003,2002,original_code,DT,Detoxification,True,False,Original SAMHSA directory code; meaning and availability may vary by year.
2003,2002,original_code,DU,DUI/DWI offenders,True,False,Original SAMHSA directory code; meaning and availability may vary by year.
2003,2002,original_code,F1,Afrikaans F30 Greek F59 Lithuanian F88 Samali,True,False,Original SAMHSA directory code; meaning and availability may vary by year.
2003,2002,original_code,F10,Burmese F39 Igbo F68 Marshallese F96 Sudanese,True,False,Original SAMHSA directory code; meaning and availability may vary by year.
2003,2002,original_code,F100,F100,True,False,Original SAMHSA directory code; meaning and availability may vary by year.
2003,2002,original_code,F101,F101,True,False,Original SAMHSA directory code; meaning and availability may vary by year.
2003,2002,original_code,F102,F102,True,False,Original SAMHSA directory code; meaning and availability may vary by year.
2003,2002,original_code,F103,F103,True,False,Original SAMHSA directory code; meaning and availability may vary by year.
2003,2002,original_code,F105,F105,True,False,Original SAMHSA directory code; meaning and availability may vary by year.
2003,2002,original_code,F107,F107,True,False,Original SAMHSA directory code; meaning and availability may vary by year.
2003,2002,original_code,F108,F108,True,False,Original SAMHSA directory code; meaning and availability may vary by year.
2003,2002,original_code,F109,F109,True,False,Original SAMHSA directory code; meaning and availability may vary by year.
2003,2002,original_code,F11,Cambodian F40 Ika F69 Mien F97 Swahili,True,False,Original SAMHSA directory code; meaning and availability may vary by year.
2003,2002,original_code,F110,F110,True,False,Original SAMHSA directory code; meaning and availability may vary by year.
2003,2002,original_code,F111,F111,True,False,Original SAMHSA directory code; meaning and availability may vary by year.
2003,2002,original_code,F112,F112,True,False,Original SAMHSA directory code; meaning and availability may vary by year.
2003,2002,original_code,F113,F113,True,False,Original SAMHSA directory code; meaning and availability may vary by year.
2003,2002,original_code,F12,Cantonese F41 Ilocano F70 Mixteco F98 Swedish,True,False,Original SAMHSA directory code; meaning and availability may vary by year.
2003,2002,original_code,F13,Chamorro F42 Iranian F71 Mongolian F99 Tagalog,True,False,Original SAMHSA directory code; meaning and availability may vary by year.
2003,2002,original_code,F14,Chinese F43 Italian F72 Napoli F100 Taiwanese,True,False,Original SAMHSA directory code; meaning and availability may vary by year.
2003,2002,original_code,F15,Chuukese F44 Iu Mien F73 Nepali F101 Tamil,True,False,Original SAMHSA directory code; meaning and availability may vary by year.
2003,2002,original_code,F16,Creole F45 Jamaican F74 Nigerian F102 Tangale,True,False,Original SAMHSA directory code; meaning and availability may vary by year.
2003,2002,original_code,F17,Croatian F46 Japanese F75 Norse F103 Thai,True,False,Original SAMHSA directory code; meaning and availability may vary by year.
2003,2002,original_code,F18,Czech F47 Kamer F76 Norwegian F104 Toisan,True,False,Original SAMHSA directory code; meaning and availability may vary by year.
2003,2002,original_code,F19,Danish F48 Kanjobal F77 Pakistani F105 Tongan,True,False,Original SAMHSA directory code; meaning and availability may vary by year.
2003,2002,original_code,F2,Akan F31 Gujarati F60 Loa F89 Samoan,True,False,Original SAMHSA directory code; meaning and availability may vary by year.
2003,2002,original_code,F20,Dutch F49 Khmer F78 Palauan F106 Turkish,True,False,Original SAMHSA directory code; meaning and availability may vary by year.
2003,2002,original_code,F21,Estonian F50 Khmu F79 Panjabi F107 Ukrainian,True,False,Original SAMHSA directory code; meaning and availability may vary by year.
2003,2002,original_code,F22,Ethiopian F51 Kiswahili F80 Patois F108 Urdu,True,False,Original SAMHSA directory code; meaning and availability may vary by year.
2003,2002,original_code,F23,Farsi F52 Korean F81 Persian F109 Vietnamese,True,False,Original SAMHSA directory code; meaning and availability may vary by year.
2003,2002,original_code,F24,Fijian F53 Kosraean F82 Pilipino F110 Yapese,True,False,Original SAMHSA directory code; meaning and availability may vary by year.
2003,2002,original_code,F25,Filipino F54 Lao F83 Pohnpeian F111 Yiddish,True,False,Original SAMHSA directory code; meaning and availability may vary by year.
2003,2002,original_code,F26,Finnish F55 Laotian F84 Polish F112 Yoruba,True,False,Original SAMHSA directory code; meaning and availability may vary by year.
2003,2002,original_code,F27,French F56 Latin F85 Portuguese F113 Yugoslavian,True,False,Original SAMHSA directory code; meaning and availability may vary by year.
2003,2002,original_code,F28,Gaelic F57 Latvian F86 Romanian,True,False,Original SAMHSA directory code; meaning and availability may vary by year.
2003,2002,original_code,F29,German F58 Lingala F87 Russian,True,False,Original SAMHSA directory code; meaning and availability may vary by year.
2003,2002,original_code,F3,Amharic F32 Haitian F61 Macedonian F90 Serbian,True,False,Original SAMHSA directory code; meaning and availability may vary by year.
2003,2002,original_code,F30,F30,True,False,Original SAMHSA directory code; meaning and availability may vary by year.
2003,2002,original_code,F31,F31,True,False,Original SAMHSA directory code; meaning and availability may vary by year.
2003,2002,original_code,F33,F33,True,False,Original SAMHSA directory code; meaning and availability may vary by year.
2003,2002,original_code,F34,F34,True,False,Original SAMHSA directory code; meaning and availability may vary by year.
2003,2002,original_code,F35,F35,True,False,Original SAMHSA directory code; meaning and availability may vary by year.
2003,2002,original_code,F36,F36,True,False,Original SAMHSA directory code; meaning and availability may vary by year.
2003,2002,original_code,F37,F37,True,False,Original SAMHSA directory code; meaning and availability may vary by year.
2003,2002,original_code,F38,F38,True,False,Original SAMHSA directory code; meaning and availability may vary by year.
2003,2002,original_code,F39,F39,True,False,Original SAMHSA directory code; meaning and availability may vary by year.
2003,2002,original_code,F4,Arabic F33 Hawaiian F62 Malay F91 Serbo-Croatian,True,False,Original SAMHSA directory code; meaning and availability may vary by year.
2003,2002,original_code,F41,F41,True,False,Original SAMHSA directory code; meaning and availability may vary by year.
2003,2002,original_code,F42,F42,True,False,Original SAMHSA directory code; meaning and availability may vary by year.
2003,2002,original_code,F43,F43,True,False,Original SAMHSA directory code; meaning and availability may vary by year.
2003,2002,original_code,F46,F46,True,False,Original SAMHSA directory code; meaning and availability may vary by year.
2003,2002,original_code,F49,F49,True,False,Original SAMHSA directory code; meaning and availability may vary by year.
2003,2002,original_code,F5,Armenian F34 Hebrew F63 Malayalam F92 Sinhala,True,False,Original SAMHSA directory code; meaning and availability may vary by year.
2003,2002,original_code,F52,F52,True,False,Original SAMHSA directory code; meaning and availability may vary by year.
2003,2002,original_code,F53,F53,True,False,Original SAMHSA directory code; meaning and availability may vary by year.
2003,2002,original_code,F55,F55,True,False,Original SAMHSA directory code; meaning and availability may vary by year.
2003,2002,original_code,F56,F56,True,False,Original SAMHSA directory code; meaning and availability may vary by year.
2003,2002,original_code,F57,F57,True,False,Original SAMHSA directory code; meaning and availability may vary by year.
2003,2002,original_code,F59,F59,True,False,Original SAMHSA directory code; meaning and availability may vary by year.
2003,2002,original_code,F6,Basque F35 Hindi F64 Malaysian F93 Slavic,True,False,Original SAMHSA directory code; meaning and availability may vary by year.
2003,2002,original_code,F61,F61,True,False,Original SAMHSA directory code; meaning and availability may vary by year.
2003,2002,original_code,F63,F63,True,False,Original SAMHSA directory code; meaning and availability may vary by year.
2003,2002,original_code,F65,F65,True,False,Original SAMHSA directory code; meaning and availability may vary by year.
2003,2002,original_code,F66,F66,True,False,Original SAMHSA directory code; meaning and availability may vary by year.
2003,2002,original_code,F67,F67,True,False,Original SAMHSA directory code; meaning and availability may vary by year.
2003,2002,original_code,F68,F68,True,False,Original SAMHSA directory code; meaning and availability may vary by year.
2003,2002,original_code,F69,F69,True,False,Original SAMHSA directory code; meaning and availability may vary by year.
2003,2002,original_code,F7,Bengali F36 Hmong F65 Maltese F94 Slovak,True,False,Original SAMHSA directory code; meaning and availability may vary by year.
2003,2002,original_code,F70,F70,True,False,Original SAMHSA directory code; meaning and availability may vary by year.
2003,2002,original_code,F71,F71,True,False,Original SAMHSA directory code; meaning and availability may vary by year.
2003,2002,original_code,F76,F76,True,False,Original SAMHSA directory code; meaning and availability may vary by year.
2003,2002,original_code,F78,F78,True,False,Original SAMHSA directory code; meaning and availability may vary by year.
2003,2002,original_code,F8,Bosnian F37 Hungarian F66 Mandarin F95 Somali,True,False,Original SAMHSA directory code; meaning and availability may vary by year.
2003,2002,original_code,F83,F83,True,False,Original SAMHSA directory code; meaning and availability may vary by year.
2003,2002,original_code,F84,F84,True,False,Original SAMHSA directory code; meaning and availability may vary by year.
2003,2002,original_code,F85,F85,True,False,Original SAMHSA directory code; meaning and availability may vary by year.
2003,2002,original_code,F86,F86,True,False,Original SAMHSA directory code; meaning and availability may vary by year.
2003,2002,original_code,F87,F87,True,False,Original SAMHSA directory code; meaning and availability may vary by year.
2003,2002,original_code,F89,F89,True,False,Original SAMHSA directory code; meaning and availability may vary by year.
2003,2002,original_code,F9,Braille F38 Ibo F67 Marathi SP Spanish,True,False,Original SAMHSA directory code; meaning and availability may vary by year.
2003,2002,original_code,F90,F90,True,False,Original SAMHSA directory code; meaning and availability may vary by year.
2003,2002,original_code,F92,F92,True,False,Original SAMHSA directory code; meaning and availability may vary by year.
2003,2002,original_code,F94,F94,True,False,Original SAMHSA directory code; meaning and availability may vary by year.
2003,2002,original_code,F95,F95,True,False,Original SAMHSA directory code; meaning and availability may vary by year.
2003,2002,original_code,F98,F98,True,False,Original SAMHSA directory code; meaning and availability may vary by year.
2003,2002,original_code,GH,General health services,True,False,Original SAMHSA directory code; meaning and availability may vary by year.
2003,2002,original_code,GL,Gay and lesbian,True,False,Original SAMHSA directory code; meaning and availability may vary by year.
2003,2002,original_code,HH,Transitional housing or halfway house,True,False,Original SAMHSA directory code; meaning and availability may vary by year.
2003,2002,original_code,HI,Hospital inpatient,True,False,Original SAMHSA directory code; meaning and availability may vary by year.
2003,2002,original_code,HV,Persons with HIV/AIDS,True,False,Original SAMHSA directory code; meaning and availability may vary by year.
2003,2002,original_code,ICO,ICO,True,False,Original SAMHSA directory code; meaning and availability may vary by year.
2003,2002,original_code,ID,ID,True,False,Original SAMHSA directory code; meaning and availability may vary by year.
2003,2002,original_code,IO,IO,True,False,Original SAMHSA directory code; meaning and availability may vary by year.
2003,2002,original_code,MC,Medicare,True,False,Original SAMHSA directory code; meaning and availability may vary by year.
2003,2002,original_code,MD,Medicaid,True,False,Original SAMHSA directory code; meaning and availability may vary by year.
2003,2002,original_code,MH,Mental health services,True,False,Original SAMHSA directory code; meaning and availability may vary by year.
2003,2002,original_code,MH-SA,Mix of mental health and substance abuse services,True,False,Original SAMHSA directory code; meaning and availability may vary by year.
2003,2002,original_code,MI,Military insurance,True,False,Original SAMHSA directory code; meaning and availability may vary by year.
2003,2002,original_code,MM,Methadone maintenance,True,False,Original SAMHSA directory code; meaning and availability may vary by year.
2003,2002,original_code,MN,Men,True,False,Original SAMHSA directory code; meaning and availability may vary by year.
2003,2002,original_code,MO,MO,True,False,Original SAMHSA directory code; meaning and availability may vary by year.
2003,2002,original_code,N1,Acoma N18 Cree N35 Meskwaki N52 Sioux,True,False,Original SAMHSA directory code; meaning and availability may vary by year.
2003,2002,original_code,N10,Cahuilla N27 Keres N44 Passamaquoddy N61 Viodhan,True,False,Original SAMHSA directory code; meaning and availability may vary by year.
2003,2002,original_code,N11,Cherokee N28 Kiowa N45 Penobscot N62 Walla-Walla,True,False,Original SAMHSA directory code; meaning and availability may vary by year.
2003,2002,original_code,N12,Cheyenne N29 Klamath-Modoc N46 Pima N63 Wichita,True,False,Original SAMHSA directory code; meaning and availability may vary by year.
2003,2002,original_code,N13,Chickasaw N30 Lakota N47 Pottowatomi N64 Yakama,True,False,Original SAMHSA directory code; meaning and availability may vary by year.
2003,2002,original_code,N14,Chippewa/Ojibwe N31 Luiseno N48 Seminole N65 Yavapai,True,False,Original SAMHSA directory code; meaning and availability may vary by year.
2003,2002,original_code,N15,Choctaw N32 Lumbee N49 Seneca N66 Yupik,True,False,Original SAMHSA directory code; meaning and availability may vary by year.
2003,2002,original_code,N16,Chumash N33 Maliseet N50 Shawnee N67 Zuni,True,False,Original SAMHSA directory code; meaning and availability may vary by year.
2003,2002,original_code,N17,Comanche N34 Menominee N51 Shoshone,True,False,Original SAMHSA directory code; meaning and availability may vary by year.
2003,2002,original_code,N19,N19,True,False,Original SAMHSA directory code; meaning and availability may vary by year.
2003,2002,original_code,N2,Alaskianiaes N19 Dakota N36 Micmac N53 Taino,True,False,Original SAMHSA directory code; meaning and availability may vary by year.
2003,2002,original_code,N20,N20,True,False,Original SAMHSA directory code; meaning and availability may vary by year.
2003,2002,original_code,N21,N21,True,False,Original SAMHSA directory code; meaning and availability may vary by year.
2003,2002,original_code,N23,N23,True,False,Original SAMHSA directory code; meaning and availability may vary by year.
2003,2002,original_code,N27,N27,True,False,Original SAMHSA directory code; meaning and availability may vary by year.
2003,2002,original_code,N28,N28,True,False,Original SAMHSA directory code; meaning and availability may vary by year.
2003,2002,original_code,N29,N29,True,False,Original SAMHSA directory code; meaning and availability may vary by year.
2003,2002,original_code,N3,Alaskinakics N20 Ho Chunk N37 Mohawk N54 Tewa,True,False,Original SAMHSA directory code; meaning and availability may vary by year.
2003,2002,original_code,N30,N30,True,False,Original SAMHSA directory code; meaning and availability may vary by year.
2003,2002,original_code,N31,N31,True,False,Original SAMHSA directory code; meaning and availability may vary by year.
2003,2002,original_code,N33,N33,True,False,Original SAMHSA directory code; meaning and availability may vary by year.
2003,2002,original_code,N34,N34,True,False,Original SAMHSA directory code; meaning and availability may vary by year.
2003,2002,original_code,N37,N37,True,False,Original SAMHSA directory code; meaning and availability may vary by year.
2003,2002,original_code,N39,N39,True,False,Original SAMHSA directory code; meaning and availability may vary by year.
2003,2002,original_code,N4,Anishinaabemowin N21 Hopi N38 Na-Dene N55 Tiwa,True,False,Original SAMHSA directory code; meaning and availability may vary by year.
2003,2002,original_code,N40,N40,True,False,Original SAMHSA directory code; meaning and availability may vary by year.
2003,2002,original_code,N41,N41,True,False,Original SAMHSA directory code; meaning and availability may vary by year.
2003,2002,original_code,N44,N44,True,False,Original SAMHSA directory code; meaning and availability may vary by year.
2003,2002,original_code,N46,N46,True,False,Original SAMHSA directory code; meaning and availability may vary by year.
2003,2002,original_code,N48,N48,True,False,Original SAMHSA directory code; meaning and availability may vary by year.
2003,2002,original_code,N49,N49,True,False,Original SAMHSA directory code; meaning and availability may vary by year.
2003,2002,original_code,N5,Apache N22 Hualapai N39 Navajo N56 Tlingit,True,False,Original SAMHSA directory code; meaning and availability may vary by year.
2003,2002,original_code,N51,N51,True,False,Original SAMHSA directory code; meaning and availability may vary by year.
2003,2002,original_code,N53,N53,True,False,Original SAMHSA directory code; meaning and availability may vary by year.
2003,2002,original_code,N55,N55,True,False,Original SAMHSA directory code; meaning and availability may vary by year.
2003,2002,original_code,N56,N56,True,False,Original SAMHSA directory code; meaning and availability may vary by year.
2003,2002,original_code,N57,N57,True,False,Original SAMHSA directory code; meaning and availability may vary by year.
2003,2002,original_code,N59,N59,True,False,Original SAMHSA directory code; meaning and availability may vary by year.
2003,2002,original_code,N6,Assiniboine N23 Inupiat N40 Omaha N57 Tohono,True,False,Original SAMHSA directory code; meaning and availability may vary by year.
2003,2002,original_code,N60,N60,True,False,Original SAMHSA directory code; meaning and availability may vary by year.
2003,2002,original_code,N63,N63,True,False,Original SAMHSA directory code; meaning and availability may vary by year.
2003,2002,original_code,N64,N64,True,False,Original SAMHSA directory code; meaning and availability may vary by year.
2003,2002,original_code,N66,N66,True,False,Original SAMHSA directory code; meaning and availability may vary by year.
2003,2002,original_code,N67,N67,True,False,Original SAMHSA directory code; meaning and availability may vary by year.
2003,2002,original_code,N7,Athabascan N24 Isleta N41 O’odhan N58 Towa,True,False,Original SAMHSA directory code; meaning and availability may vary by year.
2003,2002,original_code,N8,Bannock N25 Jemez N42 Ottawa N59 Umatilla,True,False,Original SAMHSA directory code; meaning and availability may vary by year.
2003,2002,original_code,N9,Blackfoot N26 Karok N43 Paiute N60 Ute,True,False,Original SAMHSA directory code; meaning and availability may vary by year.
2003,2002,original_code,OD,Outpatient detoxification,True,False,Original SAMHSA directory code; meaning and availability may vary by year.
2003,2002,original_code,OH,OH,True,False,Original SAMHSA directory code; meaning and availability may vary by year.
2003,2002,original_code,OP,Outpatient,True,False,Original SAMHSA directory code; meaning and availability may vary by year.
2003,2002,original_code,OR,OR,True,False,Original SAMHSA directory code; meaning and availability may vary by year.
2003,2002,original_code,OS,OS,True,False,Original SAMHSA directory code; meaning and availability may vary by year.
2003,2002,original_code,OW,OW,True,False,Original SAMHSA directory code; meaning and availability may vary by year.
2003,2002,original_code,PA,Payment assistance,True,False,Original SAMHSA directory code; meaning and availability may vary by year.
2003,2002,original_code,PH,Partial hospitalization/day treatment,True,False,Original SAMHSA directory code; meaning and availability may vary by year.
2003,2002,original_code,PI,Private health insurance,True,False,Original SAMHSA directory code; meaning and availability may vary by year.
2003,2002,original_code,PW,Pregnant/postpartum women,True,False,Original SAMHSA directory code; meaning and availability may vary by year.
2003,2002,original_code,RC,RC,True,False,Original SAMHSA directory code; meaning and availability may vary by year.
2003,2002,original_code,RD,Residential detoxification,True,False,Original SAMHSA directory code; meaning and availability may vary by year.
2003,2002,original_code,RR,Non-hospital residential (24-hour),True,False,Original SAMHSA directory code; meaning and availability may vary by year.
2003,2002,original_code,RS,Short-term residential,True,False,Original SAMHSA directory code; meaning and availability may vary by year.
2003,2002,original_code,SA,Substance use treatment,True,False,Original SAMHSA directory code; meaning and availability may vary by year.
2003,2002,original_code,SC,SC,True,False,Original SAMHSA directory code; meaning and availability may vary by year.
2003,2002,original_code,SE,Seniors/older adults,True,False,Original SAMHSA directory code; meaning and availability may vary by year.
2003,2002,original_code,SF,Cash or self-payment,True,False,Original SAMHSA directory code; meaning and availability may vary by year.
2003,2002,original_code,SI,State-financed insurance,True,False,Original SAMHSA directory code; meaning and availability may vary by year.
2003,2002,original_code,SP,Spanish,True,False,Original SAMHSA directory code; meaning and availability may vary by year.
2003,2002,original_code,SS,Sliding fee scale,True,False,Original SAMHSA directory code; meaning and availability may vary by year.
2003,2002,original_code,TA,TA,True,False,Original SAMHSA directory code; meaning and availability may vary by year.
2003,2002,original_code,TC,TC,True,False,Original SAMHSA directory code; meaning and availability may vary by year.
2003,2002,original_code,TX,Substance abuse treatment,True,False,Original SAMHSA directory code; meaning and availability may vary by year.
2003,2002,original_code,UN,UN,True,False,Original SAMHSA directory code; meaning and availability may vary by year.
2003,2002,original_code,WO,Women,True,False,Original SAMHSA directory code; meaning and availability may vary by year.
2004,2003,ownership,private_unspecified,Private (type unspecified),True,False,Earlier directories do not consistently separate private ownership type.
2004,2003,ownership,private_nonprofit,Private nonprofit,False,True,
2004,2003,ownership,private_forprofit,Private for-profit,False,True,
2004,2003,ownership,local_government,Local/county government,False,True,
2004,2003,ownership,state_government,State government,False,True,
2004,2003,ownership,tribal_government,Tribal government,False,True,
2004,2003,ownership,federal_dod,Federal: Department of Defense,False,True,
2004,2003,ownership,federal_ihs,Federal: Indian Health Service,True,True,
2004,2003,ownership,federal_va,Federal: Veterans Affairs,False,True,
2004,2003,center_type,substance_use,Substance use treatment,True,True,
2004,2003,center_type,detoxification,Detoxification,True,True,
2004,2003,center_type,transitional_housing,Transitional housing/halfway house,True,True,
2004,2003,center_type,mental_health,Mental health treatment,True,True,
2004,2003,center_type,cooccurring,Co-occurring mental health and substance use,False,True,
2004,2003,setting,outpatient,Outpatient,True,True,
2004,2003,setting,residential,Residential,True,True,
2004,2003,setting,hospital_inpatient,Hospital inpatient,True,True,
2004,2003,payment,medicare,Medicare,True,True,
2004,2003,payment,medicaid,Medicaid,True,True,
2004,2003,payment,military_insurance,Military insurance,True,True,
2004,2003,payment,private_insurance,Private health insurance,True,True,
2004,2003,payment,self_pay,Cash or self-payment,True,True,
2004,2003,payment,state_financed,State-financed insurance,True,True,
2004,2003,payment,payment_assistance,Payment assistance,True,True,
2004,2003,payment,sliding_fee,Sliding fee scale,True,True,
2004,2003,service_family,substance_use_treatment,Substance use treatment,True,True,
2004,2003,service_family,detoxification,Detoxification,True,True,
2004,2003,service_family,transitional_housing,Transitional housing/halfway house,True,True,
2004,2003,service_family,cooccurring,Co-occurring mental health and substance use treatment,False,True,
2004,2003,service_family,outpatient_treatment,Outpatient treatment,True,True,
2004,2003,service_family,residential_treatment,Residential treatment,True,True,
2004,2003,service_family,hospital_inpatient,Hospital inpatient treatment,True,True,
2004,2003,service_family,opioid_treatment_program,SAMHSA-certified opioid treatment program,False,True,
2004,2003,service_family,methadone,Methadone services,True,True,
2004,2003,service_family,buprenorphine,Buprenorphine services,True,True,
2004,2003,service_family,naltrexone,Naltrexone services,False,True,
2004,2003,service_family,telehealth,Telehealth/telemedicine,False,True,
2004,2003,original_code,AD,Adolescents,True,False,Original SAMHSA directory code; meaning and availability may vary by year.
2004,2003,original_code,AH,Services for deaf and hard of hearing,True,False,Original SAMHSA directory code; meaning and availability may vary by year.
2004,2003,original_code,ANG,ANG,True,False,Original SAMHSA directory code; meaning and availability may vary by year.
2004,2003,original_code,AR,AR,True,False,Original SAMHSA directory code; meaning and availability may vary by year.
2004,2003,original_code,BC,Residential beds for clients' children,True,False,Original SAMHSA directory code; meaning and availability may vary by year.
2004,2003,original_code,BU,Buprenorphine used in treatment,True,False,Original SAMHSA directory code; meaning and availability may vary by year.
2004,2003,original_code,CH,CH,True,False,Original SAMHSA directory code; meaning and availability may vary by year.
2004,2003,original_code,CJ,Criminal justice clients,True,False,Original SAMHSA directory code; meaning and availability may vary by year.
2004,2003,original_code,CO,Persons with co-occurring mental and substance abuse,True,False,Original SAMHSA directory code; meaning and availability may vary by year.
2004,2003,original_code,COA,COA,True,False,Original SAMHSA directory code; meaning and availability may vary by year.
2004,2003,original_code,CT,CT,True,False,Original SAMHSA directory code; meaning and availability may vary by year.
2004,2003,original_code,DD,DD,True,False,Original SAMHSA directory code; meaning and availability may vary by year.
2004,2003,original_code,DM,Methadone detoxification,True,False,Original SAMHSA directory code; meaning and availability may vary by year.
2004,2003,original_code,DT,Detoxification,True,False,Original SAMHSA directory code; meaning and availability may vary by year.
2004,2003,original_code,DU,DUI/DWI offenders,True,False,Original SAMHSA directory code; meaning and availability may vary by year.
2004,2003,original_code,DV,DV,True,False,Original SAMHSA directory code; meaning and availability may vary by year.
2004,2003,original_code,F1,F1,True,False,Original SAMHSA directory code; meaning and availability may vary by year.
2004,2003,original_code,F10,Albanian F110 French F210 Malay SP Spanish,True,False,Original SAMHSA directory code; meaning and availability may vary by year.
2004,2003,original_code,F100,Farsi F200 Latvian F300 Slovenian,True,False,Original SAMHSA directory code; meaning and availability may vary by year.
2004,2003,original_code,F105,F105,True,False,Original SAMHSA directory code; meaning and availability may vary by year.
2004,2003,original_code,F11,F11,True,False,Original SAMHSA directory code; meaning and availability may vary by year.
2004,2003,original_code,F110,F110,True,False,Original SAMHSA directory code; meaning and availability may vary by year.
2004,2003,original_code,F115,F115,True,False,Original SAMHSA directory code; meaning and availability may vary by year.
2004,2003,original_code,F120,F120,True,False,Original SAMHSA directory code; meaning and availability may vary by year.
2004,2003,original_code,F125,F125,True,False,Original SAMHSA directory code; meaning and availability may vary by year.
2004,2003,original_code,F130,F130,True,False,Original SAMHSA directory code; meaning and availability may vary by year.
2004,2003,original_code,F135,F135,True,False,Original SAMHSA directory code; meaning and availability may vary by year.
2004,2003,original_code,F140,F140,True,False,Original SAMHSA directory code; meaning and availability may vary by year.
2004,2003,original_code,F145,F145,True,False,Original SAMHSA directory code; meaning and availability may vary by year.
2004,2003,original_code,F15,Amharic F115 Gaelic F215 Malayalam F315 Swahili,True,False,Original SAMHSA directory code; meaning and availability may vary by year.
2004,2003,original_code,F150,F150,True,False,Original SAMHSA directory code; meaning and availability may vary by year.
2004,2003,original_code,F155,F155,True,False,Original SAMHSA directory code; meaning and availability may vary by year.
2004,2003,original_code,F160,F160,True,False,Original SAMHSA directory code; meaning and availability may vary by year.
2004,2003,original_code,F165,F165,True,False,Original SAMHSA directory code; meaning and availability may vary by year.
2004,2003,original_code,F170,F170,True,False,Original SAMHSA directory code; meaning and availability may vary by year.
2004,2003,original_code,F175,F175,True,False,Original SAMHSA directory code; meaning and availability may vary by year.
2004,2003,original_code,F180,F180,True,False,Original SAMHSA directory code; meaning and availability may vary by year.
2004,2003,original_code,F190,F190,True,False,Original SAMHSA directory code; meaning and availability may vary by year.
2004,2003,original_code,F195,F195,True,False,Original SAMHSA directory code; meaning and availability may vary by year.
2004,2003,original_code,F20,Arabic F120 German F220 Maltese F320 Swedish,True,False,Original SAMHSA directory code; meaning and availability may vary by year.
2004,2003,original_code,F200,F200,True,False,Original SAMHSA directory code; meaning and availability may vary by year.
2004,2003,original_code,F205,F205,True,False,Original SAMHSA directory code; meaning and availability may vary by year.
2004,2003,original_code,F210,F210,True,False,Original SAMHSA directory code; meaning and availability may vary by year.
2004,2003,original_code,F215,F215,True,False,Original SAMHSA directory code; meaning and availability may vary by year.
2004,2003,original_code,F220,F220,True,False,Original SAMHSA directory code; meaning and availability may vary by year.
2004,2003,original_code,F225,F225,True,False,Original SAMHSA directory code; meaning and availability may vary by year.
2004,2003,original_code,F230,F230,True,False,Original SAMHSA directory code; meaning and availability may vary by year.
2004,2003,original_code,F235,F235,True,False,Original SAMHSA directory code; meaning and availability may vary by year.
2004,2003,original_code,F240,F240,True,False,Original SAMHSA directory code; meaning and availability may vary by year.
2004,2003,original_code,F245,F245,True,False,Original SAMHSA directory code; meaning and availability may vary by year.
2004,2003,original_code,F25,Armenian F125 Greek F225 Mandarin F325 Tagalog,True,False,Original SAMHSA directory code; meaning and availability may vary by year.
2004,2003,original_code,F250,F250,True,False,Original SAMHSA directory code; meaning and availability may vary by year.
2004,2003,original_code,F255,F255,True,False,Original SAMHSA directory code; meaning and availability may vary by year.
2004,2003,original_code,F265,F265,True,False,Original SAMHSA directory code; meaning and availability may vary by year.
2004,2003,original_code,F270,F270,True,False,Original SAMHSA directory code; meaning and availability may vary by year.
2004,2003,original_code,F275,F275,True,False,Original SAMHSA directory code; meaning and availability may vary by year.
2004,2003,original_code,F280,F280,True,False,Original SAMHSA directory code; meaning and availability may vary by year.
2004,2003,original_code,F285,F285,True,False,Original SAMHSA directory code; meaning and availability may vary by year.
2004,2003,original_code,F290,F290,True,False,Original SAMHSA directory code; meaning and availability may vary by year.
2004,2003,original_code,F295,F295,True,False,Original SAMHSA directory code; meaning and availability may vary by year.
2004,2003,original_code,F30,Basque F130 Gujurati F230 Marshallese F330 Tamil,True,False,Original SAMHSA directory code; meaning and availability may vary by year.
2004,2003,original_code,F300,F300,True,False,Original SAMHSA directory code; meaning and availability may vary by year.
2004,2003,original_code,F305,F305,True,False,Original SAMHSA directory code; meaning and availability may vary by year.
2004,2003,original_code,F315,F315,True,False,Original SAMHSA directory code; meaning and availability may vary by year.
2004,2003,original_code,F320,F320,True,False,Original SAMHSA directory code; meaning and availability may vary by year.
2004,2003,original_code,F325,F325,True,False,Original SAMHSA directory code; meaning and availability may vary by year.
2004,2003,original_code,F330,F330,True,False,Original SAMHSA directory code; meaning and availability may vary by year.
2004,2003,original_code,F335,F335,True,False,Original SAMHSA directory code; meaning and availability may vary by year.
2004,2003,original_code,F345,F345,True,False,Original SAMHSA directory code; meaning and availability may vary by year.
2004,2003,original_code,F35,Bengali F135 Hawaiian F235 Mien F335 Thai,True,False,Original SAMHSA directory code; meaning and availability may vary by year.
2004,2003,original_code,F350,F350,True,False,Original SAMHSA directory code; meaning and availability may vary by year.
2004,2003,original_code,F355,F355,True,False,Original SAMHSA directory code; meaning and availability may vary by year.
2004,2003,original_code,F360,F360,True,False,Original SAMHSA directory code; meaning and availability may vary by year.
2004,2003,original_code,F365,F365,True,False,Original SAMHSA directory code; meaning and availability may vary by year.
2004,2003,original_code,F370,F370,True,False,Original SAMHSA directory code; meaning and availability may vary by year.
2004,2003,original_code,F375,F375,True,False,Original SAMHSA directory code; meaning and availability may vary by year.
2004,2003,original_code,F380,F380,True,False,Original SAMHSA directory code; meaning and availability may vary by year.
2004,2003,original_code,F385,F385,True,False,Original SAMHSA directory code; meaning and availability may vary by year.
2004,2003,original_code,F390,F390,True,False,Original SAMHSA directory code; meaning and availability may vary by year.
2004,2003,original_code,F40,Bosnian F140 Hebrew F240 Mongolian F340 Tigrigna,True,False,Original SAMHSA directory code; meaning and availability may vary by year.
2004,2003,original_code,F45,Burmese F145 Hindi F245 Norwegian F345 Tongan,True,False,Original SAMHSA directory code; meaning and availability may vary by year.
2004,2003,original_code,F5,Akan F105 Finnish F205 Luganda F305 Somali,True,False,Original SAMHSA directory code; meaning and availability may vary by year.
2004,2003,original_code,F50,Cantonese F150 Hmong F250 Palauan F350 Turkish,True,False,Original SAMHSA directory code; meaning and availability may vary by year.
2004,2003,original_code,F55,Chaldean F155 Hungarian F255 Panjabi F355 Twt,True,False,Original SAMHSA directory code; meaning and availability may vary by year.
2004,2003,original_code,F60,Chinese F160 Igbo F260 Pohnpeian F360 Ukrainian,True,False,Original SAMHSA directory code; meaning and availability may vary by year.
2004,2003,original_code,F65,Chuukese F165 Ilocano F265 Polish F365 Urdu,True,False,Original SAMHSA directory code; meaning and availability may vary by year.
2004,2003,original_code,F70,Creole F170 Italian F270 Portuguese F370 Vietnamese,True,False,Original SAMHSA directory code; meaning and availability may vary by year.
2004,2003,original_code,F75,Czech F175 Japanese F275 Romanian F375 Visayan,True,False,Original SAMHSA directory code; meaning and availability may vary by year.
2004,2003,original_code,F80,Danish F180 Khmer F280 Russian F380 Yapese,True,False,Original SAMHSA directory code; meaning and availability may vary by year.
2004,2003,original_code,F85,Dinka F185 Khun F285 Samoan F385 Yiddish,True,False,Original SAMHSA directory code; meaning and availability may vary by year.
2004,2003,original_code,F90,Dutch F190 Korean F290 Serbo-croatian F390 Yoruba,True,False,Original SAMHSA directory code; meaning and availability may vary by year.
2004,2003,original_code,F95,Estonian F195 Lao F295 Slovak,True,False,Original SAMHSA directory code; meaning and availability may vary by year.
2004,2003,original_code,FSA,FSA,True,False,Original SAMHSA directory code; meaning and availability may vary by year.
2004,2003,original_code,FX,FX,True,False,Original SAMHSA directory code; meaning and availability may vary by year.
2004,2003,original_code,GH,General health services,True,False,Original SAMHSA directory code; meaning and availability may vary by year.
2004,2003,original_code,GL,Gay and Lesbian,True,False,Original SAMHSA directory code; meaning and availability may vary by year.
2004,2003,original_code,HH,Transitional housing or halfway house,True,False,Original SAMHSA directory code; meaning and availability may vary by year.
2004,2003,original_code,HI,Hospital inpatient,True,False,Original SAMHSA directory code; meaning and availability may vary by year.
2004,2003,original_code,HV,Persons with HIV/AIDS,True,False,Original SAMHSA directory code; meaning and availability may vary by year.
2004,2003,original_code,ICO,ICO,True,False,Original SAMHSA directory code; meaning and availability may vary by year.
2004,2003,original_code,ID,ID,True,False,Original SAMHSA directory code; meaning and availability may vary by year.
2004,2003,original_code,IH,Indian Health Service,True,False,Original SAMHSA directory code; meaning and availability may vary by year.
2004,2003,original_code,IO,IO,True,False,Original SAMHSA directory code; meaning and availability may vary by year.
2004,2003,original_code,IR,IR,True,False,Original SAMHSA directory code; meaning and availability may vary by year.
2004,2003,original_code,MC,Medicare,True,False,Original SAMHSA directory code; meaning and availability may vary by year.
2004,2003,original_code,MD,Medicaid,True,False,Original SAMHSA directory code; meaning and availability may vary by year.
2004,2003,original_code,MH,Mental health services,True,False,Original SAMHSA directory code; meaning and availability may vary by year.
2004,2003,original_code,MH-SA,Mix of mental health and substance abuse services,True,False,Original SAMHSA directory code; meaning and availability may vary by year.
2004,2003,original_code,MI,Military insurance,True,False,Original SAMHSA directory code; meaning and availability may vary by year.
2004,2003,original_code,ML,ML,True,False,Original SAMHSA directory code; meaning and availability may vary by year.
2004,2003,original_code,MM,Methadone maintenance,True,False,Original SAMHSA directory code; meaning and availability may vary by year.
2004,2003,original_code,MN,Men,True,False,Original SAMHSA directory code; meaning and availability may vary by year.
2004,2003,original_code,MO,MO,True,False,Original SAMHSA directory code; meaning and availability may vary by year.
2004,2003,original_code,N10,Apache N75 Hopi N140 Navajo N205 Shoshoni,True,False,Original SAMHSA directory code; meaning and availability may vary by year.
2004,2003,original_code,N100,N100,True,False,Original SAMHSA directory code; meaning and availability may vary by year.
2004,2003,original_code,N105,N105,True,False,Original SAMHSA directory code; meaning and availability may vary by year.
2004,2003,original_code,N115,N115,True,False,Original SAMHSA directory code; meaning and availability may vary by year.
2004,2003,original_code,N120,N120,True,False,Original SAMHSA directory code; meaning and availability may vary by year.
2004,2003,original_code,N130,N130,True,False,Original SAMHSA directory code; meaning and availability may vary by year.
2004,2003,original_code,N140,N140,True,False,Original SAMHSA directory code; meaning and availability may vary by year.
2004,2003,original_code,N145,N145,True,False,Original SAMHSA directory code; meaning and availability may vary by year.
2004,2003,original_code,N15,Athabascan N80 Hupa N145 Ojibwa N210 Sioux,True,False,Original SAMHSA directory code; meaning and availability may vary by year.
2004,2003,original_code,N150,N150,True,False,Original SAMHSA directory code; meaning and availability may vary by year.
2004,2003,original_code,N155,N155,True,False,Original SAMHSA directory code; meaning and availability may vary by year.
2004,2003,original_code,N165,N165,True,False,Original SAMHSA directory code; meaning and availability may vary by year.
2004,2003,original_code,N170,N170,True,False,Original SAMHSA directory code; meaning and availability may vary by year.
2004,2003,original_code,N180,N180,True,False,Original SAMHSA directory code; meaning and availability may vary by year.
2004,2003,original_code,N185,N185,True,False,Original SAMHSA directory code; meaning and availability may vary by year.
2004,2003,original_code,N190,N190,True,False,Original SAMHSA directory code; meaning and availability may vary by year.
2004,2003,original_code,N195,N195,True,False,Original SAMHSA directory code; meaning and availability may vary by year.
2004,2003,original_code,N20,Cherokee N85 Inupiat N150 Omaha N215 Tewa,True,False,Original SAMHSA directory code; meaning and availability may vary by year.
2004,2003,original_code,N205,N205,True,False,Original SAMHSA directory code; meaning and availability may vary by year.
2004,2003,original_code,N210,N210,True,False,Original SAMHSA directory code; meaning and availability may vary by year.
2004,2003,original_code,N215,N215,True,False,Original SAMHSA directory code; meaning and availability may vary by year.
2004,2003,original_code,N225,N225,True,False,Original SAMHSA directory code; meaning and availability may vary by year.
2004,2003,original_code,N235,N235,True,False,Original SAMHSA directory code; meaning and availability may vary by year.
2004,2003,original_code,N240,N240,True,False,Original SAMHSA directory code; meaning and availability may vary by year.
2004,2003,original_code,N245,N245,True,False,Original SAMHSA directory code; meaning and availability may vary by year.
2004,2003,original_code,N25,Cheyenne N90 Karok N155 0'odham N220 Tlingit,True,False,Original SAMHSA directory code; meaning and availability may vary by year.
2004,2003,original_code,N250,N250,True,False,Original SAMHSA directory code; meaning and availability may vary by year.
2004,2003,original_code,N255,N255,True,False,Original SAMHSA directory code; meaning and availability may vary by year.
2004,2003,original_code,N30,Chickasaw N95 Keres N160 Ottawa N225 Towa,True,False,Original SAMHSA directory code; meaning and availability may vary by year.
2004,2003,original_code,N35,Chinook wawa N100 Kiowa N165 Paiute N230 Umatilla,True,False,Original SAMHSA directory code; meaning and availability may vary by year.
2004,2003,original_code,N40,Chippewa N105 Lakota N170 Passamaquoddy N235 Ute,True,False,Original SAMHSA directory code; meaning and availability may vary by year.
2004,2003,original_code,N45,Choctaw N110 Lumbee N175 Pawnee N240 Walla walla,True,False,Original SAMHSA directory code; meaning and availability may vary by year.
2004,2003,original_code,N5,Aleut N70 Hochunk N135 Mohawk N200 Shawnee,True,False,Original SAMHSA directory code; meaning and availability may vary by year.
2004,2003,original_code,N50,Comanche N115 Lushootseed N180 Penobscot N245 Yaqui,True,False,Original SAMHSA directory code; meaning and availability may vary by year.
2004,2003,original_code,N55,Cree N120 Maliseet N185 Pima N250 Yavapai,True,False,Original SAMHSA directory code; meaning and availability may vary by year.
2004,2003,original_code,N60,Crow N125 Mesquakie N190 Seminole N255 Yupik,True,False,Original SAMHSA directory code; meaning and availability may vary by year.
2004,2003,original_code,N65,Dakota N130 Micmac N195 Seneca N260 Zuni,True,False,Original SAMHSA directory code; meaning and availability may vary by year.
2004,2003,original_code,N75,N75,True,False,Original SAMHSA directory code; meaning and availability may vary by year.
2004,2003,original_code,N80,N80,True,False,Original SAMHSA directory code; meaning and availability may vary by year.
2004,2003,original_code,N85,N85,True,False,Original SAMHSA directory code; meaning and availability may vary by year.
2004,2003,original_code,N90,N90,True,False,Original SAMHSA directory code; meaning and availability may vary by year.
2004,2003,original_code,OD,Outpatient detoxification,True,False,Original SAMHSA directory code; meaning and availability may vary by year.
2004,2003,original_code,OH,OH,True,False,Original SAMHSA directory code; meaning and availability may vary by year.
2004,2003,original_code,OP,Outpatient,True,False,Original SAMHSA directory code; meaning and availability may vary by year.
2004,2003,original_code,OR,OR,True,False,Original SAMHSA directory code; meaning and availability may vary by year.
2004,2003,original_code,OW,OW,True,False,Original SAMHSA directory code; meaning and availability may vary by year.
2004,2003,original_code,PA,Payment assistance,True,False,Original SAMHSA directory code; meaning and availability may vary by year.
2004,2003,original_code,PH,Partial hospitalization/day treatment,True,False,Original SAMHSA directory code; meaning and availability may vary by year.
2004,2003,original_code,PI,Private health insurance,True,False,Original SAMHSA directory code; meaning and availability may vary by year.
2004,2003,original_code,PL,PL,True,False,Original SAMHSA directory code; meaning and availability may vary by year.
2004,2003,original_code,PV,PV,True,False,Original SAMHSA directory code; meaning and availability may vary by year.
2004,2003,original_code,PW,Pregnant/postpartum women,True,False,Original SAMHSA directory code; meaning and availability may vary by year.
2004,2003,original_code,RD,Residential detoxification,True,False,Original SAMHSA directory code; meaning and availability may vary by year.
2004,2003,original_code,RL,Long-term residential,True,False,Original SAMHSA directory code; meaning and availability may vary by year.
2004,2003,original_code,RR,RR,True,False,Original SAMHSA directory code; meaning and availability may vary by year.
2004,2003,original_code,RS,Short-term residential,True,False,Original SAMHSA directory code; meaning and availability may vary by year.
2004,2003,original_code,SA,Substance use treatment,True,False,Original SAMHSA directory code; meaning and availability may vary by year.
2004,2003,original_code,SAE,SAE,True,False,Original SAMHSA directory code; meaning and availability may vary by year.
2004,2003,original_code,SC,SC,True,False,Original SAMHSA directory code; meaning and availability may vary by year.
2004,2003,original_code,SE,Seniors/older adults,True,False,Original SAMHSA directory code; meaning and availability may vary by year.
2004,2003,original_code,SF,Cash or self-payment,True,False,Original SAMHSA directory code; meaning and availability may vary by year.
2004,2003,original_code,SI,State-financed insurance,True,False,Original SAMHSA directory code; meaning and availability may vary by year.
2004,2003,original_code,SP,Spanish,True,False,Original SAMHSA directory code; meaning and availability may vary by year.
2004,2003,original_code,SS,Sliding fee scale,True,False,Original SAMHSA directory code; meaning and availability may vary by year.
2004,2003,original_code,TA,TA,True,False,Original SAMHSA directory code; meaning and availability may vary by year.
2004,2003,original_code,TC,TC,True,False,Original SAMHSA directory code; meaning and availability may vary by year.
2004,2003,original_code,TX,Substance abuse treatment,True,False,Original SAMHSA directory code; meaning and availability may vary by year.
2004,2003,original_code,UN,UN,True,False,Original SAMHSA directory code; meaning and availability may vary by year.
2004,2003,original_code,WN,Women,True,False,Original SAMHSA directory code; meaning and availability may vary by year.
2004,2003,original_code,WO,WO,True,False,Original SAMHSA directory code; meaning and availability may vary by year.
2005,2004,ownership,private_unspecified,Private (type unspecified),False,False,Earlier directories do not consistently separate private ownership type.
2005,2004,ownership,private_nonprofit,Private nonprofit,False,True,
2005,2004,ownership,private_forprofit,Private for-profit,False,True,
2005,2004,ownership,local_government,Local/county government,False,True,
2005,2004,ownership,state_government,State government,False,True,
2005,2004,ownership,tribal_government,Tribal government,False,True,
2005,2004,ownership,federal_dod,Federal: Department of Defense,False,True,
2005,2004,ownership,federal_ihs,Federal: Indian Health Service,False,True,
2005,2004,ownership,federal_va,Federal: Veterans Affairs,False,True,
2005,2004,center_type,substance_use,Substance use treatment,True,True,
2005,2004,center_type,detoxification,Detoxification,True,True,
2005,2004,center_type,transitional_housing,Transitional housing/halfway house,True,True,
2005,2004,center_type,mental_health,Mental health treatment,True,True,
2005,2004,center_type,cooccurring,Co-occurring mental health and substance use,False,True,
2005,2004,setting,outpatient,Outpatient,True,True,
2005,2004,setting,residential,Residential,True,True,
2005,2004,setting,hospital_inpatient,Hospital inpatient,True,True,
2005,2004,payment,medicare,Medicare,True,True,
2005,2004,payment,medicaid,Medicaid,True,True,
2005,2004,payment,military_insurance,Military insurance,True,True,
2005,2004,payment,private_insurance,Private health insurance,True,True,
2005,2004,payment,self_pay,Cash or self-payment,True,True,
2005,2004,payment,state_financed,State-financed insurance,True,True,
2005,2004,payment,payment_assistance,Payment assistance,True,True,
2005,2004,payment,sliding_fee,Sliding fee scale,True,True,
2005,2004,service_family,substance_use_treatment,Substance use treatment,True,True,
2005,2004,service_family,detoxification,Detoxification,True,True,
2005,2004,service_family,transitional_housing,Transitional housing/halfway house,True,True,
2005,2004,service_family,cooccurring,Co-occurring mental health and substance use treatment,False,True,
2005,2004,service_family,outpatient_treatment,Outpatient treatment,True,True,
2005,2004,service_family,residential_treatment,Residential treatment,True,True,
2005,2004,service_family,hospital_inpatient,Hospital inpatient treatment,True,True,
2005,2004,service_family,opioid_treatment_program,SAMHSA-certified opioid treatment program,False,True,
2005,2004,service_family,methadone,Methadone services,True,True,
2005,2004,service_family,buprenorphine,Buprenorphine services,False,True,
2005,2004,service_family,naltrexone,Naltrexone services,False,True,
2005,2004,service_family,telehealth,Telehealth/telemedicine,False,True,
2005,2004,original_code,AD,Adolescents,True,False,Original SAMHSA directory code; meaning and availability may vary by year.
2005,2004,original_code,AH,Services for deaf and hard of hearing,True,False,Original SAMHSA directory code; meaning and availability may vary by year.
2005,2004,original_code,AR,AR,True,False,Original SAMHSA directory code; meaning and availability may vary by year.
2005,2004,original_code,BC,Residential beds for clients’ children,True,False,Original SAMHSA directory code; meaning and availability may vary by year.
2005,2004,original_code,CH,CH,True,False,Original SAMHSA directory code; meaning and availability may vary by year.
2005,2004,original_code,CJ,Criminal justice clients,True,False,Original SAMHSA directory code; meaning and availability may vary by year.
2005,2004,original_code,CO,Persons with co-occurring mental and substance abuse disorders,True,False,Original SAMHSA directory code; meaning and availability may vary by year.
2005,2004,original_code,COA,COA,True,False,Original SAMHSA directory code; meaning and availability may vary by year.
2005,2004,original_code,DD,DD,True,False,Original SAMHSA directory code; meaning and availability may vary by year.
2005,2004,original_code,DM,Methadone detoxification,True,False,Original SAMHSA directory code; meaning and availability may vary by year.
2005,2004,original_code,DT,Detoxification,True,False,Original SAMHSA directory code; meaning and availability may vary by year.
2005,2004,original_code,DU,DUI/DWI offenders,True,False,Original SAMHSA directory code; meaning and availability may vary by year.
2005,2004,original_code,F1,Albanian F20 French F39 Lao F58 Serbo-croatian,True,False,Original SAMHSA directory code; meaning and availability may vary by year.
2005,2004,original_code,F10,Chamorro F29 Hungarian F48 Nigerian F67 Thai,True,False,Original SAMHSA directory code; meaning and availability may vary by year.
2005,2004,original_code,F11,Chinese F30 Igbo F49 Norwegian F68 Tongan,True,False,Original SAMHSA directory code; meaning and availability may vary by year.
2005,2004,original_code,F12,Chuukese F31 Ilocano F50 Palauan F69 Turkish,True,False,Original SAMHSA directory code; meaning and availability may vary by year.
2005,2004,original_code,F13,Creole F32 Indonesian F51 Panjabi F70 Ukrainian,True,False,Original SAMHSA directory code; meaning and availability may vary by year.
2005,2004,original_code,F14,Czech F33 Italian F52 Polish F71 Urdu,True,False,Original SAMHSA directory code; meaning and availability may vary by year.
2005,2004,original_code,F15,Danish F34 Japanese F53 Portuguese F72 Vietnamese,True,False,Original SAMHSA directory code; meaning and availability may vary by year.
2005,2004,original_code,F16,Dutch F35 Khmer F54 Quiche F73 Yapese,True,False,Original SAMHSA directory code; meaning and availability may vary by year.
2005,2004,original_code,F17,Farsi F36 Khmu F55 Romanian F74 Yiddish,True,False,Original SAMHSA directory code; meaning and availability may vary by year.
2005,2004,original_code,F18,Fijian F37 Kinyarwanda F56 Russian F75 Yoruba,True,False,Original SAMHSA directory code; meaning and availability may vary by year.
2005,2004,original_code,F19,Finnish F38 Korean F57 Samoan F76 Zapotec,True,False,Original SAMHSA directory code; meaning and availability may vary by year.
2005,2004,original_code,F2,Arabic F21 Gaelic F40 Macedonian F59 Slovak,True,False,Original SAMHSA directory code; meaning and availability may vary by year.
2005,2004,original_code,F20,F20,True,False,Original SAMHSA directory code; meaning and availability may vary by year.
2005,2004,original_code,F22,F22,True,False,Original SAMHSA directory code; meaning and availability may vary by year.
2005,2004,original_code,F23,F23,True,False,Original SAMHSA directory code; meaning and availability may vary by year.
2005,2004,original_code,F24,F24,True,False,Original SAMHSA directory code; meaning and availability may vary by year.
2005,2004,original_code,F25,F25,True,False,Original SAMHSA directory code; meaning and availability may vary by year.
2005,2004,original_code,F26,F26,True,False,Original SAMHSA directory code; meaning and availability may vary by year.
2005,2004,original_code,F27,F27,True,False,Original SAMHSA directory code; meaning and availability may vary by year.
2005,2004,original_code,F28,F28,True,False,Original SAMHSA directory code; meaning and availability may vary by year.
2005,2004,original_code,F29,F29,True,False,Original SAMHSA directory code; meaning and availability may vary by year.
2005,2004,original_code,F3,Armenian F22 German F41 Malayalam SP Spanish,True,False,Original SAMHSA directory code; meaning and availability may vary by year.
2005,2004,original_code,F30,F30,True,False,Original SAMHSA directory code; meaning and availability may vary by year.
2005,2004,original_code,F33,F33,True,False,Original SAMHSA directory code; meaning and availability may vary by year.
2005,2004,original_code,F34,F34,True,False,Original SAMHSA directory code; meaning and availability may vary by year.
2005,2004,original_code,F35,F35,True,False,Original SAMHSA directory code; meaning and availability may vary by year.
2005,2004,original_code,F36,F36,True,False,Original SAMHSA directory code; meaning and availability may vary by year.
2005,2004,original_code,F38,F38,True,False,Original SAMHSA directory code; meaning and availability may vary by year.
2005,2004,original_code,F39,F39,True,False,Original SAMHSA directory code; meaning and availability may vary by year.
2005,2004,original_code,F4,Basque F23 Greek F42 Maltese F61 Sudanese,True,False,Original SAMHSA directory code; meaning and availability may vary by year.
2005,2004,original_code,F40,F40,True,False,Original SAMHSA directory code; meaning and availability may vary by year.
2005,2004,original_code,F41,F41,True,False,Original SAMHSA directory code; meaning and availability may vary by year.
2005,2004,original_code,F42,F42,True,False,Original SAMHSA directory code; meaning and availability may vary by year.
2005,2004,original_code,F43,F43,True,False,Original SAMHSA directory code; meaning and availability may vary by year.
2005,2004,original_code,F45,F45,True,False,Original SAMHSA directory code; meaning and availability may vary by year.
2005,2004,original_code,F46,F46,True,False,Original SAMHSA directory code; meaning and availability may vary by year.
2005,2004,original_code,F47,F47,True,False,Original SAMHSA directory code; meaning and availability may vary by year.
2005,2004,original_code,F48,F48,True,False,Original SAMHSA directory code; meaning and availability may vary by year.
2005,2004,original_code,F49,F49,True,False,Original SAMHSA directory code; meaning and availability may vary by year.
2005,2004,original_code,F5,Bosnian F24 Gujurati F43 Mandarin F62 Swahili,True,False,Original SAMHSA directory code; meaning and availability may vary by year.
2005,2004,original_code,F50,F50,True,False,Original SAMHSA directory code; meaning and availability may vary by year.
2005,2004,original_code,F52,F52,True,False,Original SAMHSA directory code; meaning and availability may vary by year.
2005,2004,original_code,F53,F53,True,False,Original SAMHSA directory code; meaning and availability may vary by year.
2005,2004,original_code,F54,F54,True,False,Original SAMHSA directory code; meaning and availability may vary by year.
2005,2004,original_code,F55,F55,True,False,Original SAMHSA directory code; meaning and availability may vary by year.
2005,2004,original_code,F56,F56,True,False,Original SAMHSA directory code; meaning and availability may vary by year.
2005,2004,original_code,F57,F57,True,False,Original SAMHSA directory code; meaning and availability may vary by year.
2005,2004,original_code,F59,F59,True,False,Original SAMHSA directory code; meaning and availability may vary by year.
2005,2004,original_code,F6,Bulgarian F25 Hawaiian F44 Micronesian F63 Swedish,True,False,Original SAMHSA directory code; meaning and availability may vary by year.
2005,2004,original_code,F61,F61,True,False,Original SAMHSA directory code; meaning and availability may vary by year.
2005,2004,original_code,F62,F62,True,False,Original SAMHSA directory code; meaning and availability may vary by year.
2005,2004,original_code,F63,F63,True,False,Original SAMHSA directory code; meaning and availability may vary by year.
2005,2004,original_code,F64,F64,True,False,Original SAMHSA directory code; meaning and availability may vary by year.
2005,2004,original_code,F65,F65,True,False,Original SAMHSA directory code; meaning and availability may vary by year.
2005,2004,original_code,F67,F67,True,False,Original SAMHSA directory code; meaning and availability may vary by year.
2005,2004,original_code,F69,F69,True,False,Original SAMHSA directory code; meaning and availability may vary by year.
2005,2004,original_code,F7,Burmese F26 Hebrew F45 Mien F64 Tagalog,True,False,Original SAMHSA directory code; meaning and availability may vary by year.
2005,2004,original_code,F70,F70,True,False,Original SAMHSA directory code; meaning and availability may vary by year.
2005,2004,original_code,F71,F71,True,False,Original SAMHSA directory code; meaning and availability may vary by year.
2005,2004,original_code,F72,F72,True,False,Original SAMHSA directory code; meaning and availability may vary by year.
2005,2004,original_code,F73,F73,True,False,Original SAMHSA directory code; meaning and availability may vary by year.
2005,2004,original_code,F74,F74,True,False,Original SAMHSA directory code; meaning and availability may vary by year.
2005,2004,original_code,F75,F75,True,False,Original SAMHSA directory code; meaning and availability may vary by year.
2005,2004,original_code,F76,F76,True,False,Original SAMHSA directory code; meaning and availability may vary by year.
2005,2004,original_code,F8,Cantonese F27 Hindi F46 Mixteco F65 Tamil,True,False,Original SAMHSA directory code; meaning and availability may vary by year.
2005,2004,original_code,F9,Chaldean F28 Hmong F47 Nepali F66 Telugu,True,False,Original SAMHSA directory code; meaning and availability may vary by year.
2005,2004,original_code,GH,General health services,True,False,Original SAMHSA directory code; meaning and availability may vary by year.
2005,2004,original_code,GL,Gays and Lesbians,True,False,Original SAMHSA directory code; meaning and availability may vary by year.
2005,2004,original_code,HH,Transitional housing or halfway house,True,False,Original SAMHSA directory code; meaning and availability may vary by year.
2005,2004,original_code,HI,Hospital inpatient,True,False,Original SAMHSA directory code; meaning and availability may vary by year.
2005,2004,original_code,HV,Persons with HIV/AIDS,True,False,Original SAMHSA directory code; meaning and availability may vary by year.
2005,2004,original_code,ICO,ICO,True,False,Original SAMHSA directory code; meaning and availability may vary by year.
2005,2004,original_code,ID,ID,True,False,Original SAMHSA directory code; meaning and availability may vary by year.
2005,2004,original_code,IO,IO,True,False,Original SAMHSA directory code; meaning and availability may vary by year.
2005,2004,original_code,MC,Medicare,True,False,Original SAMHSA directory code; meaning and availability may vary by year.
2005,2004,original_code,MD,Medicaid,True,False,Original SAMHSA directory code; meaning and availability may vary by year.
2005,2004,original_code,MF,MF,True,False,Original SAMHSA directory code; meaning and availability may vary by year.
2005,2004,original_code,MH,Mental health services,True,False,Original SAMHSA directory code; meaning and availability may vary by year.
2005,2004,original_code,MH-SA,Mix of mental health and substance abuse services,True,False,Original SAMHSA directory code; meaning and availability may vary by year.
2005,2004,original_code,MI,Military insurance,True,False,Original SAMHSA directory code; meaning and availability may vary by year.
2005,2004,original_code,MM,Methadone maintenance,True,False,Original SAMHSA directory code; meaning and availability may vary by year.
2005,2004,original_code,MN,Men,True,False,Original SAMHSA directory code; meaning and availability may vary by year.
2005,2004,original_code,MO,MO,True,False,Original SAMHSA directory code; meaning and availability may vary by year.
2005,2004,original_code,N1,Achumaw N10 Dakota N19 Ojibwa N28 Tewa,True,False,Original SAMHSA directory code; meaning and availability may vary by year.
2005,2004,original_code,N10,N10,True,False,Original SAMHSA directory code; meaning and availability may vary by year.
2005,2004,original_code,N12,N12,True,False,Original SAMHSA directory code; meaning and availability may vary by year.
2005,2004,original_code,N13,N13,True,False,Original SAMHSA directory code; meaning and availability may vary by year.
2005,2004,original_code,N14,N14,True,False,Original SAMHSA directory code; meaning and availability may vary by year.
2005,2004,original_code,N15,N15,True,False,Original SAMHSA directory code; meaning and availability may vary by year.
2005,2004,original_code,N16,N16,True,False,Original SAMHSA directory code; meaning and availability may vary by year.
2005,2004,original_code,N17,N17,True,False,Original SAMHSA directory code; meaning and availability may vary by year.
2005,2004,original_code,N18,N18,True,False,Original SAMHSA directory code; meaning and availability may vary by year.
2005,2004,original_code,N19,N19,True,False,Original SAMHSA directory code; meaning and availability may vary by year.
2005,2004,original_code,N2,Apache N11 Hochunk N20 Omaha N29 Towa,True,False,Original SAMHSA directory code; meaning and availability may vary by year.
2005,2004,original_code,N20,N20,True,False,Original SAMHSA directory code; meaning and availability may vary by year.
2005,2004,original_code,N21,N21,True,False,Original SAMHSA directory code; meaning and availability may vary by year.
2005,2004,original_code,N22,N22,True,False,Original SAMHSA directory code; meaning and availability may vary by year.
2005,2004,original_code,N23,N23,True,False,Original SAMHSA directory code; meaning and availability may vary by year.
2005,2004,original_code,N25,N25,True,False,Original SAMHSA directory code; meaning and availability may vary by year.
2005,2004,original_code,N26,N26,True,False,Original SAMHSA directory code; meaning and availability may vary by year.
2005,2004,original_code,N27,N27,True,False,Original SAMHSA directory code; meaning and availability may vary by year.
2005,2004,original_code,N28,N28,True,False,Original SAMHSA directory code; meaning and availability may vary by year.
2005,2004,original_code,N3,Athabascan N12 Hopi N21 O’odham N30 Ute,True,False,Original SAMHSA directory code; meaning and availability may vary by year.
2005,2004,original_code,N30,N30,True,False,Original SAMHSA directory code; meaning and availability may vary by year.
2005,2004,original_code,N31,N31,True,False,Original SAMHSA directory code; meaning and availability may vary by year.
2005,2004,original_code,N32,N32,True,False,Original SAMHSA directory code; meaning and availability may vary by year.
2005,2004,original_code,N33,N33,True,False,Original SAMHSA directory code; meaning and availability may vary by year.
2005,2004,original_code,N34,N34,True,False,Original SAMHSA directory code; meaning and availability may vary by year.
2005,2004,original_code,N4,Cherokee N13 Inupiat N22 Ottawa N31 Yakima,True,False,Original SAMHSA directory code; meaning and availability may vary by year.
2005,2004,original_code,N5,Cheyenne N14 Keres N23 Paiute N32 Yaqui,True,False,Original SAMHSA directory code; meaning and availability may vary by year.
2005,2004,original_code,N6,Choctaw N15 Koyukon N24 Passamaquoddy N33 Yupik,True,False,Original SAMHSA directory code; meaning and availability may vary by year.
2005,2004,original_code,N7,Cocopah N16 Lakota N25 Pima N34 Zuni,True,False,Original SAMHSA directory code; meaning and availability may vary by year.
2005,2004,original_code,N8,Cree N17 Mohawk N26 Seminole,True,False,Original SAMHSA directory code; meaning and availability may vary by year.
2005,2004,original_code,N9,Crow N18 Navajo N27 Shoshoni,True,False,Original SAMHSA directory code; meaning and availability may vary by year.
2005,2004,original_code,OD,Outpatient detoxification,True,False,Original SAMHSA directory code; meaning and availability may vary by year.
2005,2004,original_code,OH,OH,True,False,Original SAMHSA directory code; meaning and availability may vary by year.
2005,2004,original_code,OP,Outpatient,True,False,Original SAMHSA directory code; meaning and availability may vary by year.
2005,2004,original_code,OR,OR,True,False,Original SAMHSA directory code; meaning and availability may vary by year.
2005,2004,original_code,ORT,Regular outpatient treatment,True,False,Original SAMHSA directory code; meaning and availability may vary by year.
2005,2004,original_code,OS,OS,True,False,Original SAMHSA directory code; meaning and availability may vary by year.
2005,2004,original_code,OW,OW,True,False,Original SAMHSA directory code; meaning and availability may vary by year.
2005,2004,original_code,PA,Payment assistance,True,False,Original SAMHSA directory code; meaning and availability may vary by year.
2005,2004,original_code,PH,Partial hospitalization/day treatment,True,False,Original SAMHSA directory code; meaning and availability may vary by year.
2005,2004,original_code,PI,Private health insurance,True,False,Original SAMHSA directory code; meaning and availability may vary by year.
2005,2004,original_code,PW,Pregnant/postpartum women,True,False,Original SAMHSA directory code; meaning and availability may vary by year.
2005,2004,original_code,RL,Long-term residential,True,False,Original SAMHSA directory code; meaning and availability may vary by year.
2005,2004,original_code,RR,RR,True,False,Original SAMHSA directory code; meaning and availability may vary by year.
2005,2004,original_code,RS,Short-term residential,True,False,Original SAMHSA directory code; meaning and availability may vary by year.
2005,2004,original_code,SA,Substance use treatment,True,False,Original SAMHSA directory code; meaning and availability may vary by year.
2005,2004,original_code,SC,SC,True,False,Original SAMHSA directory code; meaning and availability may vary by year.
2005,2004,original_code,SE,Seniors/older adults,True,False,Original SAMHSA directory code; meaning and availability may vary by year.
2005,2004,original_code,SF,Cash or self-payment,True,False,Original SAMHSA directory code; meaning and availability may vary by year.
2005,2004,original_code,SI,State-financed insurance,True,False,Original SAMHSA directory code; meaning and availability may vary by year.
2005,2004,original_code,SP,Spanish,True,False,Original SAMHSA directory code; meaning and availability may vary by year.
2005,2004,original_code,SS,Sliding fee scale,True,False,Original SAMHSA directory code; meaning and availability may vary by year.
2005,2004,original_code,TA,TA,True,False,Original SAMHSA directory code; meaning and availability may vary by year.
2005,2004,original_code,TC,TC,True,False,Original SAMHSA directory code; meaning and availability may vary by year.
2005,2004,original_code,TX,Substance abuse treatment,True,False,Original SAMHSA directory code; meaning and availability may vary by year.
2005,2004,original_code,UN,UN,True,False,Original SAMHSA directory code; meaning and availability may vary by year.
2005,2004,original_code,WN,Women,True,False,Original SAMHSA directory code; meaning and availability may vary by year.
2005,2004,original_code,WO,WO,True,False,Original SAMHSA directory code; meaning and availability may vary by year.
2006,2005,ownership,private_unspecified,Private (type unspecified),False,False,Earlier directories do not consistently separate private ownership type.
2006,2005,ownership,private_nonprofit,Private nonprofit,False,True,
2006,2005,ownership,private_forprofit,Private for-profit,False,True,
2006,2005,ownership,local_government,Local/county government,False,True,
2006,2005,ownership,state_government,State government,False,True,
2006,2005,ownership,tribal_government,Tribal government,False,True,
2006,2005,ownership,federal_dod,Federal: Department of Defense,False,True,
2006,2005,ownership,federal_ihs,Federal: Indian Health Service,False,True,
2006,2005,ownership,federal_va,Federal: Veterans Affairs,False,True,
2006,2005,center_type,substance_use,Substance use treatment,True,True,
2006,2005,center_type,detoxification,Detoxification,True,True,
2006,2005,center_type,transitional_housing,Transitional housing/halfway house,True,True,
2006,2005,center_type,mental_health,Mental health treatment,True,True,
2006,2005,center_type,cooccurring,Co-occurring mental health and substance use,False,True,
2006,2005,setting,outpatient,Outpatient,True,True,
2006,2005,setting,residential,Residential,True,True,
2006,2005,setting,hospital_inpatient,Hospital inpatient,True,True,
2006,2005,payment,medicare,Medicare,True,True,
2006,2005,payment,medicaid,Medicaid,True,True,
2006,2005,payment,military_insurance,Military insurance,True,True,
2006,2005,payment,private_insurance,Private health insurance,True,True,
2006,2005,payment,self_pay,Cash or self-payment,True,True,
2006,2005,payment,state_financed,State-financed insurance,True,True,
2006,2005,payment,payment_assistance,Payment assistance,True,True,
2006,2005,payment,sliding_fee,Sliding fee scale,True,True,
2006,2005,service_family,substance_use_treatment,Substance use treatment,True,True,
2006,2005,service_family,detoxification,Detoxification,True,True,
2006,2005,service_family,transitional_housing,Transitional housing/halfway house,True,True,
2006,2005,service_family,cooccurring,Co-occurring mental health and substance use treatment,False,True,
2006,2005,service_family,outpatient_treatment,Outpatient treatment,True,True,
2006,2005,service_family,residential_treatment,Residential treatment,True,True,
2006,2005,service_family,hospital_inpatient,Hospital inpatient treatment,True,True,
2006,2005,service_family,opioid_treatment_program,SAMHSA-certified opioid treatment program,False,True,
2006,2005,service_family,methadone,Methadone services,True,True,
2006,2005,service_family,buprenorphine,Buprenorphine services,False,True,
2006,2005,service_family,naltrexone,Naltrexone services,False,True,
2006,2005,service_family,telehealth,Telehealth/telemedicine,False,True,
2006,2005,original_code,AD,Adolescents,True,False,Original SAMHSA directory code; meaning and availability may vary by year.
2006,2005,original_code,AH,Services for deaf and hard of hearing,True,False,Original SAMHSA directory code; meaning and availability may vary by year.
2006,2005,original_code,AR,AR,True,False,Original SAMHSA directory code; meaning and availability may vary by year.
2006,2005,original_code,BC,Residential beds for clients’ children,True,False,Original SAMHSA directory code; meaning and availability may vary by year.
2006,2005,original_code,CH,CH,True,False,Original SAMHSA directory code; meaning and availability may vary by year.
2006,2005,original_code,CJ,Criminal justice clients,True,False,Original SAMHSA directory code; meaning and availability may vary by year.
2006,2005,original_code,CO,Persons with co-occurring mental and substance abuse disorders,True,False,Original SAMHSA directory code; meaning and availability may vary by year.
2006,2005,original_code,COA,COA,True,False,Original SAMHSA directory code; meaning and availability may vary by year.
2006,2005,original_code,DD,DD,True,False,Original SAMHSA directory code; meaning and availability may vary by year.
2006,2005,original_code,DM,Methadone detoxification,True,False,Original SAMHSA directory code; meaning and availability may vary by year.
2006,2005,original_code,DT,Detoxification,True,False,Original SAMHSA directory code; meaning and availability may vary by year.
2006,2005,original_code,DU,DUI/DWI offenders,True,False,Original SAMHSA directory code; meaning and availability may vary by year.
2006,2005,original_code,F1,Afrikaans F27 French F51 Macedonian F72 Serbo-croatian,True,False,Original SAMHSA directory code; meaning and availability may vary by year.
2006,2005,original_code,F10,Bosnian F36 Hmong F59 Mongolian F81 Telugu,True,False,Original SAMHSA directory code; meaning and availability may vary by year.
2006,2005,original_code,F11,Bulgarian F37 Hungarian F60 Nepali F84 Thai,True,False,Original SAMHSA directory code; meaning and availability may vary by year.
2006,2005,original_code,F15,Chaldean F38 Igbo F61 Nigerian F85 Tongan,True,False,Original SAMHSA directory code; meaning and availability may vary by year.
2006,2005,original_code,F16,Chamorro F39 Ilocano F62 Norwegian F86 Turkish,True,False,Original SAMHSA directory code; meaning and availability may vary by year.
2006,2005,original_code,F17,Chinese F40 Indonesian F63 Palauan F87 Ukrainian,True,False,Original SAMHSA directory code; meaning and availability may vary by year.
2006,2005,original_code,F18,Chuukese F41 Italian F64 Panjabi F88 Ulithian,True,False,Original SAMHSA directory code; meaning and availability may vary by year.
2006,2005,original_code,F19,Creole F42 Japanese F65 Polish F89 Urdu,True,False,Original SAMHSA directory code; meaning and availability may vary by year.
2006,2005,original_code,F2,Albanian F29 German F53 Malayalam F73 Slavic,True,False,Original SAMHSA directory code; meaning and availability may vary by year.
2006,2005,original_code,F21,Danish F43 Khmer F66 Portuguese F90 Vietnamese,True,False,Original SAMHSA directory code; meaning and availability may vary by year.
2006,2005,original_code,F22,Dutch F46 Korean F68 Romanian F91 Woleaian,True,False,Original SAMHSA directory code; meaning and availability may vary by year.
2006,2005,original_code,F23,Estonian F47 Lao F69 Russian F92 Yapese,True,False,Original SAMHSA directory code; meaning and availability may vary by year.
2006,2005,original_code,F24,Farsi F48 Latvian F70 Samoan,True,False,Original SAMHSA directory code; meaning and availability may vary by year.
2006,2005,original_code,F26,Finnish F49 Liberian F71 Satauvalese,True,False,Original SAMHSA directory code; meaning and availability may vary by year.
2006,2005,original_code,F27,F27,True,False,Original SAMHSA directory code; meaning and availability may vary by year.
2006,2005,original_code,F29,F29,True,False,Original SAMHSA directory code; meaning and availability may vary by year.
2006,2005,original_code,F3,Amharic F30 Greek F54 Maltese F75 Slovenian,True,False,Original SAMHSA directory code; meaning and availability may vary by year.
2006,2005,original_code,F30,F30,True,False,Original SAMHSA directory code; meaning and availability may vary by year.
2006,2005,original_code,F32,F32,True,False,Original SAMHSA directory code; meaning and availability may vary by year.
2006,2005,original_code,F33,F33,True,False,Original SAMHSA directory code; meaning and availability may vary by year.
2006,2005,original_code,F34,F34,True,False,Original SAMHSA directory code; meaning and availability may vary by year.
2006,2005,original_code,F35,F35,True,False,Original SAMHSA directory code; meaning and availability may vary by year.
2006,2005,original_code,F36,F36,True,False,Original SAMHSA directory code; meaning and availability may vary by year.
2006,2005,original_code,F37,F37,True,False,Original SAMHSA directory code; meaning and availability may vary by year.
2006,2005,original_code,F38,F38,True,False,Original SAMHSA directory code; meaning and availability may vary by year.
2006,2005,original_code,F39,F39,True,False,Original SAMHSA directory code; meaning and availability may vary by year.
2006,2005,original_code,F4,Arabic F32 Gujurati F55 Mandarin SP Spanish,True,False,Original SAMHSA directory code; meaning and availability may vary by year.
2006,2005,original_code,F40,F40,True,False,Original SAMHSA directory code; meaning and availability may vary by year.
2006,2005,original_code,F41,F41,True,False,Original SAMHSA directory code; meaning and availability may vary by year.
2006,2005,original_code,F42,F42,True,False,Original SAMHSA directory code; meaning and availability may vary by year.
2006,2005,original_code,F43,F43,True,False,Original SAMHSA directory code; meaning and availability may vary by year.
2006,2005,original_code,F46,F46,True,False,Original SAMHSA directory code; meaning and availability may vary by year.
2006,2005,original_code,F47,F47,True,False,Original SAMHSA directory code; meaning and availability may vary by year.
2006,2005,original_code,F48,F48,True,False,Original SAMHSA directory code; meaning and availability may vary by year.
2006,2005,original_code,F49,F49,True,False,Original SAMHSA directory code; meaning and availability may vary by year.
2006,2005,original_code,F5,Armenian F33 Hawaiian F56 Micronesian F76 Sudanese,True,False,Original SAMHSA directory code; meaning and availability may vary by year.
2006,2005,original_code,F51,F51,True,False,Original SAMHSA directory code; meaning and availability may vary by year.
2006,2005,original_code,F53,F53,True,False,Original SAMHSA directory code; meaning and availability may vary by year.
2006,2005,original_code,F54,F54,True,False,Original SAMHSA directory code; meaning and availability may vary by year.
2006,2005,original_code,F55,F55,True,False,Original SAMHSA directory code; meaning and availability may vary by year.
2006,2005,original_code,F56,F56,True,False,Original SAMHSA directory code; meaning and availability may vary by year.
2006,2005,original_code,F57,F57,True,False,Original SAMHSA directory code; meaning and availability may vary by year.
2006,2005,original_code,F59,F59,True,False,Original SAMHSA directory code; meaning and availability may vary by year.
2006,2005,original_code,F60,F60,True,False,Original SAMHSA directory code; meaning and availability may vary by year.
2006,2005,original_code,F61,F61,True,False,Original SAMHSA directory code; meaning and availability may vary by year.
2006,2005,original_code,F62,F62,True,False,Original SAMHSA directory code; meaning and availability may vary by year.
2006,2005,original_code,F63,F63,True,False,Original SAMHSA directory code; meaning and availability may vary by year.
2006,2005,original_code,F64,F64,True,False,Original SAMHSA directory code; meaning and availability may vary by year.
2006,2005,original_code,F65,F65,True,False,Original SAMHSA directory code; meaning and availability may vary by year.
2006,2005,original_code,F66,F66,True,False,Original SAMHSA directory code; meaning and availability may vary by year.
2006,2005,original_code,F69,F69,True,False,Original SAMHSA directory code; meaning and availability may vary by year.
2006,2005,original_code,F70,F70,True,False,Original SAMHSA directory code; meaning and availability may vary by year.
2006,2005,original_code,F72,F72,True,False,Original SAMHSA directory code; meaning and availability may vary by year.
2006,2005,original_code,F73,F73,True,False,Original SAMHSA directory code; meaning and availability may vary by year.
2006,2005,original_code,F75,F75,True,False,Original SAMHSA directory code; meaning and availability may vary by year.
2006,2005,original_code,F76,F76,True,False,Original SAMHSA directory code; meaning and availability may vary by year.
2006,2005,original_code,F77,F77,True,False,Original SAMHSA directory code; meaning and availability may vary by year.
2006,2005,original_code,F79,F79,True,False,Original SAMHSA directory code; meaning and availability may vary by year.
2006,2005,original_code,F8,Belarusan F34 Hebrew F57 Mien F77 Swahili,True,False,Original SAMHSA directory code; meaning and availability may vary by year.
2006,2005,original_code,F81,F81,True,False,Original SAMHSA directory code; meaning and availability may vary by year.
2006,2005,original_code,F84,F84,True,False,Original SAMHSA directory code; meaning and availability may vary by year.
2006,2005,original_code,F85,F85,True,False,Original SAMHSA directory code; meaning and availability may vary by year.
2006,2005,original_code,F86,F86,True,False,Original SAMHSA directory code; meaning and availability may vary by year.
2006,2005,original_code,F87,F87,True,False,Original SAMHSA directory code; meaning and availability may vary by year.
2006,2005,original_code,F89,F89,True,False,Original SAMHSA directory code; meaning and availability may vary by year.
2006,2005,original_code,F9,Bengali F35 Hindi F58 Mixteco F79 Tagalog,True,False,Original SAMHSA directory code; meaning and availability may vary by year.
2006,2005,original_code,F90,F90,True,False,Original SAMHSA directory code; meaning and availability may vary by year.
2006,2005,original_code,GH,General health services,True,False,Original SAMHSA directory code; meaning and availability may vary by year.
2006,2005,original_code,GL,Gays and Lesbians,True,False,Original SAMHSA directory code; meaning and availability may vary by year.
2006,2005,original_code,HH,Transitional housing or halfway house,True,False,Original SAMHSA directory code; meaning and availability may vary by year.
2006,2005,original_code,HI,Hospital inpatient,True,False,Original SAMHSA directory code; meaning and availability may vary by year.
2006,2005,original_code,HV,Persons with HIV/AIDS,True,False,Original SAMHSA directory code; meaning and availability may vary by year.
2006,2005,original_code,IO,IO,True,False,Original SAMHSA directory code; meaning and availability may vary by year.
2006,2005,original_code,MC,Medicare,True,False,Original SAMHSA directory code; meaning and availability may vary by year.
2006,2005,original_code,MD,Medicaid,True,False,Original SAMHSA directory code; meaning and availability may vary by year.
2006,2005,original_code,MH,Mental health services,True,False,Original SAMHSA directory code; meaning and availability may vary by year.
2006,2005,original_code,MH-SA,Mix of mental health and substance abuse services,True,False,Original SAMHSA directory code; meaning and availability may vary by year.
2006,2005,original_code,MI,Military insurance,True,False,Original SAMHSA directory code; meaning and availability may vary by year.
2006,2005,original_code,MM,Methadone maintenance,True,False,Original SAMHSA directory code; meaning and availability may vary by year.
2006,2005,original_code,MN,Men,True,False,Original SAMHSA directory code; meaning and availability may vary by year.
2006,2005,original_code,MO,MO,True,False,Original SAMHSA directory code; meaning and availability may vary by year.
2006,2005,original_code,N13,Hopi N22 Mohawk N30 Salish N41 Zuni,True,False,Original SAMHSA directory code; meaning and availability may vary by year.
2006,2005,original_code,N14,Hualapai N23 Navajo N32 Shoshoni,True,False,Original SAMHSA directory code; meaning and availability may vary by year.
2006,2005,original_code,N15,N15,True,False,Original SAMHSA directory code; meaning and availability may vary by year.
2006,2005,original_code,N18,N18,True,False,Original SAMHSA directory code; meaning and availability may vary by year.
2006,2005,original_code,N19,N19,True,False,Original SAMHSA directory code; meaning and availability may vary by year.
2006,2005,original_code,N2,Apache N15 Inupiat N24 Ojibwa N33 Tewa,True,False,Original SAMHSA directory code; meaning and availability may vary by year.
2006,2005,original_code,N20,N20,True,False,Original SAMHSA directory code; meaning and availability may vary by year.
2006,2005,original_code,N21,N21,True,False,Original SAMHSA directory code; meaning and availability may vary by year.
2006,2005,original_code,N22,N22,True,False,Original SAMHSA directory code; meaning and availability may vary by year.
2006,2005,original_code,N23,N23,True,False,Original SAMHSA directory code; meaning and availability may vary by year.
2006,2005,original_code,N24,N24,True,False,Original SAMHSA directory code; meaning and availability may vary by year.
2006,2005,original_code,N25,N25,True,False,Original SAMHSA directory code; meaning and availability may vary by year.
2006,2005,original_code,N26,N26,True,False,Original SAMHSA directory code; meaning and availability may vary by year.
2006,2005,original_code,N28,N28,True,False,Original SAMHSA directory code; meaning and availability may vary by year.
2006,2005,original_code,N29,N29,True,False,Original SAMHSA directory code; meaning and availability may vary by year.
2006,2005,original_code,N3,Athabascan N18 Lakota N25 Omaha N34 Tlingit,True,False,Original SAMHSA directory code; meaning and availability may vary by year.
2006,2005,original_code,N30,N30,True,False,Original SAMHSA directory code; meaning and availability may vary by year.
2006,2005,original_code,N32,N32,True,False,Original SAMHSA directory code; meaning and availability may vary by year.
2006,2005,original_code,N33,N33,True,False,Original SAMHSA directory code; meaning and availability may vary by year.
2006,2005,original_code,N34,N34,True,False,Original SAMHSA directory code; meaning and availability may vary by year.
2006,2005,original_code,N35,N35,True,False,Original SAMHSA directory code; meaning and availability may vary by year.
2006,2005,original_code,N37,N37,True,False,Original SAMHSA directory code; meaning and availability may vary by year.
2006,2005,original_code,N40,N40,True,False,Original SAMHSA directory code; meaning and availability may vary by year.
2006,2005,original_code,N41,N41,True,False,Original SAMHSA directory code; meaning and availability may vary by year.
2006,2005,original_code,N5,Cheyenne N19 Lushootseed N26 Ottawa N35 Tohono O’Odha,True,False,Original SAMHSA directory code; meaning and availability may vary by year.
2006,2005,original_code,N6,Choctaw N20 Maliseet N28 Passamaquoddy N37 Ute,True,False,Original SAMHSA directory code; meaning and availability may vary by year.
2006,2005,original_code,N8,Cree N21 Maricopa N29 Pima N40 Yupik,True,False,Original SAMHSA directory code; meaning and availability may vary by year.
2006,2005,original_code,OD,Outpatient detoxification,True,False,Original SAMHSA directory code; meaning and availability may vary by year.
2006,2005,original_code,OH,OH,True,False,Original SAMHSA directory code; meaning and availability may vary by year.
2006,2005,original_code,OP,Outpatient,True,False,Original SAMHSA directory code; meaning and availability may vary by year.
2006,2005,original_code,OR,OR,True,False,Original SAMHSA directory code; meaning and availability may vary by year.
2006,2005,original_code,OS,OS,True,False,Original SAMHSA directory code; meaning and availability may vary by year.
2006,2005,original_code,OW,OW,True,False,Original SAMHSA directory code; meaning and availability may vary by year.
2006,2005,original_code,PA,Payment assistance,True,False,Original SAMHSA directory code; meaning and availability may vary by year.
2006,2005,original_code,PH,Partial hospitalization/day treatment,True,False,Original SAMHSA directory code; meaning and availability may vary by year.
2006,2005,original_code,PI,Private health insurance,True,False,Original SAMHSA directory code; meaning and availability may vary by year.
2006,2005,original_code,PW,Pregnant/postpartum women,True,False,Original SAMHSA directory code; meaning and availability may vary by year.
2006,2005,original_code,RL,Long-term residential,True,False,Original SAMHSA directory code; meaning and availability may vary by year.
2006,2005,original_code,RR,RR,True,False,Original SAMHSA directory code; meaning and availability may vary by year.
2006,2005,original_code,RS,Short-term residential,True,False,Original SAMHSA directory code; meaning and availability may vary by year.
2006,2005,original_code,SA,Substance use treatment,True,False,Original SAMHSA directory code; meaning and availability may vary by year.
2006,2005,original_code,SC,SC,True,False,Original SAMHSA directory code; meaning and availability may vary by year.
2006,2005,original_code,SE,Seniors/older adults,True,False,Original SAMHSA directory code; meaning and availability may vary by year.
2006,2005,original_code,SF,Cash or self-payment,True,False,Original SAMHSA directory code; meaning and availability may vary by year.
2006,2005,original_code,SI,State-financed insurance,True,False,Original SAMHSA directory code; meaning and availability may vary by year.
2006,2005,original_code,SP,Spanish,True,False,Original SAMHSA directory code; meaning and availability may vary by year.
2006,2005,original_code,SS,Sliding fee scale,True,False,Original SAMHSA directory code; meaning and availability may vary by year.
2006,2005,original_code,TA,TA,True,False,Original SAMHSA directory code; meaning and availability may vary by year.
2006,2005,original_code,TC,TC,True,False,Original SAMHSA directory code; meaning and availability may vary by year.
2006,2005,original_code,TX,Substance abuse treatment,True,False,Original SAMHSA directory code; meaning and availability may vary by year.
2006,2005,original_code,WN,Women,True,False,Original SAMHSA directory code; meaning and availability may vary by year.
2006,2005,original_code,WO,WO,True,False,Original SAMHSA directory code; meaning and availability may vary by year.
2007,2006,ownership,private_unspecified,Private (type unspecified),False,False,Earlier directories do not consistently separate private ownership type.
2007,2006,ownership,private_nonprofit,Private nonprofit,False,True,
2007,2006,ownership,private_forprofit,Private for-profit,False,True,
2007,2006,ownership,local_government,Local/county government,False,True,
2007,2006,ownership,state_government,State government,False,True,
2007,2006,ownership,tribal_government,Tribal government,False,True,
2007,2006,ownership,federal_dod,Federal: Department of Defense,False,True,
2007,2006,ownership,federal_ihs,Federal: Indian Health Service,False,True,
2007,2006,ownership,federal_va,Federal: Veterans Affairs,False,True,
2007,2006,center_type,substance_use,Substance use treatment,True,True,
2007,2006,center_type,detoxification,Detoxification,True,True,
2007,2006,center_type,transitional_housing,Transitional housing/halfway house,True,True,
2007,2006,center_type,mental_health,Mental health treatment,True,True,
2007,2006,center_type,cooccurring,Co-occurring mental health and substance use,False,True,
2007,2006,setting,outpatient,Outpatient,True,True,
2007,2006,setting,residential,Residential,True,True,
2007,2006,setting,hospital_inpatient,Hospital inpatient,True,True,
2007,2006,payment,medicare,Medicare,True,True,
2007,2006,payment,medicaid,Medicaid,True,True,
2007,2006,payment,military_insurance,Military insurance,True,True,
2007,2006,payment,private_insurance,Private health insurance,True,True,
2007,2006,payment,self_pay,Cash or self-payment,True,True,
2007,2006,payment,state_financed,State-financed insurance,True,True,
2007,2006,payment,payment_assistance,Payment assistance,True,True,
2007,2006,payment,sliding_fee,Sliding fee scale,True,True,
2007,2006,service_family,substance_use_treatment,Substance use treatment,True,True,
2007,2006,service_family,detoxification,Detoxification,True,True,
2007,2006,service_family,transitional_housing,Transitional housing/halfway house,True,True,
2007,2006,service_family,cooccurring,Co-occurring mental health and substance use treatment,False,True,
2007,2006,service_family,outpatient_treatment,Outpatient treatment,True,True,
2007,2006,service_family,residential_treatment,Residential treatment,True,True,
2007,2006,service_family,hospital_inpatient,Hospital inpatient treatment,True,True,
2007,2006,service_family,opioid_treatment_program,SAMHSA-certified opioid treatment program,False,True,
2007,2006,service_family,methadone,Methadone services,True,True,
2007,2006,service_family,buprenorphine,Buprenorphine services,True,True,
2007,2006,service_family,naltrexone,Naltrexone services,False,True,
2007,2006,service_family,telehealth,Telehealth/telemedicine,False,True,
2007,2006,original_code,AD,Adolescents,True,False,Original SAMHSA directory code; meaning and availability may vary by year.
2007,2006,original_code,AH,Services for deaf and hard of hearing,True,False,Original SAMHSA directory code; meaning and availability may vary by year.
2007,2006,original_code,AR,Access to Recovery voucher,True,False,Original SAMHSA directory code; meaning and availability may vary by year.
2007,2006,original_code,BC,Residential beds for clients’ children,True,False,Original SAMHSA directory code; meaning and availability may vary by year.
2007,2006,original_code,BIA,BIA,True,False,Original SAMHSA directory code; meaning and availability may vary by year.
2007,2006,original_code,BU,Buprenorphine used in treatment,True,False,Original SAMHSA directory code; meaning and availability may vary by year.
2007,2006,original_code,CH,CH,True,False,Original SAMHSA directory code; meaning and availability may vary by year.
2007,2006,original_code,CJ,Criminal justice clients,True,False,Original SAMHSA directory code; meaning and availability may vary by year.
2007,2006,original_code,CO,Persons with co-occurring mental and substance abuse disorders,True,False,Original SAMHSA directory code; meaning and availability may vary by year.
2007,2006,original_code,COA,COA,True,False,Original SAMHSA directory code; meaning and availability may vary by year.
2007,2006,original_code,DD,DD,True,False,Original SAMHSA directory code; meaning and availability may vary by year.
2007,2006,original_code,DM,Methadone detoxification,True,False,Original SAMHSA directory code; meaning and availability may vary by year.
2007,2006,original_code,DT,Detoxification,True,False,Original SAMHSA directory code; meaning and availability may vary by year.
2007,2006,original_code,DU,DUI/DWI offenders,True,False,Original SAMHSA directory code; meaning and availability may vary by year.
2007,2006,original_code,F1,Afrikaans F28 French F52 Macedonian F74 Serbo-Croatian,True,False,Original SAMHSA directory code; meaning and availability may vary by year.
2007,2006,original_code,F10,Bosnian F37 Hmong F60 Mongolian F83 Telugu,True,False,Original SAMHSA directory code; meaning and availability may vary by year.
2007,2006,original_code,F101,F101,True,False,Original SAMHSA directory code; meaning and availability may vary by year.
2007,2006,original_code,F102,F102,True,False,Original SAMHSA directory code; meaning and availability may vary by year.
2007,2006,original_code,F11,Bulgarian F38 Hungarian F61 Nepali F86 Thai,True,False,Original SAMHSA directory code; meaning and availability may vary by year.
2007,2006,original_code,F13,F13,True,False,Original SAMHSA directory code; meaning and availability may vary by year.
2007,2006,original_code,F15,Chaldean F39 Igbo F62 Nigerian F87 Tongan,True,False,Original SAMHSA directory code; meaning and availability may vary by year.
2007,2006,original_code,F16,Chamorro F40 Ilocano F63 Norwegian F88 Turkish,True,False,Original SAMHSA directory code; meaning and availability may vary by year.
2007,2006,original_code,F17,Chinese F41 Indonesian F64 Palauan F89 Ukrainian,True,False,Original SAMHSA directory code; meaning and availability may vary by year.
2007,2006,original_code,F18,Chuukese F42 Italian F65 Panjabi F90 Ulithian,True,False,Original SAMHSA directory code; meaning and availability may vary by year.
2007,2006,original_code,F19,Creole F43 Japanese F66 Polish F91 Urdu,True,False,Original SAMHSA directory code; meaning and availability may vary by year.
2007,2006,original_code,F2,Albanian F30 German F54 Malayalam F75 Slavic,True,False,Original SAMHSA directory code; meaning and availability may vary by year.
2007,2006,original_code,F21,F21,True,False,Original SAMHSA directory code; meaning and availability may vary by year.
2007,2006,original_code,F22,Danish F44 Khmer F67 Portuguese F92 Vietnamese,True,False,Original SAMHSA directory code; meaning and availability may vary by year.
2007,2006,original_code,F23,Dutch F47 Korean F69 Romanian F93 Woleaian,True,False,Original SAMHSA directory code; meaning and availability may vary by year.
2007,2006,original_code,F24,Estonian F48 Lao F70 Russian F94 Yapese,True,False,Original SAMHSA directory code; meaning and availability may vary by year.
2007,2006,original_code,F25,Farsi F49 Latvian F71 Samoan,True,False,Original SAMHSA directory code; meaning and availability may vary by year.
2007,2006,original_code,F27,Finnish F50 Liberian F72 Satauvalese,True,False,Original SAMHSA directory code; meaning and availability may vary by year.
2007,2006,original_code,F28,F28,True,False,Original SAMHSA directory code; meaning and availability may vary by year.
2007,2006,original_code,F3,Amharic F31 Greek F55 Maltese F77 Slovenian,True,False,Original SAMHSA directory code; meaning and availability may vary by year.
2007,2006,original_code,F30,F30,True,False,Original SAMHSA directory code; meaning and availability may vary by year.
2007,2006,original_code,F31,F31,True,False,Original SAMHSA directory code; meaning and availability may vary by year.
2007,2006,original_code,F33,F33,True,False,Original SAMHSA directory code; meaning and availability may vary by year.
2007,2006,original_code,F34,F34,True,False,Original SAMHSA directory code; meaning and availability may vary by year.
2007,2006,original_code,F35,F35,True,False,Original SAMHSA directory code; meaning and availability may vary by year.
2007,2006,original_code,F36,F36,True,False,Original SAMHSA directory code; meaning and availability may vary by year.
2007,2006,original_code,F37,F37,True,False,Original SAMHSA directory code; meaning and availability may vary by year.
2007,2006,original_code,F38,F38,True,False,Original SAMHSA directory code; meaning and availability may vary by year.
2007,2006,original_code,F39,F39,True,False,Original SAMHSA directory code; meaning and availability may vary by year.
2007,2006,original_code,F4,Arabic F33 Gujurati F56 Mandarin SP Spanish,True,False,Original SAMHSA directory code; meaning and availability may vary by year.
2007,2006,original_code,F40,F40,True,False,Original SAMHSA directory code; meaning and availability may vary by year.
2007,2006,original_code,F42,F42,True,False,Original SAMHSA directory code; meaning and availability may vary by year.
2007,2006,original_code,F43,F43,True,False,Original SAMHSA directory code; meaning and availability may vary by year.
2007,2006,original_code,F44,F44,True,False,Original SAMHSA directory code; meaning and availability may vary by year.
2007,2006,original_code,F45,F45,True,False,Original SAMHSA directory code; meaning and availability may vary by year.
2007,2006,original_code,F47,F47,True,False,Original SAMHSA directory code; meaning and availability may vary by year.
2007,2006,original_code,F48,F48,True,False,Original SAMHSA directory code; meaning and availability may vary by year.
2007,2006,original_code,F5,Armenian F34 Hawaiian F57 Micronesian F78 Sudanese,True,False,Original SAMHSA directory code; meaning and availability may vary by year.
2007,2006,original_code,F52,F52,True,False,Original SAMHSA directory code; meaning and availability may vary by year.
2007,2006,original_code,F54,F54,True,False,Original SAMHSA directory code; meaning and availability may vary by year.
2007,2006,original_code,F55,F55,True,False,Original SAMHSA directory code; meaning and availability may vary by year.
2007,2006,original_code,F56,F56,True,False,Original SAMHSA directory code; meaning and availability may vary by year.
2007,2006,original_code,F58,F58,True,False,Original SAMHSA directory code; meaning and availability may vary by year.
2007,2006,original_code,F60,F60,True,False,Original SAMHSA directory code; meaning and availability may vary by year.
2007,2006,original_code,F61,F61,True,False,Original SAMHSA directory code; meaning and availability may vary by year.
2007,2006,original_code,F63,F63,True,False,Original SAMHSA directory code; meaning and availability may vary by year.
2007,2006,original_code,F64,F64,True,False,Original SAMHSA directory code; meaning and availability may vary by year.
2007,2006,original_code,F65,F65,True,False,Original SAMHSA directory code; meaning and availability may vary by year.
2007,2006,original_code,F66,F66,True,False,Original SAMHSA directory code; meaning and availability may vary by year.
2007,2006,original_code,F67,F67,True,False,Original SAMHSA directory code; meaning and availability may vary by year.
2007,2006,original_code,F69,F69,True,False,Original SAMHSA directory code; meaning and availability may vary by year.
2007,2006,original_code,F70,F70,True,False,Original SAMHSA directory code; meaning and availability may vary by year.
2007,2006,original_code,F71,F71,True,False,Original SAMHSA directory code; meaning and availability may vary by year.
2007,2006,original_code,F74,F74,True,False,Original SAMHSA directory code; meaning and availability may vary by year.
2007,2006,original_code,F75,F75,True,False,Original SAMHSA directory code; meaning and availability may vary by year.
2007,2006,original_code,F76,F76,True,False,Original SAMHSA directory code; meaning and availability may vary by year.
2007,2006,original_code,F79,F79,True,False,Original SAMHSA directory code; meaning and availability may vary by year.
2007,2006,original_code,F8,Belarusan F35 Hebrew F58 Mien F79 Swahili,True,False,Original SAMHSA directory code; meaning and availability may vary by year.
2007,2006,original_code,F80,F80,True,False,Original SAMHSA directory code; meaning and availability may vary by year.
2007,2006,original_code,F81,F81,True,False,Original SAMHSA directory code; meaning and availability may vary by year.
2007,2006,original_code,F82,F82,True,False,Original SAMHSA directory code; meaning and availability may vary by year.
2007,2006,original_code,F86,F86,True,False,Original SAMHSA directory code; meaning and availability may vary by year.
2007,2006,original_code,F87,F87,True,False,Original SAMHSA directory code; meaning and availability may vary by year.
2007,2006,original_code,F88,F88,True,False,Original SAMHSA directory code; meaning and availability may vary by year.
2007,2006,original_code,F89,F89,True,False,Original SAMHSA directory code; meaning and availability may vary by year.
2007,2006,original_code,F9,Bengali F36 Hindi F59 Mixteco F81 Tagalog,True,False,Original SAMHSA directory code; meaning and availability may vary by year.
2007,2006,original_code,F91,F91,True,False,Original SAMHSA directory code; meaning and availability may vary by year.
2007,2006,original_code,F92,F92,True,False,Original SAMHSA directory code; meaning and availability may vary by year.
2007,2006,original_code,F95,F95,True,False,Original SAMHSA directory code; meaning and availability may vary by year.
2007,2006,original_code,F96,F96,True,False,Original SAMHSA directory code; meaning and availability may vary by year.
2007,2006,original_code,F98,F98,True,False,Original SAMHSA directory code; meaning and availability may vary by year.
2007,2006,original_code,F99,F99,True,False,Original SAMHSA directory code; meaning and availability may vary by year.
2007,2006,original_code,GH,General health services,True,False,Original SAMHSA directory code; meaning and availability may vary by year.
2007,2006,original_code,GL,Gays and Lesbians,True,False,Original SAMHSA directory code; meaning and availability may vary by year.
2007,2006,original_code,HH,Transitional housing or halfway house,True,False,Original SAMHSA directory code; meaning and availability may vary by year.
2007,2006,original_code,HI,Hospital inpatient,True,False,Original SAMHSA directory code; meaning and availability may vary by year.
2007,2006,original_code,HV,Persons with HIV/AIDS,True,False,Original SAMHSA directory code; meaning and availability may vary by year.
2007,2006,original_code,ICO,ICO,True,False,Original SAMHSA directory code; meaning and availability may vary by year.
2007,2006,original_code,ID,ID,True,False,Original SAMHSA directory code; meaning and availability may vary by year.
2007,2006,original_code,IO,IO,True,False,Original SAMHSA directory code; meaning and availability may vary by year.
2007,2006,original_code,MC,Medicare,True,False,Original SAMHSA directory code; meaning and availability may vary by year.
2007,2006,original_code,MD,Medicaid,True,False,Original SAMHSA directory code; meaning and availability may vary by year.
2007,2006,original_code,METH,METH,True,False,Original SAMHSA directory code; meaning and availability may vary by year.
2007,2006,original_code,MH,Mental health services,True,False,Original SAMHSA directory code; meaning and availability may vary by year.
2007,2006,original_code,MH-SA,Mix of mental health and substance abuse services,True,False,Original SAMHSA directory code; meaning and availability may vary by year.
2007,2006,original_code,MI,Military insurance,True,False,Original SAMHSA directory code; meaning and availability may vary by year.
2007,2006,original_code,MM,Methadone maintenance,True,False,Original SAMHSA directory code; meaning and availability may vary by year.
2007,2006,original_code,MN,Men,True,False,Original SAMHSA directory code; meaning and availability may vary by year.
2007,2006,original_code,MO,MO,True,False,Original SAMHSA directory code; meaning and availability may vary by year.
2007,2006,original_code,MU,Methadone used in treatment,True,False,Original SAMHSA directory code; meaning and availability may vary by year.
2007,2006,original_code,N10,N10,True,False,Original SAMHSA directory code; meaning and availability may vary by year.
2007,2006,original_code,N12,N12,True,False,Original SAMHSA directory code; meaning and availability may vary by year.
2007,2006,original_code,N13,Hopi N22 Mohawk N30 Salish N41 Zuni,True,False,Original SAMHSA directory code; meaning and availability may vary by year.
2007,2006,original_code,N14,Hualapai N23 Navajo N32 Shoshoni,True,False,Original SAMHSA directory code; meaning and availability may vary by year.
2007,2006,original_code,N15,N15,True,False,Original SAMHSA directory code; meaning and availability may vary by year.
2007,2006,original_code,N16,N16,True,False,Original SAMHSA directory code; meaning and availability may vary by year.
2007,2006,original_code,N18,N18,True,False,Original SAMHSA directory code; meaning and availability may vary by year.
2007,2006,original_code,N2,Apache N15 Inupiat N24 Ojibwa N33 Tewa,True,False,Original SAMHSA directory code; meaning and availability may vary by year.
2007,2006,original_code,N20,N20,True,False,Original SAMHSA directory code; meaning and availability may vary by year.
2007,2006,original_code,N22,N22,True,False,Original SAMHSA directory code; meaning and availability may vary by year.
2007,2006,original_code,N23,N23,True,False,Original SAMHSA directory code; meaning and availability may vary by year.
2007,2006,original_code,N24,N24,True,False,Original SAMHSA directory code; meaning and availability may vary by year.
2007,2006,original_code,N26,N26,True,False,Original SAMHSA directory code; meaning and availability may vary by year.
2007,2006,original_code,N27,N27,True,False,Original SAMHSA directory code; meaning and availability may vary by year.
2007,2006,original_code,N28,N28,True,False,Original SAMHSA directory code; meaning and availability may vary by year.
2007,2006,original_code,N29,N29,True,False,Original SAMHSA directory code; meaning and availability may vary by year.
2007,2006,original_code,N3,Athabascan N18 Lakota N25 Omaha N34 Tlingit,True,False,Original SAMHSA directory code; meaning and availability may vary by year.
2007,2006,original_code,N33,N33,True,False,Original SAMHSA directory code; meaning and availability may vary by year.
2007,2006,original_code,N34,N34,True,False,Original SAMHSA directory code; meaning and availability may vary by year.
2007,2006,original_code,N36,N36,True,False,Original SAMHSA directory code; meaning and availability may vary by year.
2007,2006,original_code,N37,N37,True,False,Original SAMHSA directory code; meaning and availability may vary by year.
2007,2006,original_code,N39,N39,True,False,Original SAMHSA directory code; meaning and availability may vary by year.
2007,2006,original_code,N4,N4,True,False,Original SAMHSA directory code; meaning and availability may vary by year.
2007,2006,original_code,N40,N40,True,False,Original SAMHSA directory code; meaning and availability may vary by year.
2007,2006,original_code,N41,N41,True,False,Original SAMHSA directory code; meaning and availability may vary by year.
2007,2006,original_code,N42,N42,True,False,Original SAMHSA directory code; meaning and availability may vary by year.
2007,2006,original_code,N43,N43,True,False,Original SAMHSA directory code; meaning and availability may vary by year.
2007,2006,original_code,N44,N44,True,False,Original SAMHSA directory code; meaning and availability may vary by year.
2007,2006,original_code,N45,N45,True,False,Original SAMHSA directory code; meaning and availability may vary by year.
2007,2006,original_code,N5,Cheyenne N19 Lushootseed N26 Ottawa N35 Tohono O’Odham,True,False,Original SAMHSA directory code; meaning and availability may vary by year.
2007,2006,original_code,N6,Choctaw N20 Maliseet N28 Passamaquoddy N37 Ute,True,False,Original SAMHSA directory code; meaning and availability may vary by year.
2007,2006,original_code,N8,Cree N21 Maricopa N29 Pima N40 Yupik,True,False,Original SAMHSA directory code; meaning and availability may vary by year.
2007,2006,original_code,OD,Outpatient detoxification,True,False,Original SAMHSA directory code; meaning and availability may vary by year.
2007,2006,original_code,OH,OH,True,False,Original SAMHSA directory code; meaning and availability may vary by year.
2007,2006,original_code,OP,Outpatient,True,False,Original SAMHSA directory code; meaning and availability may vary by year.
2007,2006,original_code,OR,OR,True,False,Original SAMHSA directory code; meaning and availability may vary by year.
2007,2006,original_code,OS,OS,True,False,Original SAMHSA directory code; meaning and availability may vary by year.
2007,2006,original_code,PA,Payment assistance,True,False,Original SAMHSA directory code; meaning and availability may vary by year.
2007,2006,original_code,PH,Partial hospitalization/day treatment,True,False,Original SAMHSA directory code; meaning and availability may vary by year.
2007,2006,original_code,PI,Private health insurance,True,False,Original SAMHSA directory code; meaning and availability may vary by year.
2007,2006,original_code,PW,Pregnant/postpartum women,True,False,Original SAMHSA directory code; meaning and availability may vary by year.
2007,2006,original_code,RL,Long-term residential,True,False,Original SAMHSA directory code; meaning and availability may vary by year.
2007,2006,original_code,RR,RR,True,False,Original SAMHSA directory code; meaning and availability may vary by year.
2007,2006,original_code,RS,Short-term residential,True,False,Original SAMHSA directory code; meaning and availability may vary by year.
2007,2006,original_code,SA,Substance use treatment,True,False,Original SAMHSA directory code; meaning and availability may vary by year.
2007,2006,original_code,SC,SC,True,False,Original SAMHSA directory code; meaning and availability may vary by year.
2007,2006,original_code,SE,Seniors/older adults,True,False,Original SAMHSA directory code; meaning and availability may vary by year.
2007,2006,original_code,SF,Cash or self-payment,True,False,Original SAMHSA directory code; meaning and availability may vary by year.
2007,2006,original_code,SI,State-financed insurance,True,False,Original SAMHSA directory code; meaning and availability may vary by year.
2007,2006,original_code,SP,Spanish,True,False,Original SAMHSA directory code; meaning and availability may vary by year.
2007,2006,original_code,SS,Sliding fee scale,True,False,Original SAMHSA directory code; meaning and availability may vary by year.
2007,2006,original_code,TA,TA,True,False,Original SAMHSA directory code; meaning and availability may vary by year.
2007,2006,original_code,TC,TC,True,False,Original SAMHSA directory code; meaning and availability may vary by year.
2007,2006,original_code,TX,Substance abuse treatment,True,False,Original SAMHSA directory code; meaning and availability may vary by year.
2007,2006,original_code,WN,Women,True,False,Original SAMHSA directory code; meaning and availability may vary by year.
2007,2006,original_code,WO,WO,True,False,Original SAMHSA directory code; meaning and availability may vary by year.
2008,2007,ownership,private_unspecified,Private (type unspecified),False,False,Earlier directories do not consistently separate private ownership type.
2008,2007,ownership,private_nonprofit,Private nonprofit,False,True,
2008,2007,ownership,private_forprofit,Private for-profit,False,True,
2008,2007,ownership,local_government,Local/county government,False,True,
2008,2007,ownership,state_government,State government,False,True,
2008,2007,ownership,tribal_government,Tribal government,False,True,
2008,2007,ownership,federal_dod,Federal: Department of Defense,False,True,
2008,2007,ownership,federal_ihs,Federal: Indian Health Service,False,True,
2008,2007,ownership,federal_va,Federal: Veterans Affairs,False,True,
2008,2007,center_type,substance_use,Substance use treatment,True,True,
2008,2007,center_type,detoxification,Detoxification,True,True,
2008,2007,center_type,transitional_housing,Transitional housing/halfway house,True,True,
2008,2007,center_type,mental_health,Mental health treatment,True,True,
2008,2007,center_type,cooccurring,Co-occurring mental health and substance use,False,True,
2008,2007,setting,outpatient,Outpatient,True,True,
2008,2007,setting,residential,Residential,True,True,
2008,2007,setting,hospital_inpatient,Hospital inpatient,True,True,
2008,2007,payment,medicare,Medicare,True,True,
2008,2007,payment,medicaid,Medicaid,True,True,
2008,2007,payment,military_insurance,Military insurance,True,True,
2008,2007,payment,private_insurance,Private health insurance,True,True,
2008,2007,payment,self_pay,Cash or self-payment,True,True,
2008,2007,payment,state_financed,State-financed insurance,True,True,
2008,2007,payment,payment_assistance,Payment assistance,True,True,
2008,2007,payment,sliding_fee,Sliding fee scale,True,True,
2008,2007,service_family,substance_use_treatment,Substance use treatment,True,True,
2008,2007,service_family,detoxification,Detoxification,True,True,
2008,2007,service_family,transitional_housing,Transitional housing/halfway house,True,True,
2008,2007,service_family,cooccurring,Co-occurring mental health and substance use treatment,False,True,
2008,2007,service_family,outpatient_treatment,Outpatient treatment,True,True,
2008,2007,service_family,residential_treatment,Residential treatment,True,True,
2008,2007,service_family,hospital_inpatient,Hospital inpatient treatment,True,True,
2008,2007,service_family,opioid_treatment_program,SAMHSA-certified opioid treatment program,False,True,
2008,2007,service_family,methadone,Methadone services,True,True,
2008,2007,service_family,buprenorphine,Buprenorphine services,True,True,
2008,2007,service_family,naltrexone,Naltrexone services,False,True,
2008,2007,service_family,telehealth,Telehealth/telemedicine,False,True,
2008,2007,original_code,AD,Adolescents,True,False,Original SAMHSA directory code; meaning and availability may vary by year.
2008,2007,original_code,AH,Services for deaf and hard of hearing,True,False,Original SAMHSA directory code; meaning and availability may vary by year.
2008,2007,original_code,AR,Access to Recovery voucher,True,False,Original SAMHSA directory code; meaning and availability may vary by year.
2008,2007,original_code,BC,Residential beds for clients’ children,True,False,Original SAMHSA directory code; meaning and availability may vary by year.
2008,2007,original_code,BU,Buprenorphine used in treatment,True,False,Original SAMHSA directory code; meaning and availability may vary by year.
2008,2007,original_code,CH,CH,True,False,Original SAMHSA directory code; meaning and availability may vary by year.
2008,2007,original_code,CJ,Criminal justice clients,True,False,Original SAMHSA directory code; meaning and availability may vary by year.
2008,2007,original_code,CO,Persons with co-occurring mental and substance abuse disorders,True,False,Original SAMHSA directory code; meaning and availability may vary by year.
2008,2007,original_code,DD,DD,True,False,Original SAMHSA directory code; meaning and availability may vary by year.
2008,2007,original_code,DM,Methadone detoxification,True,False,Original SAMHSA directory code; meaning and availability may vary by year.
2008,2007,original_code,DT,Detoxification,True,False,Original SAMHSA directory code; meaning and availability may vary by year.
2008,2007,original_code,DU,DUI/DWI offenders,True,False,Original SAMHSA directory code; meaning and availability may vary by year.
2008,2007,original_code,F10,Bosnian F106 Guyanese Creole F56 Mandarin F112 Sunda,True,False,Original SAMHSA directory code; meaning and availability may vary by year.
2008,2007,original_code,F102,Edo F44 Khmer F71 Samoan,True,False,Original SAMHSA directory code; meaning and availability may vary by year.
2008,2007,original_code,F103,F103,True,False,Original SAMHSA directory code; meaning and availability may vary by year.
2008,2007,original_code,F104,F104,True,False,Original SAMHSA directory code; meaning and availability may vary by year.
2008,2007,original_code,F105,Cebuano F35 Hebrew F60 Mongolian F81 Tagalog,True,False,Original SAMHSA directory code; meaning and availability may vary by year.
2008,2007,original_code,F106,F106,True,False,Original SAMHSA directory code; meaning and availability may vary by year.
2008,2007,original_code,F107,F107,True,False,Original SAMHSA directory code; meaning and availability may vary by year.
2008,2007,original_code,F109,F109,True,False,Original SAMHSA directory code; meaning and availability may vary by year.
2008,2007,original_code,F11,Bulgarian English F57 Micronesian F79 Swahili,True,False,Original SAMHSA directory code; meaning and availability may vary by year.
2008,2007,original_code,F110,Akan F25 Farsi F47 Korean F73 Serbian,True,False,Original SAMHSA directory code; meaning and availability may vary by year.
2008,2007,original_code,F112,F112,True,False,Original SAMHSA directory code; meaning and availability may vary by year.
2008,2007,original_code,F12,Burmese F34 Hawaiian F58 Mien F80 Swedish,True,False,Original SAMHSA directory code; meaning and availability may vary by year.
2008,2007,original_code,F15,Chaldean F36 Hindi F62 Nigerian F85 Telugu,True,False,Original SAMHSA directory code; meaning and availability may vary by year.
2008,2007,original_code,F16,Chamorro F37 Hmong F63 Norwegian F86 Thai,True,False,Original SAMHSA directory code; meaning and availability may vary by year.
2008,2007,original_code,F17,Chinese F38 Hungarian F64 Palauan F87 Tongan,True,False,Original SAMHSA directory code; meaning and availability may vary by year.
2008,2007,original_code,F18,Chuukese F39 Igbo F65 Panjabi F89 Ukrainian,True,False,Original SAMHSA directory code; meaning and availability may vary by year.
2008,2007,original_code,F19,Creole F40 Ilocano F66 Polish F91 Urdu,True,False,Original SAMHSA directory code; meaning and availability may vary by year.
2008,2007,original_code,F20,Croatian F41 Indonesian F67 Portuguese F92 Vietnamese,True,False,Original SAMHSA directory code; meaning and availability may vary by year.
2008,2007,original_code,F22,Danish F42 Italian F69 Romanian F94 Yapese,True,False,Original SAMHSA directory code; meaning and availability may vary by year.
2008,2007,original_code,F23,Dutch F43 Japanese F70 Russian,True,False,Original SAMHSA directory code; meaning and availability may vary by year.
2008,2007,original_code,F25,F25,True,False,Original SAMHSA directory code; meaning and availability may vary by year.
2008,2007,original_code,F27,F27,True,False,Original SAMHSA directory code; meaning and availability may vary by year.
2008,2007,original_code,F28,F28,True,False,Original SAMHSA directory code; meaning and availability may vary by year.
2008,2007,original_code,F3,Amharic F27 Finnish F109 Krio F74 Serbian/Croatian,True,False,Original SAMHSA directory code; meaning and availability may vary by year.
2008,2007,original_code,F30,F30,True,False,Original SAMHSA directory code; meaning and availability may vary by year.
2008,2007,original_code,F31,F31,True,False,Original SAMHSA directory code; meaning and availability may vary by year.
2008,2007,original_code,F33,F33,True,False,Original SAMHSA directory code; meaning and availability may vary by year.
2008,2007,original_code,F34,F34,True,False,Original SAMHSA directory code; meaning and availability may vary by year.
2008,2007,original_code,F35,F35,True,False,Original SAMHSA directory code; meaning and availability may vary by year.
2008,2007,original_code,F36,F36,True,False,Original SAMHSA directory code; meaning and availability may vary by year.
2008,2007,original_code,F37,F37,True,False,Original SAMHSA directory code; meaning and availability may vary by year.
2008,2007,original_code,F38,F38,True,False,Original SAMHSA directory code; meaning and availability may vary by year.
2008,2007,original_code,F39,F39,True,False,Original SAMHSA directory code; meaning and availability may vary by year.
2008,2007,original_code,F4,Arabic F28 French F48 Lao F107 Shona,True,False,Original SAMHSA directory code; meaning and availability may vary by year.
2008,2007,original_code,F40,F40,True,False,Original SAMHSA directory code; meaning and availability may vary by year.
2008,2007,original_code,F41,F41,True,False,Original SAMHSA directory code; meaning and availability may vary by year.
2008,2007,original_code,F42,F42,True,False,Original SAMHSA directory code; meaning and availability may vary by year.
2008,2007,original_code,F43,F43,True,False,Original SAMHSA directory code; meaning and availability may vary by year.
2008,2007,original_code,F44,F44,True,False,Original SAMHSA directory code; meaning and availability may vary by year.
2008,2007,original_code,F47,F47,True,False,Original SAMHSA directory code; meaning and availability may vary by year.
2008,2007,original_code,F48,F48,True,False,Original SAMHSA directory code; meaning and availability may vary by year.
2008,2007,original_code,F5,Armenian F103 Garifuna F99 Lithuanian F75 Slavic,True,False,Original SAMHSA directory code; meaning and availability may vary by year.
2008,2007,original_code,F52,F52,True,False,Original SAMHSA directory code; meaning and availability may vary by year.
2008,2007,original_code,F53,F53,True,False,Original SAMHSA directory code; meaning and availability may vary by year.
2008,2007,original_code,F55,F55,True,False,Original SAMHSA directory code; meaning and availability may vary by year.
2008,2007,original_code,F56,F56,True,False,Original SAMHSA directory code; meaning and availability may vary by year.
2008,2007,original_code,F57,F57,True,False,Original SAMHSA directory code; meaning and availability may vary by year.
2008,2007,original_code,F58,F58,True,False,Original SAMHSA directory code; meaning and availability may vary by year.
2008,2007,original_code,F6,Assyrian F30 German F52 Macedonian F76 Slovak,True,False,Original SAMHSA directory code; meaning and availability may vary by year.
2008,2007,original_code,F60,F60,True,False,Original SAMHSA directory code; meaning and availability may vary by year.
2008,2007,original_code,F62,F62,True,False,Original SAMHSA directory code; meaning and availability may vary by year.
2008,2007,original_code,F63,F63,True,False,Original SAMHSA directory code; meaning and availability may vary by year.
2008,2007,original_code,F64,F64,True,False,Original SAMHSA directory code; meaning and availability may vary by year.
2008,2007,original_code,F65,F65,True,False,Original SAMHSA directory code; meaning and availability may vary by year.
2008,2007,original_code,F66,F66,True,False,Original SAMHSA directory code; meaning and availability may vary by year.
2008,2007,original_code,F67,F67,True,False,Original SAMHSA directory code; meaning and availability may vary by year.
2008,2007,original_code,F69,F69,True,False,Original SAMHSA directory code; meaning and availability may vary by year.
2008,2007,original_code,F70,F70,True,False,Original SAMHSA directory code; meaning and availability may vary by year.
2008,2007,original_code,F71,F71,True,False,Original SAMHSA directory code; meaning and availability may vary by year.
2008,2007,original_code,F73,F73,True,False,Original SAMHSA directory code; meaning and availability may vary by year.
2008,2007,original_code,F74,F74,True,False,Original SAMHSA directory code; meaning and availability may vary by year.
2008,2007,original_code,F75,F75,True,False,Original SAMHSA directory code; meaning and availability may vary by year.
2008,2007,original_code,F76,F76,True,False,Original SAMHSA directory code; meaning and availability may vary by year.
2008,2007,original_code,F79,F79,True,False,Original SAMHSA directory code; meaning and availability may vary by year.
2008,2007,original_code,F8,Belarusan F31 Greek F53 Malay F104 Somali,True,False,Original SAMHSA directory code; meaning and availability may vary by year.
2008,2007,original_code,F80,F80,True,False,Original SAMHSA directory code; meaning and availability may vary by year.
2008,2007,original_code,F81,F81,True,False,Original SAMHSA directory code; meaning and availability may vary by year.
2008,2007,original_code,F85,F85,True,False,Original SAMHSA directory code; meaning and availability may vary by year.
2008,2007,original_code,F86,F86,True,False,Original SAMHSA directory code; meaning and availability may vary by year.
2008,2007,original_code,F87,F87,True,False,Original SAMHSA directory code; meaning and availability may vary by year.
2008,2007,original_code,F89,F89,True,False,Original SAMHSA directory code; meaning and availability may vary by year.
2008,2007,original_code,F9,Bengali F33 Gujurati F55 Maltese SP Spanish,True,False,Original SAMHSA directory code; meaning and availability may vary by year.
2008,2007,original_code,F91,F91,True,False,Original SAMHSA directory code; meaning and availability may vary by year.
2008,2007,original_code,F92,F92,True,False,Original SAMHSA directory code; meaning and availability may vary by year.
2008,2007,original_code,F94,F94,True,False,Original SAMHSA directory code; meaning and availability may vary by year.
2008,2007,original_code,F99,F99,True,False,Original SAMHSA directory code; meaning and availability may vary by year.
2008,2007,original_code,GH,General health services,True,False,Original SAMHSA directory code; meaning and availability may vary by year.
2008,2007,original_code,GL,Gays and Lesbians,True,False,Original SAMHSA directory code; meaning and availability may vary by year.
2008,2007,original_code,HH,Transitional housing or halfway house,True,False,Original SAMHSA directory code; meaning and availability may vary by year.
2008,2007,original_code,HI,Hospital inpatient,True,False,Original SAMHSA directory code; meaning and availability may vary by year.
2008,2007,original_code,HV,Persons with HIV/AIDS,True,False,Original SAMHSA directory code; meaning and availability may vary by year.
2008,2007,original_code,ID,ID,True,False,Original SAMHSA directory code; meaning and availability may vary by year.
2008,2007,original_code,IO,IO,True,False,Original SAMHSA directory code; meaning and availability may vary by year.
2008,2007,original_code,MC,Medicare,True,False,Original SAMHSA directory code; meaning and availability may vary by year.
2008,2007,original_code,MD,Medicaid,True,False,Original SAMHSA directory code; meaning and availability may vary by year.
2008,2007,original_code,MH,Mental health services,True,False,Original SAMHSA directory code; meaning and availability may vary by year.
2008,2007,original_code,MH-SA,Mix of mental health and substance abuse services,True,False,Original SAMHSA directory code; meaning and availability may vary by year.
2008,2007,original_code,MI,Military insurance,True,False,Original SAMHSA directory code; meaning and availability may vary by year.
2008,2007,original_code,MM,Methadone maintenance,True,False,Original SAMHSA directory code; meaning and availability may vary by year.
2008,2007,original_code,MN,Men,True,False,Original SAMHSA directory code; meaning and availability may vary by year.
2008,2007,original_code,MO,MO,True,False,Original SAMHSA directory code; meaning and availability may vary by year.
2008,2007,original_code,N12,N12,True,False,Original SAMHSA directory code; meaning and availability may vary by year.
2008,2007,original_code,N13,N13,True,False,Original SAMHSA directory code; meaning and availability may vary by year.
2008,2007,original_code,N14,N14,True,False,Original SAMHSA directory code; meaning and availability may vary by year.
2008,2007,original_code,N15,N15,True,False,Original SAMHSA directory code; meaning and availability may vary by year.
2008,2007,original_code,N16,N16,True,False,Original SAMHSA directory code; meaning and availability may vary by year.
2008,2007,original_code,N18,N18,True,False,Original SAMHSA directory code; meaning and availability may vary by year.
2008,2007,original_code,N2,Apache N12 Hochunk N50 Muskogee N32 Shoshoni,True,False,Original SAMHSA directory code; meaning and availability may vary by year.
2008,2007,original_code,N22,N22,True,False,Original SAMHSA directory code; meaning and availability may vary by year.
2008,2007,original_code,N23,N23,True,False,Original SAMHSA directory code; meaning and availability may vary by year.
2008,2007,original_code,N24,N24,True,False,Original SAMHSA directory code; meaning and availability may vary by year.
2008,2007,original_code,N26,N26,True,False,Original SAMHSA directory code; meaning and availability may vary by year.
2008,2007,original_code,N27,N27,True,False,Original SAMHSA directory code; meaning and availability may vary by year.
2008,2007,original_code,N28,N28,True,False,Original SAMHSA directory code; meaning and availability may vary by year.
2008,2007,original_code,N29,N29,True,False,Original SAMHSA directory code; meaning and availability may vary by year.
2008,2007,original_code,N30,N30,True,False,Original SAMHSA directory code; meaning and availability may vary by year.
2008,2007,original_code,N32,N32,True,False,Original SAMHSA directory code; meaning and availability may vary by year.
2008,2007,original_code,N33,N33,True,False,Original SAMHSA directory code; meaning and availability may vary by year.
2008,2007,original_code,N35,N35,True,False,Original SAMHSA directory code; meaning and availability may vary by year.
2008,2007,original_code,N37,N37,True,False,Original SAMHSA directory code; meaning and availability may vary by year.
2008,2007,original_code,N4,Cherokee N14 Hualapai N24 Ojibwa N49 Tiwa,True,False,Original SAMHSA directory code; meaning and availability may vary by year.
2008,2007,original_code,N40,N40,True,False,Original SAMHSA directory code; meaning and availability may vary by year.
2008,2007,original_code,N41,N41,True,False,Original SAMHSA directory code; meaning and availability may vary by year.
2008,2007,original_code,N42,Haida N46 Micmac N29 Pima N41 Zuni,True,False,Original SAMHSA directory code; meaning and availability may vary by year.
2008,2007,original_code,N46,N46,True,False,Original SAMHSA directory code; meaning and availability may vary by year.
2008,2007,original_code,N47,Hidatsa N22 Mohawk N30 Salish,True,False,Original SAMHSA directory code; meaning and availability may vary by year.
2008,2007,original_code,N48,Arikara N13 Hopi N23 Navajo N33 Tewa,True,False,Original SAMHSA directory code; meaning and availability may vary by year.
2008,2007,original_code,N49,N49,True,False,Original SAMHSA directory code; meaning and availability may vary by year.
2008,2007,original_code,N50,N50,True,False,Original SAMHSA directory code; meaning and availability may vary by year.
2008,2007,original_code,N6,Choctaw N15 Inupiat N26 Ottawa N35 Tohono O’Odham,True,False,Original SAMHSA directory code; meaning and availability may vary by year.
2008,2007,original_code,N7,Cocopah N16 Keres N27 Paiute N37 Ute,True,False,Original SAMHSA directory code; meaning and availability may vary by year.
2008,2007,original_code,N8,Cree N18 Lakota N28 Passamaquoddy N40 Yupik,True,False,Original SAMHSA directory code; meaning and availability may vary by year.
2008,2007,original_code,OP,Outpatient,True,False,Original SAMHSA directory code; meaning and availability may vary by year.
2008,2007,original_code,OR,OR,True,False,Original SAMHSA directory code; meaning and availability may vary by year.
2008,2007,original_code,OW,OW,True,False,Original SAMHSA directory code; meaning and availability may vary by year.
2008,2007,original_code,PA,Payment assistance,True,False,Original SAMHSA directory code; meaning and availability may vary by year.
2008,2007,original_code,PH,Partial hospitalization/day treatment,True,False,Original SAMHSA directory code; meaning and availability may vary by year.
2008,2007,original_code,PI,Private health insurance,True,False,Original SAMHSA directory code; meaning and availability may vary by year.
2008,2007,original_code,PW,Pregnant/postpartum women,True,False,Original SAMHSA directory code; meaning and availability may vary by year.
2008,2007,original_code,RL,Long-term residential,True,False,Original SAMHSA directory code; meaning and availability may vary by year.
2008,2007,original_code,RR,RR,True,False,Original SAMHSA directory code; meaning and availability may vary by year.
2008,2007,original_code,RS,Short-term residential,True,False,Original SAMHSA directory code; meaning and availability may vary by year.
2008,2007,original_code,SA,Substance use treatment,True,False,Original SAMHSA directory code; meaning and availability may vary by year.
2008,2007,original_code,SC,SC,True,False,Original SAMHSA directory code; meaning and availability may vary by year.
2008,2007,original_code,SE,Seniors/older adults,True,False,Original SAMHSA directory code; meaning and availability may vary by year.
2008,2007,original_code,SF,Cash or self-payment,True,False,Original SAMHSA directory code; meaning and availability may vary by year.
2008,2007,original_code,SI,State-financed insurance,True,False,Original SAMHSA directory code; meaning and availability may vary by year.
2008,2007,original_code,SP,Spanish,True,False,Original SAMHSA directory code; meaning and availability may vary by year.
2008,2007,original_code,SS,Sliding fee scale,True,False,Original SAMHSA directory code; meaning and availability may vary by year.
2008,2007,original_code,TA,TA,True,False,Original SAMHSA directory code; meaning and availability may vary by year.
2008,2007,original_code,TC,TC,True,False,Original SAMHSA directory code; meaning and availability may vary by year.
2008,2007,original_code,TX,Substance abuse treatment,True,False,Original SAMHSA directory code; meaning and availability may vary by year.
2008,2007,original_code,WN,Women,True,False,Original SAMHSA directory code; meaning and availability may vary by year.
2009,2008,ownership,private_unspecified,Private (type unspecified),False,False,Earlier directories do not consistently separate private ownership type.
2009,2008,ownership,private_nonprofit,Private nonprofit,False,True,
2009,2008,ownership,private_forprofit,Private for-profit,False,True,
2009,2008,ownership,local_government,Local/county government,False,True,
2009,2008,ownership,state_government,State government,False,True,
2009,2008,ownership,tribal_government,Tribal government,False,True,
2009,2008,ownership,federal_dod,Federal: Department of Defense,False,True,
2009,2008,ownership,federal_ihs,Federal: Indian Health Service,False,True,
2009,2008,ownership,federal_va,Federal: Veterans Affairs,False,True,
2009,2008,center_type,substance_use,Substance use treatment,True,True,
2009,2008,center_type,detoxification,Detoxification,True,True,
2009,2008,center_type,transitional_housing,Transitional housing/halfway house,True,True,
2009,2008,center_type,mental_health,Mental health treatment,True,True,
2009,2008,center_type,cooccurring,Co-occurring mental health and substance use,False,True,
2009,2008,setting,outpatient,Outpatient,True,True,
2009,2008,setting,residential,Residential,True,True,
2009,2008,setting,hospital_inpatient,Hospital inpatient,True,True,
2009,2008,payment,medicare,Medicare,True,True,
2009,2008,payment,medicaid,Medicaid,True,True,
2009,2008,payment,military_insurance,Military insurance,True,True,
2009,2008,payment,private_insurance,Private health insurance,True,True,
2009,2008,payment,self_pay,Cash or self-payment,True,True,
2009,2008,payment,state_financed,State-financed insurance,True,True,
2009,2008,payment,payment_assistance,Payment assistance,True,True,
2009,2008,payment,sliding_fee,Sliding fee scale,True,True,
2009,2008,service_family,substance_use_treatment,Substance use treatment,True,True,
2009,2008,service_family,detoxification,Detoxification,True,True,
2009,2008,service_family,transitional_housing,Transitional housing/halfway house,True,True,
2009,2008,service_family,cooccurring,Co-occurring mental health and substance use treatment,False,True,
2009,2008,service_family,outpatient_treatment,Outpatient treatment,True,True,
2009,2008,service_family,residential_treatment,Residential treatment,True,True,
2009,2008,service_family,hospital_inpatient,Hospital inpatient treatment,True,True,
2009,2008,service_family,opioid_treatment_program,SAMHSA-certified opioid treatment program,False,True,
2009,2008,service_family,methadone,Methadone services,True,True,
2009,2008,service_family,buprenorphine,Buprenorphine services,True,True,
2009,2008,service_family,naltrexone,Naltrexone services,False,True,
2009,2008,service_family,telehealth,Telehealth/telemedicine,False,True,
2009,2008,original_code,AD,Adolescents,True,False,Original SAMHSA directory code; meaning and availability may vary by year.
2009,2008,original_code,AH,Services for deaf and hard of hearing,True,False,Original SAMHSA directory code; meaning and availability may vary by year.
2009,2008,original_code,AR,Access to Recovery voucher,True,False,Original SAMHSA directory code; meaning and availability may vary by year.
2009,2008,original_code,BC,Residential beds for clients’ children,True,False,Original SAMHSA directory code; meaning and availability may vary by year.
2009,2008,original_code,BU,Buprenorphine used in treatment,True,False,Original SAMHSA directory code; meaning and availability may vary by year.
2009,2008,original_code,CH,CH,True,False,Original SAMHSA directory code; meaning and availability may vary by year.
2009,2008,original_code,CJ,Criminal justice clients,True,False,Original SAMHSA directory code; meaning and availability may vary by year.
2009,2008,original_code,CO,Persons with co-occurring mental and substance abuse disorders,True,False,Original SAMHSA directory code; meaning and availability may vary by year.
2009,2008,original_code,DD,DD,True,False,Original SAMHSA directory code; meaning and availability may vary by year.
2009,2008,original_code,DM,Methadone detoxification,True,False,Original SAMHSA directory code; meaning and availability may vary by year.
2009,2008,original_code,DT,Detoxification,True,False,Original SAMHSA directory code; meaning and availability may vary by year.
2009,2008,original_code,DU,DUI/DWI offenders,True,False,Original SAMHSA directory code; meaning and availability may vary by year.
2009,2008,original_code,F1,Afrikaans F22 Danish F113 Kannada F71 Samoan,True,False,Original SAMHSA directory code; meaning and availability may vary by year.
2009,2008,original_code,F10,Bosnian F33 Gujurati F54 Malayalam F85 Telugu,True,False,Original SAMHSA directory code; meaning and availability may vary by year.
2009,2008,original_code,F104,F104,True,False,Original SAMHSA directory code; meaning and availability may vary by year.
2009,2008,original_code,F105,Cebuano F35 Hebrew F60 Mongolian F89 Ukrainian,True,False,Original SAMHSA directory code; meaning and availability may vary by year.
2009,2008,original_code,F106,F106,True,False,Original SAMHSA directory code; meaning and availability may vary by year.
2009,2008,original_code,F11,Bulgarian F106 Guyanese Creole English F57 Micronesian F86 Thai,True,False,Original SAMHSA directory code; meaning and availability may vary by year.
2009,2008,original_code,F110,Akan F23 Dutch F44 Khmer F73 Serbian,True,False,Original SAMHSA directory code; meaning and availability may vary by year.
2009,2008,original_code,F113,F113,True,False,Original SAMHSA directory code; meaning and availability may vary by year.
2009,2008,original_code,F114,F114,True,False,Original SAMHSA directory code; meaning and availability may vary by year.
2009,2008,original_code,F115,F115,True,False,Original SAMHSA directory code; meaning and availability may vary by year.
2009,2008,original_code,F116,F116,True,False,Original SAMHSA directory code; meaning and availability may vary by year.
2009,2008,original_code,F117,F117,True,False,Original SAMHSA directory code; meaning and availability may vary by year.
2009,2008,original_code,F118,F118,True,False,Original SAMHSA directory code; meaning and availability may vary by year.
2009,2008,original_code,F13,Cantonese F34 Hawaiian F58 Mien F87 Tongan,True,False,Original SAMHSA directory code; meaning and availability may vary by year.
2009,2008,original_code,F15,Chaldean F36 Hindi F62 Nigerian F91 Urdu,True,False,Original SAMHSA directory code; meaning and availability may vary by year.
2009,2008,original_code,F16,Chamorro F37 Hmong F64 Palauan F92 Vietnamese,True,False,Original SAMHSA directory code; meaning and availability may vary by year.
2009,2008,original_code,F17,Chinese F38 Hungarian F65 Panjabi F114 Wolof,True,False,Original SAMHSA directory code; meaning and availability may vary by year.
2009,2008,original_code,F18,"Chuukese F116 Icelandic F118 Pashto, Southern F94 Yapese",True,False,Original SAMHSA directory code; meaning and availability may vary by year.
2009,2008,original_code,F19,Creole F40 Ilocano F66 Polish F95 Yiddish,True,False,Original SAMHSA directory code; meaning and availability may vary by year.
2009,2008,original_code,F20,Croatian F42 Italian F69 Romanian F96 Yoruba,True,False,Original SAMHSA directory code; meaning and availability may vary by year.
2009,2008,original_code,F21,Czech F43 Japanese F70 Russian,True,False,Original SAMHSA directory code; meaning and availability may vary by year.
2009,2008,original_code,F22,F22,True,False,Original SAMHSA directory code; meaning and availability may vary by year.
2009,2008,original_code,F23,F23,True,False,Original SAMHSA directory code; meaning and availability may vary by year.
2009,2008,original_code,F25,F25,True,False,Original SAMHSA directory code; meaning and availability may vary by year.
2009,2008,original_code,F27,F27,True,False,Original SAMHSA directory code; meaning and availability may vary by year.
2009,2008,original_code,F28,F28,True,False,Original SAMHSA directory code; meaning and availability may vary by year.
2009,2008,original_code,F3,Amharic F25 Farsi F47 Korean F74 Serbian/Croatian,True,False,Original SAMHSA directory code; meaning and availability may vary by year.
2009,2008,original_code,F30,F30,True,False,Original SAMHSA directory code; meaning and availability may vary by year.
2009,2008,original_code,F31,F31,True,False,Original SAMHSA directory code; meaning and availability may vary by year.
2009,2008,original_code,F33,F33,True,False,Original SAMHSA directory code; meaning and availability may vary by year.
2009,2008,original_code,F34,F34,True,False,Original SAMHSA directory code; meaning and availability may vary by year.
2009,2008,original_code,F35,F35,True,False,Original SAMHSA directory code; meaning and availability may vary by year.
2009,2008,original_code,F36,F36,True,False,Original SAMHSA directory code; meaning and availability may vary by year.
2009,2008,original_code,F37,F37,True,False,Original SAMHSA directory code; meaning and availability may vary by year.
2009,2008,original_code,F38,F38,True,False,Original SAMHSA directory code; meaning and availability may vary by year.
2009,2008,original_code,F4,Arabic F27 Finnish F48 Lao F117 Serer-Sine,True,False,Original SAMHSA directory code; meaning and availability may vary by year.
2009,2008,original_code,F40,F40,True,False,Original SAMHSA directory code; meaning and availability may vary by year.
2009,2008,original_code,F42,F42,True,False,Original SAMHSA directory code; meaning and availability may vary by year.
2009,2008,original_code,F43,F43,True,False,Original SAMHSA directory code; meaning and availability may vary by year.
2009,2008,original_code,F44,F44,True,False,Original SAMHSA directory code; meaning and availability may vary by year.
2009,2008,original_code,F47,F47,True,False,Original SAMHSA directory code; meaning and availability may vary by year.
2009,2008,original_code,F48,F48,True,False,Original SAMHSA directory code; meaning and availability may vary by year.
2009,2008,original_code,F49,F49,True,False,Original SAMHSA directory code; meaning and availability may vary by year.
2009,2008,original_code,F5,Armenian F28 French F49 Latvian F76 Slovak,True,False,Original SAMHSA directory code; meaning and availability may vary by year.
2009,2008,original_code,F52,F52,True,False,Original SAMHSA directory code; meaning and availability may vary by year.
2009,2008,original_code,F53,F53,True,False,Original SAMHSA directory code; meaning and availability may vary by year.
2009,2008,original_code,F54,F54,True,False,Original SAMHSA directory code; meaning and availability may vary by year.
2009,2008,original_code,F57,F57,True,False,Original SAMHSA directory code; meaning and availability may vary by year.
2009,2008,original_code,F58,F58,True,False,Original SAMHSA directory code; meaning and availability may vary by year.
2009,2008,original_code,F6,"Assyrian F115 French, Cajun F99 Lithuanian F104 Somali",True,False,Original SAMHSA directory code; meaning and availability may vary by year.
2009,2008,original_code,F60,F60,True,False,Original SAMHSA directory code; meaning and availability may vary by year.
2009,2008,original_code,F62,F62,True,False,Original SAMHSA directory code; meaning and availability may vary by year.
2009,2008,original_code,F64,F64,True,False,Original SAMHSA directory code; meaning and availability may vary by year.
2009,2008,original_code,F65,F65,True,False,Original SAMHSA directory code; meaning and availability may vary by year.
2009,2008,original_code,F66,F66,True,False,Original SAMHSA directory code; meaning and availability may vary by year.
2009,2008,original_code,F67,F67,True,False,Original SAMHSA directory code; meaning and availability may vary by year.
2009,2008,original_code,F69,F69,True,False,Original SAMHSA directory code; meaning and availability may vary by year.
2009,2008,original_code,F70,F70,True,False,Original SAMHSA directory code; meaning and availability may vary by year.
2009,2008,original_code,F71,F71,True,False,Original SAMHSA directory code; meaning and availability may vary by year.
2009,2008,original_code,F73,F73,True,False,Original SAMHSA directory code; meaning and availability may vary by year.
2009,2008,original_code,F74,F74,True,False,Original SAMHSA directory code; meaning and availability may vary by year.
2009,2008,original_code,F76,F76,True,False,Original SAMHSA directory code; meaning and availability may vary by year.
2009,2008,original_code,F79,F79,True,False,Original SAMHSA directory code; meaning and availability may vary by year.
2009,2008,original_code,F8,Belarusan F30 German F52 Macedonian F79 Swahili,True,False,Original SAMHSA directory code; meaning and availability may vary by year.
2009,2008,original_code,F81,F81,True,False,Original SAMHSA directory code; meaning and availability may vary by year.
2009,2008,original_code,F85,F85,True,False,Original SAMHSA directory code; meaning and availability may vary by year.
2009,2008,original_code,F86,F86,True,False,Original SAMHSA directory code; meaning and availability may vary by year.
2009,2008,original_code,F87,F87,True,False,Original SAMHSA directory code; meaning and availability may vary by year.
2009,2008,original_code,F89,F89,True,False,Original SAMHSA directory code; meaning and availability may vary by year.
2009,2008,original_code,F9,Bengali F31 Greek F53 Malay F81 Tagalog,True,False,Original SAMHSA directory code; meaning and availability may vary by year.
2009,2008,original_code,F91,F91,True,False,Original SAMHSA directory code; meaning and availability may vary by year.
2009,2008,original_code,F92,F92,True,False,Original SAMHSA directory code; meaning and availability may vary by year.
2009,2008,original_code,F94,F94,True,False,Original SAMHSA directory code; meaning and availability may vary by year.
2009,2008,original_code,F95,F95,True,False,Original SAMHSA directory code; meaning and availability may vary by year.
2009,2008,original_code,F96,F96,True,False,Original SAMHSA directory code; meaning and availability may vary by year.
2009,2008,original_code,F99,F99,True,False,Original SAMHSA directory code; meaning and availability may vary by year.
2009,2008,original_code,GH,General health services,True,False,Original SAMHSA directory code; meaning and availability may vary by year.
2009,2008,original_code,GL,Gays and Lesbians,True,False,Original SAMHSA directory code; meaning and availability may vary by year.
2009,2008,original_code,HH,Transitional housing or halfway house,True,False,Original SAMHSA directory code; meaning and availability may vary by year.
2009,2008,original_code,HI,Hospital inpatient,True,False,Original SAMHSA directory code; meaning and availability may vary by year.
2009,2008,original_code,HV,Persons with HIV/AIDS,True,False,Original SAMHSA directory code; meaning and availability may vary by year.
2009,2008,original_code,ID,ID,True,False,Original SAMHSA directory code; meaning and availability may vary by year.
2009,2008,original_code,MC,Medicare,True,False,Original SAMHSA directory code; meaning and availability may vary by year.
2009,2008,original_code,MD,Medicaid,True,False,Original SAMHSA directory code; meaning and availability may vary by year.
2009,2008,original_code,MH,Mental health services,True,False,Original SAMHSA directory code; meaning and availability may vary by year.
2009,2008,original_code,MH-SA,Mix of mental health and substance abuse services,True,False,Original SAMHSA directory code; meaning and availability may vary by year.
2009,2008,original_code,MI,Military insurance,True,False,Original SAMHSA directory code; meaning and availability may vary by year.
2009,2008,original_code,MM,Methadone maintenance,True,False,Original SAMHSA directory code; meaning and availability may vary by year.
2009,2008,original_code,MN,Men,True,False,Original SAMHSA directory code; meaning and availability may vary by year.
2009,2008,original_code,MO,MO,True,False,Original SAMHSA directory code; meaning and availability may vary by year.
2009,2008,original_code,N10,Dakota N50 Muskogee N49 Tiwa,True,False,Original SAMHSA directory code; meaning and availability may vary by year.
2009,2008,original_code,N12,Ho-Chunk N24 Ojibwa N37 Ute,True,False,Original SAMHSA directory code; meaning and availability may vary by year.
2009,2008,original_code,N13,N13,True,False,Original SAMHSA directory code; meaning and availability may vary by year.
2009,2008,original_code,N14,N14,True,False,Original SAMHSA directory code; meaning and availability may vary by year.
2009,2008,original_code,N16,N16,True,False,Original SAMHSA directory code; meaning and availability may vary by year.
2009,2008,original_code,N18,N18,True,False,Original SAMHSA directory code; meaning and availability may vary by year.
2009,2008,original_code,N2,Apache N13 Hopi N26 Ottawa N39 Yaqui,True,False,Original SAMHSA directory code; meaning and availability may vary by year.
2009,2008,original_code,N22,N22,True,False,Original SAMHSA directory code; meaning and availability may vary by year.
2009,2008,original_code,N23,N23,True,False,Original SAMHSA directory code; meaning and availability may vary by year.
2009,2008,original_code,N24,N24,True,False,Original SAMHSA directory code; meaning and availability may vary by year.
2009,2008,original_code,N26,N26,True,False,Original SAMHSA directory code; meaning and availability may vary by year.
2009,2008,original_code,N28,N28,True,False,Original SAMHSA directory code; meaning and availability may vary by year.
2009,2008,original_code,N29,N29,True,False,Original SAMHSA directory code; meaning and availability may vary by year.
2009,2008,original_code,N3,Athabascan N14 Hualapai N28 Passamaquoddy N40 Yupik,True,False,Original SAMHSA directory code; meaning and availability may vary by year.
2009,2008,original_code,N30,N30,True,False,Original SAMHSA directory code; meaning and availability may vary by year.
2009,2008,original_code,N33,N33,True,False,Original SAMHSA directory code; meaning and availability may vary by year.
2009,2008,original_code,N35,N35,True,False,Original SAMHSA directory code; meaning and availability may vary by year.
2009,2008,original_code,N37,N37,True,False,Original SAMHSA directory code; meaning and availability may vary by year.
2009,2008,original_code,N39,N39,True,False,Original SAMHSA directory code; meaning and availability may vary by year.
2009,2008,original_code,N4,Cherokee N16 Keres N29 Pima N41 Zuni,True,False,Original SAMHSA directory code; meaning and availability may vary by year.
2009,2008,original_code,N40,N40,True,False,Original SAMHSA directory code; meaning and availability may vary by year.
2009,2008,original_code,N41,N41,True,False,Original SAMHSA directory code; meaning and availability may vary by year.
2009,2008,original_code,N42,Haida N23 Navajo N45 Tohono O’Odham,True,False,Original SAMHSA directory code; meaning and availability may vary by year.
2009,2008,original_code,N49,N49,True,False,Original SAMHSA directory code; meaning and availability may vary by year.
2009,2008,original_code,N50,N50,True,False,Original SAMHSA directory code; meaning and availability may vary by year.
2009,2008,original_code,N6,Choctaw N18 Lakota N30 Salish,True,False,Original SAMHSA directory code; meaning and availability may vary by year.
2009,2008,original_code,N8,Cree N22 Mohawk N33 Tewa,True,False,Original SAMHSA directory code; meaning and availability may vary by year.
2009,2008,original_code,OP,Outpatient,True,False,Original SAMHSA directory code; meaning and availability may vary by year.
2009,2008,original_code,OR,OR,True,False,Original SAMHSA directory code; meaning and availability may vary by year.
2009,2008,original_code,OW,OW,True,False,Original SAMHSA directory code; meaning and availability may vary by year.
2009,2008,original_code,PA,Payment assistance,True,False,Original SAMHSA directory code; meaning and availability may vary by year.
2009,2008,original_code,PH,Partial hospitalization/day treatment,True,False,Original SAMHSA directory code; meaning and availability may vary by year.
2009,2008,original_code,PI,Private health insurance,True,False,Original SAMHSA directory code; meaning and availability may vary by year.
2009,2008,original_code,PW,Pregnant/postpartum women,True,False,Original SAMHSA directory code; meaning and availability may vary by year.
2009,2008,original_code,RL,Long-term residential,True,False,Original SAMHSA directory code; meaning and availability may vary by year.
2009,2008,original_code,RR,RR,True,False,Original SAMHSA directory code; meaning and availability may vary by year.
2009,2008,original_code,RS,Short-term residential,True,False,Original SAMHSA directory code; meaning and availability may vary by year.
2009,2008,original_code,SA,Substance use treatment,True,False,Original SAMHSA directory code; meaning and availability may vary by year.
2009,2008,original_code,SC,SC,True,False,Original SAMHSA directory code; meaning and availability may vary by year.
2009,2008,original_code,SE,Seniors/older adults,True,False,Original SAMHSA directory code; meaning and availability may vary by year.
2009,2008,original_code,SF,Cash or self-payment,True,False,Original SAMHSA directory code; meaning and availability may vary by year.
2009,2008,original_code,SI,State-financed insurance,True,False,Original SAMHSA directory code; meaning and availability may vary by year.
2009,2008,original_code,SP,Spanish,True,False,Original SAMHSA directory code; meaning and availability may vary by year.
2009,2008,original_code,SS,Sliding fee scale,True,False,Original SAMHSA directory code; meaning and availability may vary by year.
2009,2008,original_code,TA,TA,True,False,Original SAMHSA directory code; meaning and availability may vary by year.
2009,2008,original_code,TC,TC,True,False,Original SAMHSA directory code; meaning and availability may vary by year.
2009,2008,original_code,TX,Substance abuse treatment,True,False,Original SAMHSA directory code; meaning and availability may vary by year.
2009,2008,original_code,WN,Women,True,False,Original SAMHSA directory code; meaning and availability may vary by year.
2010,2009,ownership,private_unspecified,Private (type unspecified),False,False,Earlier directories do not consistently separate private ownership type.
2010,2009,ownership,private_nonprofit,Private nonprofit,False,True,
2010,2009,ownership,private_forprofit,Private for-profit,False,True,
2010,2009,ownership,local_government,Local/county government,False,True,
2010,2009,ownership,state_government,State government,False,True,
2010,2009,ownership,tribal_government,Tribal government,False,True,
2010,2009,ownership,federal_dod,Federal: Department of Defense,False,True,
2010,2009,ownership,federal_ihs,Federal: Indian Health Service,False,True,
2010,2009,ownership,federal_va,Federal: Veterans Affairs,False,True,
2010,2009,center_type,substance_use,Substance use treatment,True,True,
2010,2009,center_type,detoxification,Detoxification,True,True,
2010,2009,center_type,transitional_housing,Transitional housing/halfway house,True,True,
2010,2009,center_type,mental_health,Mental health treatment,True,True,
2010,2009,center_type,cooccurring,Co-occurring mental health and substance use,False,True,
2010,2009,setting,outpatient,Outpatient,True,True,
2010,2009,setting,residential,Residential,True,True,
2010,2009,setting,hospital_inpatient,Hospital inpatient,True,True,
2010,2009,payment,medicare,Medicare,True,True,
2010,2009,payment,medicaid,Medicaid,True,True,
2010,2009,payment,military_insurance,Military insurance,True,True,
2010,2009,payment,private_insurance,Private health insurance,True,True,
2010,2009,payment,self_pay,Cash or self-payment,True,True,
2010,2009,payment,state_financed,State-financed insurance,True,True,
2010,2009,payment,payment_assistance,Payment assistance,True,True,
2010,2009,payment,sliding_fee,Sliding fee scale,True,True,
2010,2009,service_family,substance_use_treatment,Substance use treatment,True,True,
2010,2009,service_family,detoxification,Detoxification,True,True,
2010,2009,service_family,transitional_housing,Transitional housing/halfway house,True,True,
2010,2009,service_family,cooccurring,Co-occurring mental health and substance use treatment,False,True,
2010,2009,service_family,outpatient_treatment,Outpatient treatment,True,True,
2010,2009,service_family,residential_treatment,Residential treatment,True,True,
2010,2009,service_family,hospital_inpatient,Hospital inpatient treatment,True,True,
2010,2009,service_family,opioid_treatment_program,SAMHSA-certified opioid treatment program,False,True,
2010,2009,service_family,methadone,Methadone services,True,True,
2010,2009,service_family,buprenorphine,Buprenorphine services,True,True,
2010,2009,service_family,naltrexone,Naltrexone services,False,True,
2010,2009,service_family,telehealth,Telehealth/telemedicine,False,True,
2010,2009,original_code,AD,Adolescents,True,False,Original SAMHSA directory code; meaning and availability may vary by year.
2010,2009,original_code,AH,Services for deaf and hard of hearing,True,False,Original SAMHSA directory code; meaning and availability may vary by year.
2010,2009,original_code,AR,Access to Recovery voucher,True,False,Original SAMHSA directory code; meaning and availability may vary by year.
2010,2009,original_code,BC,Residential beds for clients’ children,True,False,Original SAMHSA directory code; meaning and availability may vary by year.
2010,2009,original_code,BIA,BIA,True,False,Original SAMHSA directory code; meaning and availability may vary by year.
2010,2009,original_code,BU,Buprenorphine used in treatment,True,False,Original SAMHSA directory code; meaning and availability may vary by year.
2010,2009,original_code,CH,CH,True,False,Original SAMHSA directory code; meaning and availability may vary by year.
2010,2009,original_code,CJ,Criminal justice clients,True,False,Original SAMHSA directory code; meaning and availability may vary by year.
2010,2009,original_code,CO,Persons with co-occurring mental and substance abuse disorders,True,False,Original SAMHSA directory code; meaning and availability may vary by year.
2010,2009,original_code,COA,COA,True,False,Original SAMHSA directory code; meaning and availability may vary by year.
2010,2009,original_code,DD,DD,True,False,Original SAMHSA directory code; meaning and availability may vary by year.
2010,2009,original_code,DM,Methadone detoxification,True,False,Original SAMHSA directory code; meaning and availability may vary by year.
2010,2009,original_code,DT,Detoxification,True,False,Original SAMHSA directory code; meaning and availability may vary by year.
2010,2009,original_code,DU,DUI/DWI off enders,True,False,Original SAMHSA directory code; meaning and availability may vary by year.
2010,2009,original_code,F10,Bosnian F106 Guyanese Creole English F58 Mien F81 Tagalog,True,False,Original SAMHSA directory code; meaning and availability may vary by year.
2010,2009,original_code,F11,Bulgarian F35 Hebrew F60 Mongolian F82 Tamil,True,False,Original SAMHSA directory code; meaning and availability may vary by year.
2010,2009,original_code,F110,Akan F27 Finnish F47 Korean F71 Samoan,True,False,Original SAMHSA directory code; meaning and availability may vary by year.
2010,2009,original_code,F15,Chaldean F36 Hindi F61 Nepali F85 Telugu,True,False,Original SAMHSA directory code; meaning and availability may vary by year.
2010,2009,original_code,F17,Chinese F37 Hmong F62 Nigerian F86 Th ai,True,False,Original SAMHSA directory code; meaning and availability may vary by year.
2010,2009,original_code,F18,Chuukese F38 Hungarian F64 Palauan F88 Turkish,True,False,Original SAMHSA directory code; meaning and availability may vary by year.
2010,2009,original_code,F19,Creole F39 Igbo F65 Panjabi F89 Ukrainian,True,False,Original SAMHSA directory code; meaning and availability may vary by year.
2010,2009,original_code,F2,Albanian F28 French F48 Lao F73 Serbian,True,False,Original SAMHSA directory code; meaning and availability may vary by year.
2010,2009,original_code,F20,Croatian F42 Italian F66 Polish F91 Urdu,True,False,Original SAMHSA directory code; meaning and availability may vary by year.
2010,2009,original_code,F22,Danish F123 Jamaican Creole English F122 Romani F92 Vietnamese,True,False,Original SAMHSA directory code; meaning and availability may vary by year.
2010,2009,original_code,F23,Dutch F43 Japanese F69 Romanian F95 Yiddish,True,False,Original SAMHSA directory code; meaning and availability may vary by year.
2010,2009,original_code,F25,Farsi F44 Khmer F70 Russian,True,False,Original SAMHSA directory code; meaning and availability may vary by year.
2010,2009,original_code,F28,F28,True,False,Original SAMHSA directory code; meaning and availability may vary by year.
2010,2009,original_code,F30,F30,True,False,Original SAMHSA directory code; meaning and availability may vary by year.
2010,2009,original_code,F37,F37,True,False,Original SAMHSA directory code; meaning and availability may vary by year.
2010,2009,original_code,F4,Arabic F29 Gaelic F52 Macedonian F74 Serbian/Croatian,True,False,Original SAMHSA directory code; meaning and availability may vary by year.
2010,2009,original_code,F42,F42,True,False,Original SAMHSA directory code; meaning and availability may vary by year.
2010,2009,original_code,F47,F47,True,False,Original SAMHSA directory code; meaning and availability may vary by year.
2010,2009,original_code,F5,Armenian F30 German F53 Malay F104 Somali,True,False,Original SAMHSA directory code; meaning and availability may vary by year.
2010,2009,original_code,F66,F66,True,False,Original SAMHSA directory code; meaning and availability may vary by year.
2010,2009,original_code,F67,F67,True,False,Original SAMHSA directory code; meaning and availability may vary by year.
2010,2009,original_code,F70,F70,True,False,Original SAMHSA directory code; meaning and availability may vary by year.
2010,2009,original_code,F8,Belarusan F31 Greek F120 Mandinka F78 Sudanese,True,False,Original SAMHSA directory code; meaning and availability may vary by year.
2010,2009,original_code,F81,F81,True,False,Original SAMHSA directory code; meaning and availability may vary by year.
2010,2009,original_code,F9,Bengali F33 Gujurati F119 Marathi F79 Swahili,True,False,Original SAMHSA directory code; meaning and availability may vary by year.
2010,2009,original_code,F92,F92,True,False,Original SAMHSA directory code; meaning and availability may vary by year.
2010,2009,original_code,GH,General health services,True,False,Original SAMHSA directory code; meaning and availability may vary by year.
2010,2009,original_code,GL,Gays and Lesbians,True,False,Original SAMHSA directory code; meaning and availability may vary by year.
2010,2009,original_code,HH,Transitional housing or halfway house,True,False,Original SAMHSA directory code; meaning and availability may vary by year.
2010,2009,original_code,HI,Hospital inpatient,True,False,Original SAMHSA directory code; meaning and availability may vary by year.
2010,2009,original_code,HV,Persons with HIV/AIDS,True,False,Original SAMHSA directory code; meaning and availability may vary by year.
2010,2009,original_code,ID,ID,True,False,Original SAMHSA directory code; meaning and availability may vary by year.
2010,2009,original_code,IO,IO,True,False,Original SAMHSA directory code; meaning and availability may vary by year.
2010,2009,original_code,MC,Medicare,True,False,Original SAMHSA directory code; meaning and availability may vary by year.
2010,2009,original_code,MD,Medicaid,True,False,Original SAMHSA directory code; meaning and availability may vary by year.
2010,2009,original_code,MH,Mental health services,True,False,Original SAMHSA directory code; meaning and availability may vary by year.
2010,2009,original_code,MH-SA,Mix of mental health and substance abuse services,True,False,Original SAMHSA directory code; meaning and availability may vary by year.
2010,2009,original_code,MI,Military insurance,True,False,Original SAMHSA directory code; meaning and availability may vary by year.
2010,2009,original_code,MM,Methadone maintenance,True,False,Original SAMHSA directory code; meaning and availability may vary by year.
2010,2009,original_code,MN,Men,True,False,Original SAMHSA directory code; meaning and availability may vary by year.
2010,2009,original_code,MO,MO,True,False,Original SAMHSA directory code; meaning and availability may vary by year.
2010,2009,original_code,N12,Ho-Chunk N53 Osage N39 Yaqui,True,False,Original SAMHSA directory code; meaning and availability may vary by year.
2010,2009,original_code,N13,N13,True,False,Original SAMHSA directory code; meaning and availability may vary by year.
2010,2009,original_code,N18,N18,True,False,Original SAMHSA directory code; meaning and availability may vary by year.
2010,2009,original_code,N2,Apache N13 Hopi N26 Ottawa N40 Yupik,True,False,Original SAMHSA directory code; meaning and availability may vary by year.
2010,2009,original_code,N23,N23,True,False,Original SAMHSA directory code; meaning and availability may vary by year.
2010,2009,original_code,N3,Athabascan N16 Keres N58 Pawnee,True,False,Original SAMHSA directory code; meaning and availability may vary by year.
2010,2009,original_code,N4,Cherokee N57 Kiowa N54 Tenino,True,False,Original SAMHSA directory code; meaning and availability may vary by year.
2010,2009,original_code,N40,N40,True,False,Original SAMHSA directory code; meaning and availability may vary by year.
2010,2009,original_code,N44,Chippewa N23 Navajo N49 Tiwa,True,False,Original SAMHSA directory code; meaning and availability may vary by year.
2010,2009,original_code,N5,Cheyenne N18 Lakota N33 Tewa,True,False,Original SAMHSA directory code; meaning and availability may vary by year.
2010,2009,original_code,N52,Arapaho N14 Hualapai N28 Passamaquoddy N41 Zuni,True,False,Original SAMHSA directory code; meaning and availability may vary by year.
2010,2009,original_code,N6,Choctaw N24 Ojibwa N37 Ute,True,False,Original SAMHSA directory code; meaning and availability may vary by year.
2010,2009,original_code,N8,Cree N25 Omaha N38 Yakima,True,False,Original SAMHSA directory code; meaning and availability may vary by year.
2010,2009,original_code,OH,OH,True,False,Original SAMHSA directory code; meaning and availability may vary by year.
2010,2009,original_code,OP,Outpatient,True,False,Original SAMHSA directory code; meaning and availability may vary by year.
2010,2009,original_code,OR,OR,True,False,Original SAMHSA directory code; meaning and availability may vary by year.
2010,2009,original_code,OS,OS,True,False,Original SAMHSA directory code; meaning and availability may vary by year.
2010,2009,original_code,OW,OW,True,False,Original SAMHSA directory code; meaning and availability may vary by year.
2010,2009,original_code,PA,Payment assistance,True,False,Original SAMHSA directory code; meaning and availability may vary by year.
2010,2009,original_code,PH,Partial hospitalization/day treatment,True,False,Original SAMHSA directory code; meaning and availability may vary by year.
2010,2009,original_code,PI,Private health insurance,True,False,Original SAMHSA directory code; meaning and availability may vary by year.
2010,2009,original_code,PW,Pregnant/postpartum women,True,False,Original SAMHSA directory code; meaning and availability may vary by year.
2010,2009,original_code,RES,Residential,True,False,Original SAMHSA directory code; meaning and availability may vary by year.
2010,2009,original_code,RL,Long-term residential,True,False,Original SAMHSA directory code; meaning and availability may vary by year.
2010,2009,original_code,RR,RR,True,False,Original SAMHSA directory code; meaning and availability may vary by year.
2010,2009,original_code,RS,Short-term residential,True,False,Original SAMHSA directory code; meaning and availability may vary by year.
2010,2009,original_code,SA,Substance use treatment,True,False,Original SAMHSA directory code; meaning and availability may vary by year.
2010,2009,original_code,SC,SC,True,False,Original SAMHSA directory code; meaning and availability may vary by year.
2010,2009,original_code,SE,Seniors/older adults,True,False,Original SAMHSA directory code; meaning and availability may vary by year.
2010,2009,original_code,SF,Cash or self-payment,True,False,Original SAMHSA directory code; meaning and availability may vary by year.
2010,2009,original_code,SI,State-financed insurance,True,False,Original SAMHSA directory code; meaning and availability may vary by year.
2010,2009,original_code,SP,Spanish,True,False,Original SAMHSA directory code; meaning and availability may vary by year.
2010,2009,original_code,SS,Sliding fee scale,True,False,Original SAMHSA directory code; meaning and availability may vary by year.
2010,2009,original_code,TA,TA,True,False,Original SAMHSA directory code; meaning and availability may vary by year.
2010,2009,original_code,TC,TC,True,False,Original SAMHSA directory code; meaning and availability may vary by year.
2010,2009,original_code,TX,Substance abuse treatment,True,False,Original SAMHSA directory code; meaning and availability may vary by year.
2010,2009,original_code,WN,Women,True,False,Original SAMHSA directory code; meaning and availability may vary by year.
2011,2010,ownership,private_unspecified,Private (type unspecified),False,False,Earlier directories do not consistently separate private ownership type.
2011,2010,ownership,private_nonprofit,Private nonprofit,False,True,
2011,2010,ownership,private_forprofit,Private for-profit,False,True,
2011,2010,ownership,local_government,Local/county government,False,True,
2011,2010,ownership,state_government,State government,False,True,
2011,2010,ownership,tribal_government,Tribal government,False,True,
2011,2010,ownership,federal_dod,Federal: Department of Defense,False,True,
2011,2010,ownership,federal_ihs,Federal: Indian Health Service,False,True,
2011,2010,ownership,federal_va,Federal: Veterans Affairs,False,True,
2011,2010,center_type,substance_use,Substance use treatment,True,True,
2011,2010,center_type,detoxification,Detoxification,True,True,
2011,2010,center_type,transitional_housing,Transitional housing/halfway house,True,True,
2011,2010,center_type,mental_health,Mental health treatment,True,True,
2011,2010,center_type,cooccurring,Co-occurring mental health and substance use,False,True,
2011,2010,setting,outpatient,Outpatient,True,True,
2011,2010,setting,residential,Residential,True,True,
2011,2010,setting,hospital_inpatient,Hospital inpatient,True,True,
2011,2010,payment,medicare,Medicare,True,True,
2011,2010,payment,medicaid,Medicaid,True,True,
2011,2010,payment,military_insurance,Military insurance,True,True,
2011,2010,payment,private_insurance,Private health insurance,True,True,
2011,2010,payment,self_pay,Cash or self-payment,True,True,
2011,2010,payment,state_financed,State-financed insurance,True,True,
2011,2010,payment,payment_assistance,Payment assistance,True,True,
2011,2010,payment,sliding_fee,Sliding fee scale,True,True,
2011,2010,service_family,substance_use_treatment,Substance use treatment,True,True,
2011,2010,service_family,detoxification,Detoxification,True,True,
2011,2010,service_family,transitional_housing,Transitional housing/halfway house,True,True,
2011,2010,service_family,cooccurring,Co-occurring mental health and substance use treatment,False,True,
2011,2010,service_family,outpatient_treatment,Outpatient treatment,True,True,
2011,2010,service_family,residential_treatment,Residential treatment,True,True,
2011,2010,service_family,hospital_inpatient,Hospital inpatient treatment,True,True,
2011,2010,service_family,opioid_treatment_program,SAMHSA-certified opioid treatment program,False,True,
2011,2010,service_family,methadone,Methadone services,True,True,
2011,2010,service_family,buprenorphine,Buprenorphine services,True,True,
2011,2010,service_family,naltrexone,Naltrexone services,False,True,
2011,2010,service_family,telehealth,Telehealth/telemedicine,False,True,
2011,2010,original_code,AD,Adolescents,True,False,Original SAMHSA directory code; meaning and availability may vary by year.
2011,2010,original_code,AH,Services for deaf and hard of hearing,True,False,Original SAMHSA directory code; meaning and availability may vary by year.
2011,2010,original_code,AR,Access to Recovery voucher,True,False,Original SAMHSA directory code; meaning and availability may vary by year.
2011,2010,original_code,BC,Residential beds for clients’ children,True,False,Original SAMHSA directory code; meaning and availability may vary by year.
2011,2010,original_code,BIA,BIA,True,False,Original SAMHSA directory code; meaning and availability may vary by year.
2011,2010,original_code,BU,Buprenorphine used in treatment,True,False,Original SAMHSA directory code; meaning and availability may vary by year.
2011,2010,original_code,CH,CH,True,False,Original SAMHSA directory code; meaning and availability may vary by year.
2011,2010,original_code,CJ,Criminal justice clients,True,False,Original SAMHSA directory code; meaning and availability may vary by year.
2011,2010,original_code,CO,Persons with co-occurring mental and substance abuse disorders,True,False,Original SAMHSA directory code; meaning and availability may vary by year.
2011,2010,original_code,COA,COA,True,False,Original SAMHSA directory code; meaning and availability may vary by year.
2011,2010,original_code,DM,Methadone detoxification,True,False,Original SAMHSA directory code; meaning and availability may vary by year.
2011,2010,original_code,DT,Detoxification,True,False,Original SAMHSA directory code; meaning and availability may vary by year.
2011,2010,original_code,DU,DUI/DWI offenders,True,False,Original SAMHSA directory code; meaning and availability may vary by year.
2011,2010,original_code,F10,Bosnian F33 Gujurati F58 Mien F88 Turkish,True,False,Original SAMHSA directory code; meaning and availability may vary by year.
2011,2010,original_code,F104,F104,True,False,Original SAMHSA directory code; meaning and availability may vary by year.
2011,2010,original_code,F108,F108,True,False,Original SAMHSA directory code; meaning and availability may vary by year.
2011,2010,original_code,F11,Bulgarian F108 Hausa F60 Mongolian F89 Ukrainian,True,False,Original SAMHSA directory code; meaning and availability may vary by year.
2011,2010,original_code,F113,F113,True,False,Original SAMHSA directory code; meaning and availability may vary by year.
2011,2010,original_code,F119,F119,True,False,Original SAMHSA directory code; meaning and availability may vary by year.
2011,2010,original_code,F12,Burmese F34 Hawaiian F64 Palauan F90 Ulithian,True,False,Original SAMHSA directory code; meaning and availability may vary by year.
2011,2010,original_code,F15,Chaldean F35 Hebrew F65 Panjabi F91 Urdu,True,False,Original SAMHSA directory code; meaning and availability may vary by year.
2011,2010,original_code,F17,Chinese F36 Hindi F66 Polish F92 Vietnamese,True,False,Original SAMHSA directory code; meaning and availability may vary by year.
2011,2010,original_code,F18,Chuukese F37 Hmong F69 Romanian F93 Woleaian,True,False,Original SAMHSA directory code; meaning and availability may vary by year.
2011,2010,original_code,F19,Creole F39 Igbo F70 Russian F94 Yapese,True,False,Original SAMHSA directory code; meaning and availability may vary by year.
2011,2010,original_code,F2,Albanian F23 Dutch F47 Korean F104 Somali,True,False,Original SAMHSA directory code; meaning and availability may vary by year.
2011,2010,original_code,F20,Croatian F42 Italian F71 Samoan F95 Yiddish,True,False,Original SAMHSA directory code; meaning and availability may vary by year.
2011,2010,original_code,F21,Czech F43 Japanese F72 Satawalese F96 Yoruba,True,False,Original SAMHSA directory code; meaning and availability may vary by year.
2011,2010,original_code,F22,Danish F113 Kannada F73 Serbian,True,False,Original SAMHSA directory code; meaning and availability may vary by year.
2011,2010,original_code,F23,F23,True,False,Original SAMHSA directory code; meaning and availability may vary by year.
2011,2010,original_code,F25,F25,True,False,Original SAMHSA directory code; meaning and availability may vary by year.
2011,2010,original_code,F27,F27,True,False,Original SAMHSA directory code; meaning and availability may vary by year.
2011,2010,original_code,F28,F28,True,False,Original SAMHSA directory code; meaning and availability may vary by year.
2011,2010,original_code,F3,Amharic F25 Farsi F48 Lao F79 Swahili,True,False,Original SAMHSA directory code; meaning and availability may vary by year.
2011,2010,original_code,F30,F30,True,False,Original SAMHSA directory code; meaning and availability may vary by year.
2011,2010,original_code,F31,F31,True,False,Original SAMHSA directory code; meaning and availability may vary by year.
2011,2010,original_code,F33,F33,True,False,Original SAMHSA directory code; meaning and availability may vary by year.
2011,2010,original_code,F34,F34,True,False,Original SAMHSA directory code; meaning and availability may vary by year.
2011,2010,original_code,F35,F35,True,False,Original SAMHSA directory code; meaning and availability may vary by year.
2011,2010,original_code,F36,F36,True,False,Original SAMHSA directory code; meaning and availability may vary by year.
2011,2010,original_code,F37,F37,True,False,Original SAMHSA directory code; meaning and availability may vary by year.
2011,2010,original_code,F39,F39,True,False,Original SAMHSA directory code; meaning and availability may vary by year.
2011,2010,original_code,F4,Arabic F27 Finnish F99 Lithuanian F80 Swedish,True,False,Original SAMHSA directory code; meaning and availability may vary by year.
2011,2010,original_code,F42,F42,True,False,Original SAMHSA directory code; meaning and availability may vary by year.
2011,2010,original_code,F43,F43,True,False,Original SAMHSA directory code; meaning and availability may vary by year.
2011,2010,original_code,F44,F44,True,False,Original SAMHSA directory code; meaning and availability may vary by year.
2011,2010,original_code,F47,F47,True,False,Original SAMHSA directory code; meaning and availability may vary by year.
2011,2010,original_code,F48,F48,True,False,Original SAMHSA directory code; meaning and availability may vary by year.
2011,2010,original_code,F5,Armenian F28 French F52 Macedonian F81 Tagalog,True,False,Original SAMHSA directory code; meaning and availability may vary by year.
2011,2010,original_code,F52,F52,True,False,Original SAMHSA directory code; meaning and availability may vary by year.
2011,2010,original_code,F53,F53,True,False,Original SAMHSA directory code; meaning and availability may vary by year.
2011,2010,original_code,F58,F58,True,False,Original SAMHSA directory code; meaning and availability may vary by year.
2011,2010,original_code,F60,F60,True,False,Original SAMHSA directory code; meaning and availability may vary by year.
2011,2010,original_code,F64,F64,True,False,Original SAMHSA directory code; meaning and availability may vary by year.
2011,2010,original_code,F65,F65,True,False,Original SAMHSA directory code; meaning and availability may vary by year.
2011,2010,original_code,F66,F66,True,False,Original SAMHSA directory code; meaning and availability may vary by year.
2011,2010,original_code,F67,F67,True,False,Original SAMHSA directory code; meaning and availability may vary by year.
2011,2010,original_code,F69,F69,True,False,Original SAMHSA directory code; meaning and availability may vary by year.
2011,2010,original_code,F70,F70,True,False,Original SAMHSA directory code; meaning and availability may vary by year.
2011,2010,original_code,F71,F71,True,False,Original SAMHSA directory code; meaning and availability may vary by year.
2011,2010,original_code,F72,F72,True,False,Original SAMHSA directory code; meaning and availability may vary by year.
2011,2010,original_code,F73,F73,True,False,Original SAMHSA directory code; meaning and availability may vary by year.
2011,2010,original_code,F76,F76,True,False,Original SAMHSA directory code; meaning and availability may vary by year.
2011,2010,original_code,F79,F79,True,False,Original SAMHSA directory code; meaning and availability may vary by year.
2011,2010,original_code,F8,Belarusan F30 German F53 Malay F82 Tamil,True,False,Original SAMHSA directory code; meaning and availability may vary by year.
2011,2010,original_code,F80,F80,True,False,Original SAMHSA directory code; meaning and availability may vary by year.
2011,2010,original_code,F81,F81,True,False,Original SAMHSA directory code; meaning and availability may vary by year.
2011,2010,original_code,F82,F82,True,False,Original SAMHSA directory code; meaning and availability may vary by year.
2011,2010,original_code,F86,F86,True,False,Original SAMHSA directory code; meaning and availability may vary by year.
2011,2010,original_code,F88,F88,True,False,Original SAMHSA directory code; meaning and availability may vary by year.
2011,2010,original_code,F89,F89,True,False,Original SAMHSA directory code; meaning and availability may vary by year.
2011,2010,original_code,F9,Bengali F31 Greek F119 Marathi F86 Thai,True,False,Original SAMHSA directory code; meaning and availability may vary by year.
2011,2010,original_code,F90,F90,True,False,Original SAMHSA directory code; meaning and availability may vary by year.
2011,2010,original_code,F91,F91,True,False,Original SAMHSA directory code; meaning and availability may vary by year.
2011,2010,original_code,F92,F92,True,False,Original SAMHSA directory code; meaning and availability may vary by year.
2011,2010,original_code,F93,F93,True,False,Original SAMHSA directory code; meaning and availability may vary by year.
2011,2010,original_code,F94,F94,True,False,Original SAMHSA directory code; meaning and availability may vary by year.
2011,2010,original_code,F95,F95,True,False,Original SAMHSA directory code; meaning and availability may vary by year.
2011,2010,original_code,F96,F96,True,False,Original SAMHSA directory code; meaning and availability may vary by year.
2011,2010,original_code,F98,Dari F44 Khmer F76 Slovak,True,False,Original SAMHSA directory code; meaning and availability may vary by year.
2011,2010,original_code,F99,F99,True,False,Original SAMHSA directory code; meaning and availability may vary by year.
2011,2010,original_code,GH,General health services,True,False,Original SAMHSA directory code; meaning and availability may vary by year.
2011,2010,original_code,GL,"Lesbian, gay, bisexual, or transgender clients",True,False,Original SAMHSA directory code; meaning and availability may vary by year.
2011,2010,original_code,HH,Transitional housing or halfway house,True,False,Original SAMHSA directory code; meaning and availability may vary by year.
2011,2010,original_code,HI,Hospital inpatient,True,False,Original SAMHSA directory code; meaning and availability may vary by year.
2011,2010,original_code,HV,Persons with HIV/AIDS,True,False,Original SAMHSA directory code; meaning and availability may vary by year.
2011,2010,original_code,ICO,ICO,True,False,Original SAMHSA directory code; meaning and availability may vary by year.
2011,2010,original_code,ID,ID,True,False,Original SAMHSA directory code; meaning and availability may vary by year.
2011,2010,original_code,IO,IO,True,False,Original SAMHSA directory code; meaning and availability may vary by year.
2011,2010,original_code,MC,Medicare,True,False,Original SAMHSA directory code; meaning and availability may vary by year.
2011,2010,original_code,MD,Medicaid,True,False,Original SAMHSA directory code; meaning and availability may vary by year.
2011,2010,original_code,MH,Mental health services,True,False,Original SAMHSA directory code; meaning and availability may vary by year.
2011,2010,original_code,MH-SA,Mix of mental health and substance abuse services,True,False,Original SAMHSA directory code; meaning and availability may vary by year.
2011,2010,original_code,MI,Military insurance,True,False,Original SAMHSA directory code; meaning and availability may vary by year.
2011,2010,original_code,MM,Methadone maintenance,True,False,Original SAMHSA directory code; meaning and availability may vary by year.
2011,2010,original_code,MN,Adult men,True,False,Original SAMHSA directory code; meaning and availability may vary by year.
2011,2010,original_code,MO,MO,True,False,Original SAMHSA directory code; meaning and availability may vary by year.
2011,2010,original_code,N10,Dakota N24 Ojibwa N49 Tiwa,True,False,Original SAMHSA directory code; meaning and availability may vary by year.
2011,2010,original_code,N13,Hopi N28 Passamaquoddy N61 Unami,True,False,Original SAMHSA directory code; meaning and availability may vary by year.
2011,2010,original_code,N14,N14,True,False,Original SAMHSA directory code; meaning and availability may vary by year.
2011,2010,original_code,N16,N16,True,False,Original SAMHSA directory code; meaning and availability may vary by year.
2011,2010,original_code,N18,N18,True,False,Original SAMHSA directory code; meaning and availability may vary by year.
2011,2010,original_code,N2,Apache N14 Hualapai N59 Potawatomi N37 Ute,True,False,Original SAMHSA directory code; meaning and availability may vary by year.
2011,2010,original_code,N23,N23,True,False,Original SAMHSA directory code; meaning and availability may vary by year.
2011,2010,original_code,N24,N24,True,False,Original SAMHSA directory code; meaning and availability may vary by year.
2011,2010,original_code,N26,N26,True,False,Original SAMHSA directory code; meaning and availability may vary by year.
2011,2010,original_code,N28,N28,True,False,Original SAMHSA directory code; meaning and availability may vary by year.
2011,2010,original_code,N3,Athabascan N16 Keres N62 Teke-Eboo N38 Yakima,True,False,Original SAMHSA directory code; meaning and availability may vary by year.
2011,2010,original_code,N33,N33,True,False,Original SAMHSA directory code; meaning and availability may vary by year.
2011,2010,original_code,N35,N35,True,False,Original SAMHSA directory code; meaning and availability may vary by year.
2011,2010,original_code,N37,N37,True,False,Original SAMHSA directory code; meaning and availability may vary by year.
2011,2010,original_code,N38,N38,True,False,Original SAMHSA directory code; meaning and availability may vary by year.
2011,2010,original_code,N39,N39,True,False,Original SAMHSA directory code; meaning and availability may vary by year.
2011,2010,original_code,N40,N40,True,False,Original SAMHSA directory code; meaning and availability may vary by year.
2011,2010,original_code,N49,N49,True,False,Original SAMHSA directory code; meaning and availability may vary by year.
2011,2010,original_code,N5,Cheyenne N18 Lakota N54 Tenino N39 Yaqui,True,False,Original SAMHSA directory code; meaning and availability may vary by year.
2011,2010,original_code,N54,N54,True,False,Original SAMHSA directory code; meaning and availability may vary by year.
2011,2010,original_code,N59,N59,True,False,Original SAMHSA directory code; meaning and availability may vary by year.
2011,2010,original_code,N60,Gros Ventre N26 Ottawa N35 Tohono O’Odham,True,False,Original SAMHSA directory code; meaning and availability may vary by year.
2011,2010,original_code,N61,N61,True,False,Original SAMHSA directory code; meaning and availability may vary by year.
2011,2010,original_code,N62,N62,True,False,Original SAMHSA directory code; meaning and availability may vary by year.
2011,2010,original_code,N8,Cree N23 Navajo N33 Tewa N40 Yupik,True,False,Original SAMHSA directory code; meaning and availability may vary by year.
2011,2010,original_code,OH,OH,True,False,Original SAMHSA directory code; meaning and availability may vary by year.
2011,2010,original_code,OP,Outpatient,True,False,Original SAMHSA directory code; meaning and availability may vary by year.
2011,2010,original_code,OR,OR,True,False,Original SAMHSA directory code; meaning and availability may vary by year.
2011,2010,original_code,OS,OS,True,False,Original SAMHSA directory code; meaning and availability may vary by year.
2011,2010,original_code,OW,OW,True,False,Original SAMHSA directory code; meaning and availability may vary by year.
2011,2010,original_code,PA,Payment assistance,True,False,Original SAMHSA directory code; meaning and availability may vary by year.
2011,2010,original_code,PH,Partial hospitalization/day treatment,True,False,Original SAMHSA directory code; meaning and availability may vary by year.
2011,2010,original_code,PI,Private health insurance,True,False,Original SAMHSA directory code; meaning and availability may vary by year.
2011,2010,original_code,PW,Pregnant/postpartum women,True,False,Original SAMHSA directory code; meaning and availability may vary by year.
2011,2010,original_code,RD,Residential detoxification,True,False,Original SAMHSA directory code; meaning and availability may vary by year.
2011,2010,original_code,RES,Residential,True,False,Original SAMHSA directory code; meaning and availability may vary by year.
2011,2010,original_code,RL,Long-term residential,True,False,Original SAMHSA directory code; meaning and availability may vary by year.
2011,2010,original_code,RR,RR,True,False,Original SAMHSA directory code; meaning and availability may vary by year.
2011,2010,original_code,RS,Short-term residential,True,False,Original SAMHSA directory code; meaning and availability may vary by year.
2011,2010,original_code,SA,Substance use treatment,True,False,Original SAMHSA directory code; meaning and availability may vary by year.
2011,2010,original_code,SC,SC,True,False,Original SAMHSA directory code; meaning and availability may vary by year.
2011,2010,original_code,SE,Seniors/older adults,True,False,Original SAMHSA directory code; meaning and availability may vary by year.
2011,2010,original_code,SF,Cash or self-payment,True,False,Original SAMHSA directory code; meaning and availability may vary by year.
2011,2010,original_code,SI,State-financed insurance,True,False,Original SAMHSA directory code; meaning and availability may vary by year.
2011,2010,original_code,SP,Spanish,True,False,Original SAMHSA directory code; meaning and availability may vary by year.
2011,2010,original_code,SS,Sliding fee scale,True,False,Original SAMHSA directory code; meaning and availability may vary by year.
2011,2010,original_code,TA,TA,True,False,Original SAMHSA directory code; meaning and availability may vary by year.
2011,2010,original_code,TC,TC,True,False,Original SAMHSA directory code; meaning and availability may vary by year.
2011,2010,original_code,TX,Substance abuse treatment,True,False,Original SAMHSA directory code; meaning and availability may vary by year.
2011,2010,original_code,WN,Adult women,True,False,Original SAMHSA directory code; meaning and availability may vary by year.
2012,2011,ownership,private_unspecified,Private (type unspecified),False,False,Earlier directories do not consistently separate private ownership type.
2012,2011,ownership,private_nonprofit,Private nonprofit,False,True,
2012,2011,ownership,private_forprofit,Private for-profit,False,True,
2012,2011,ownership,local_government,Local/county government,False,True,
2012,2011,ownership,state_government,State government,False,True,
2012,2011,ownership,tribal_government,Tribal government,False,True,
2012,2011,ownership,federal_dod,Federal: Department of Defense,False,True,
2012,2011,ownership,federal_ihs,Federal: Indian Health Service,False,True,
2012,2011,ownership,federal_va,Federal: Veterans Affairs,False,True,
2012,2011,center_type,substance_use,Substance use treatment,True,True,
2012,2011,center_type,detoxification,Detoxification,True,True,
2012,2011,center_type,transitional_housing,Transitional housing/halfway house,True,True,
2012,2011,center_type,mental_health,Mental health treatment,True,True,
2012,2011,center_type,cooccurring,Co-occurring mental health and substance use,False,True,
2012,2011,setting,outpatient,Outpatient,True,True,
2012,2011,setting,residential,Residential,True,True,
2012,2011,setting,hospital_inpatient,Hospital inpatient,True,True,
2012,2011,payment,medicare,Medicare,True,True,
2012,2011,payment,medicaid,Medicaid,True,True,
2012,2011,payment,military_insurance,Military insurance,True,True,
2012,2011,payment,private_insurance,Private health insurance,True,True,
2012,2011,payment,self_pay,Cash or self-payment,True,True,
2012,2011,payment,state_financed,State-financed insurance,True,True,
2012,2011,payment,payment_assistance,Payment assistance,True,True,
2012,2011,payment,sliding_fee,Sliding fee scale,True,True,
2012,2011,service_family,substance_use_treatment,Substance use treatment,True,True,
2012,2011,service_family,detoxification,Detoxification,True,True,
2012,2011,service_family,transitional_housing,Transitional housing/halfway house,True,True,
2012,2011,service_family,cooccurring,Co-occurring mental health and substance use treatment,False,True,
2012,2011,service_family,outpatient_treatment,Outpatient treatment,True,True,
2012,2011,service_family,residential_treatment,Residential treatment,True,True,
2012,2011,service_family,hospital_inpatient,Hospital inpatient treatment,True,True,
2012,2011,service_family,opioid_treatment_program,SAMHSA-certified opioid treatment program,False,True,
2012,2011,service_family,methadone,Methadone services,True,True,
2012,2011,service_family,buprenorphine,Buprenorphine services,True,True,
2012,2011,service_family,naltrexone,Naltrexone services,False,True,
2012,2011,service_family,telehealth,Telehealth/telemedicine,False,True,
2012,2011,original_code,AD,Adolescents,True,False,Original SAMHSA directory code; meaning and availability may vary by year.
2012,2011,original_code,AH,Services for deaf and hard of hearing,True,False,Original SAMHSA directory code; meaning and availability may vary by year.
2012,2011,original_code,AR,Access to Recovery voucher,True,False,Original SAMHSA directory code; meaning and availability may vary by year.
2012,2011,original_code,BC,Residential beds for clients’ children,True,False,Original SAMHSA directory code; meaning and availability may vary by year.
2012,2011,original_code,BIA,BIA,True,False,Original SAMHSA directory code; meaning and availability may vary by year.
2012,2011,original_code,BU,Buprenorphine used in treatment,True,False,Original SAMHSA directory code; meaning and availability may vary by year.
2012,2011,original_code,CH,CH,True,False,Original SAMHSA directory code; meaning and availability may vary by year.
2012,2011,original_code,CJ,Criminal justice clients,True,False,Original SAMHSA directory code; meaning and availability may vary by year.
2012,2011,original_code,CO,Persons with co-occurring mental and substance abuse disorders,True,False,Original SAMHSA directory code; meaning and availability may vary by year.
2012,2011,original_code,COA,COA,True,False,Original SAMHSA directory code; meaning and availability may vary by year.
2012,2011,original_code,CT,CT,True,False,Original SAMHSA directory code; meaning and availability may vary by year.
2012,2011,original_code,DM,Methadone detoxification,True,False,Original SAMHSA directory code; meaning and availability may vary by year.
2012,2011,original_code,DT,Detoxification,True,False,Original SAMHSA directory code; meaning and availability may vary by year.
2012,2011,original_code,DU,DUI/DWI offenders,True,False,Original SAMHSA directory code; meaning and availability may vary by year.
2012,2011,original_code,F10,Bosnian F31 Greek F54 Malayalam F80 Swedish,True,False,Original SAMHSA directory code; meaning and availability may vary by year.
2012,2011,original_code,F12,Burmese F33 Gujurati F55 Maltese F81 Tagalog,True,False,Original SAMHSA directory code; meaning and availability may vary by year.
2012,2011,original_code,F15,Chaldean F35 Hebrew F119 Marathi F86 Thai,True,False,Original SAMHSA directory code; meaning and availability may vary by year.
2012,2011,original_code,F16,Chamorro F36 Hindi F58 Mien F88 Turkish,True,False,Original SAMHSA directory code; meaning and availability may vary by year.
2012,2011,original_code,F17,Chinese F37 Hmong F60 Mongolian F89 Ukrainian,True,False,Original SAMHSA directory code; meaning and availability may vary by year.
2012,2011,original_code,F19,Creole F39 Igbo F64 Palauan F91 Urdu,True,False,Original SAMHSA directory code; meaning and availability may vary by year.
2012,2011,original_code,F2,Albanian F27 Finnish F48 Lao F73 Serbian,True,False,Original SAMHSA directory code; meaning and availability may vary by year.
2012,2011,original_code,F21,Czech F40 Ilocano F65 Panjabi F101 Uzbek,True,False,Original SAMHSA directory code; meaning and availability may vary by year.
2012,2011,original_code,F22,Danish F42 Italian F66 Polish F92 Vietnamese,True,False,Original SAMHSA directory code; meaning and availability may vary by year.
2012,2011,original_code,F23,Dutch F44 Khmer F69 Romanian,True,False,Original SAMHSA directory code; meaning and availability may vary by year.
2012,2011,original_code,F25,Farsi F47 Korean F70 Russian,True,False,Original SAMHSA directory code; meaning and availability may vary by year.
2012,2011,original_code,F28,F28,True,False,Original SAMHSA directory code; meaning and availability may vary by year.
2012,2011,original_code,F30,F30,True,False,Original SAMHSA directory code; meaning and availability may vary by year.
2012,2011,original_code,F37,F37,True,False,Original SAMHSA directory code; meaning and availability may vary by year.
2012,2011,original_code,F4,Arabic F28 French F99 Lithuanian F76 Slovak,True,False,Original SAMHSA directory code; meaning and availability may vary by year.
2012,2011,original_code,F42,F42,True,False,Original SAMHSA directory code; meaning and availability may vary by year.
2012,2011,original_code,F47,F47,True,False,Original SAMHSA directory code; meaning and availability may vary by year.
2012,2011,original_code,F5,Armenian F103 Garifuna F52 Macedonian F104 Somali,True,False,Original SAMHSA directory code; meaning and availability may vary by year.
2012,2011,original_code,F66,F66,True,False,Original SAMHSA directory code; meaning and availability may vary by year.
2012,2011,original_code,F67,F67,True,False,Original SAMHSA directory code; meaning and availability may vary by year.
2012,2011,original_code,F70,F70,True,False,Original SAMHSA directory code; meaning and availability may vary by year.
2012,2011,original_code,F81,F81,True,False,Original SAMHSA directory code; meaning and availability may vary by year.
2012,2011,original_code,F9,Bengali F30 German F53 Malay F79 Swahili,True,False,Original SAMHSA directory code; meaning and availability may vary by year.
2012,2011,original_code,F92,F92,True,False,Original SAMHSA directory code; meaning and availability may vary by year.
2012,2011,original_code,F98,Dari F43 Japanese F67 Portuguese F95 Yiddish,True,False,Original SAMHSA directory code; meaning and availability may vary by year.
2012,2011,original_code,GH,General health services,True,False,Original SAMHSA directory code; meaning and availability may vary by year.
2012,2011,original_code,GL,"Lesbian, gay, bisexual, or transgender",True,False,Original SAMHSA directory code; meaning and availability may vary by year.
2012,2011,original_code,HH,Transitional housing or halfway house,True,False,Original SAMHSA directory code; meaning and availability may vary by year.
2012,2011,original_code,HI,Hospital inpatient,True,False,Original SAMHSA directory code; meaning and availability may vary by year.
2012,2011,original_code,HV,Persons with HIV/AIDS,True,False,Original SAMHSA directory code; meaning and availability may vary by year.
2012,2011,original_code,ICO,ICO,True,False,Original SAMHSA directory code; meaning and availability may vary by year.
2012,2011,original_code,ID,ID,True,False,Original SAMHSA directory code; meaning and availability may vary by year.
2012,2011,original_code,IO,IO,True,False,Original SAMHSA directory code; meaning and availability may vary by year.
2012,2011,original_code,MC,Medicare,True,False,Original SAMHSA directory code; meaning and availability may vary by year.
2012,2011,original_code,MD,Medicaid,True,False,Original SAMHSA directory code; meaning and availability may vary by year.
2012,2011,original_code,MH,Mental health services,True,False,Original SAMHSA directory code; meaning and availability may vary by year.
2012,2011,original_code,MH-SA,Mix of mental health and substance abuse services,True,False,Original SAMHSA directory code; meaning and availability may vary by year.
2012,2011,original_code,MHS,MHS,True,False,Original SAMHSA directory code; meaning and availability may vary by year.
2012,2011,original_code,MI,Military insurance,True,False,Original SAMHSA directory code; meaning and availability may vary by year.
2012,2011,original_code,MM,Methadone maintenance,True,False,Original SAMHSA directory code; meaning and availability may vary by year.
2012,2011,original_code,MN,Men,True,False,Original SAMHSA directory code; meaning and availability may vary by year.
2012,2011,original_code,MO,MO,True,False,Original SAMHSA directory code; meaning and availability may vary by year.
2012,2011,original_code,N13,N13,True,False,Original SAMHSA directory code; meaning and availability may vary by year.
2012,2011,original_code,N18,N18,True,False,Original SAMHSA directory code; meaning and availability may vary by year.
2012,2011,original_code,N2,Apache N12 Ho-Chunk N50 Muskogee N66 Wasco-Wishram,True,False,Original SAMHSA directory code; meaning and availability may vary by year.
2012,2011,original_code,N23,N23,True,False,Original SAMHSA directory code; meaning and availability may vary by year.
2012,2011,original_code,N3,Athabascan N14 Hualapai N24 Ojibwa N41 Zuni,True,False,Original SAMHSA directory code; meaning and availability may vary by year.
2012,2011,original_code,N40,N40,True,False,Original SAMHSA directory code; meaning and availability may vary by year.
2012,2011,original_code,N45,Assiniboine N13 Hopi N23 Navajo N40 Yupik,True,False,Original SAMHSA directory code; meaning and availability may vary by year.
2012,2011,original_code,N5,Cheyenne N16 Keres N33 Tewa,True,False,Original SAMHSA directory code; meaning and availability may vary by year.
2012,2011,original_code,N63,Ahtena N60 Gros Ventre N18 Lakota N35 Tohono O’Odham,True,False,Original SAMHSA directory code; meaning and availability may vary by year.
2012,2011,original_code,N64,Blackfoot N15 Inupiatun N28 Passamaquoddy,True,False,Original SAMHSA directory code; meaning and availability may vary by year.
2012,2011,original_code,OD,Outpatient detoxification,True,False,Original SAMHSA directory code; meaning and availability may vary by year.
2012,2011,original_code,OH,OH,True,False,Original SAMHSA directory code; meaning and availability may vary by year.
2012,2011,original_code,OP,Outpatient,True,False,Original SAMHSA directory code; meaning and availability may vary by year.
2012,2011,original_code,OR,OR,True,False,Original SAMHSA directory code; meaning and availability may vary by year.
2012,2011,original_code,OS,OS,True,False,Original SAMHSA directory code; meaning and availability may vary by year.
2012,2011,original_code,OW,OW,True,False,Original SAMHSA directory code; meaning and availability may vary by year.
2012,2011,original_code,PA,Payment assistance,True,False,Original SAMHSA directory code; meaning and availability may vary by year.
2012,2011,original_code,PH,Partial hospitalization/day treatment,True,False,Original SAMHSA directory code; meaning and availability may vary by year.
2012,2011,original_code,PI,Private health insurance,True,False,Original SAMHSA directory code; meaning and availability may vary by year.
2012,2011,original_code,PW,Pregnant/postpartum women,True,False,Original SAMHSA directory code; meaning and availability may vary by year.
2012,2011,original_code,RD,Residential detoxification,True,False,Original SAMHSA directory code; meaning and availability may vary by year.
2012,2011,original_code,RL,Long-term residential,True,False,Original SAMHSA directory code; meaning and availability may vary by year.
2012,2011,original_code,RR,RR,True,False,Original SAMHSA directory code; meaning and availability may vary by year.
2012,2011,original_code,RS,Short-term residential,True,False,Original SAMHSA directory code; meaning and availability may vary by year.
2012,2011,original_code,SA,Substance use treatment,True,False,Original SAMHSA directory code; meaning and availability may vary by year.
2012,2011,original_code,SC,SC,True,False,Original SAMHSA directory code; meaning and availability may vary by year.
2012,2011,original_code,SE,Seniors/older adults,True,False,Original SAMHSA directory code; meaning and availability may vary by year.
2012,2011,original_code,SF,Cash or self-payment,True,False,Original SAMHSA directory code; meaning and availability may vary by year.
2012,2011,original_code,SI,State-financed insurance,True,False,Original SAMHSA directory code; meaning and availability may vary by year.
2012,2011,original_code,SP,Spanish,True,False,Original SAMHSA directory code; meaning and availability may vary by year.
2012,2011,original_code,SS,Sliding fee scale,True,False,Original SAMHSA directory code; meaning and availability may vary by year.
2012,2011,original_code,TA,TA,True,False,Original SAMHSA directory code; meaning and availability may vary by year.
2012,2011,original_code,TC,TC,True,False,Original SAMHSA directory code; meaning and availability may vary by year.
2012,2011,original_code,TX,Substance abuse treatment,True,False,Original SAMHSA directory code; meaning and availability may vary by year.
2012,2011,original_code,WN,Women,True,False,Original SAMHSA directory code; meaning and availability may vary by year.
2012,2011,original_code,WO,WO,True,False,Original SAMHSA directory code; meaning and availability may vary by year.
2013,2012,ownership,private_unspecified,Private (type unspecified),False,False,Earlier directories do not consistently separate private ownership type.
2013,2012,ownership,private_nonprofit,Private nonprofit,False,True,
2013,2012,ownership,private_forprofit,Private for-profit,False,True,
2013,2012,ownership,local_government,Local/county government,False,True,
2013,2012,ownership,state_government,State government,False,True,
2013,2012,ownership,tribal_government,Tribal government,False,True,
2013,2012,ownership,federal_dod,Federal: Department of Defense,False,True,
2013,2012,ownership,federal_ihs,Federal: Indian Health Service,True,True,
2013,2012,ownership,federal_va,Federal: Veterans Affairs,False,True,
2013,2012,center_type,substance_use,Substance use treatment,True,True,
2013,2012,center_type,detoxification,Detoxification,True,True,
2013,2012,center_type,transitional_housing,Transitional housing/halfway house,True,True,
2013,2012,center_type,mental_health,Mental health treatment,True,True,
2013,2012,center_type,cooccurring,Co-occurring mental health and substance use,False,True,
2013,2012,setting,outpatient,Outpatient,True,True,
2013,2012,setting,residential,Residential,True,True,
2013,2012,setting,hospital_inpatient,Hospital inpatient,True,True,
2013,2012,payment,medicare,Medicare,True,True,
2013,2012,payment,medicaid,Medicaid,True,True,
2013,2012,payment,military_insurance,Military insurance,True,True,
2013,2012,payment,private_insurance,Private health insurance,True,True,
2013,2012,payment,self_pay,Cash or self-payment,True,True,
2013,2012,payment,state_financed,State-financed insurance,True,True,
2013,2012,payment,payment_assistance,Payment assistance,True,True,
2013,2012,payment,sliding_fee,Sliding fee scale,True,True,
2013,2012,service_family,substance_use_treatment,Substance use treatment,True,True,
2013,2012,service_family,detoxification,Detoxification,True,True,
2013,2012,service_family,transitional_housing,Transitional housing/halfway house,True,True,
2013,2012,service_family,cooccurring,Co-occurring mental health and substance use treatment,False,True,
2013,2012,service_family,outpatient_treatment,Outpatient treatment,True,True,
2013,2012,service_family,residential_treatment,Residential treatment,True,True,
2013,2012,service_family,hospital_inpatient,Hospital inpatient treatment,True,True,
2013,2012,service_family,opioid_treatment_program,SAMHSA-certified opioid treatment program,False,True,
2013,2012,service_family,methadone,Methadone services,True,True,
2013,2012,service_family,buprenorphine,Buprenorphine services,True,True,
2013,2012,service_family,naltrexone,Naltrexone services,False,True,
2013,2012,service_family,telehealth,Telehealth/telemedicine,False,True,
2013,2012,original_code,AD,Adolescents,True,False,Original SAMHSA directory code; meaning and availability may vary by year.
2013,2012,original_code,AH,Services for deaf and hard of hearing,True,False,Original SAMHSA directory code; meaning and availability may vary by year.
2013,2012,original_code,AR,Access to Recovery voucher,True,False,Original SAMHSA directory code; meaning and availability may vary by year.
2013,2012,original_code,BC,Residential beds for clients’ children,True,False,Original SAMHSA directory code; meaning and availability may vary by year.
2013,2012,original_code,BIA,BIA,True,False,Original SAMHSA directory code; meaning and availability may vary by year.
2013,2012,original_code,BU,Buprenorphine used in treatment,True,False,Original SAMHSA directory code; meaning and availability may vary by year.
2013,2012,original_code,CH,CH,True,False,Original SAMHSA directory code; meaning and availability may vary by year.
2013,2012,original_code,CJ,Criminal justice clients,True,False,Original SAMHSA directory code; meaning and availability may vary by year.
2013,2012,original_code,CO,Persons with co-occurring mental and substance abuse disorders,True,False,Original SAMHSA directory code; meaning and availability may vary by year.
2013,2012,original_code,COA,COA,True,False,Original SAMHSA directory code; meaning and availability may vary by year.
2013,2012,original_code,CT,CT,True,False,Original SAMHSA directory code; meaning and availability may vary by year.
2013,2012,original_code,DM,Methadone detoxification,True,False,Original SAMHSA directory code; meaning and availability may vary by year.
2013,2012,original_code,DT,Detoxification,True,False,Original SAMHSA directory code; meaning and availability may vary by year.
2013,2012,original_code,DU,DUI/DWI offenders,True,False,Original SAMHSA directory code; meaning and availability may vary by year.
2013,2012,original_code,F10,Bosnian F35 Hebrew F58 Mien F82 Tamil,True,False,Original SAMHSA directory code; meaning and availability may vary by year.
2013,2012,original_code,F104,F104,True,False,Original SAMHSA directory code; meaning and availability may vary by year.
2013,2012,original_code,F116,F116,True,False,Original SAMHSA directory code; meaning and availability may vary by year.
2013,2012,original_code,F119,F119,True,False,Original SAMHSA directory code; meaning and availability may vary by year.
2013,2012,original_code,F12,Burmese F36 Hindi F60 Mongolian F86 Thai,True,False,Original SAMHSA directory code; meaning and availability may vary by year.
2013,2012,original_code,F125,F125,True,False,Original SAMHSA directory code; meaning and availability may vary by year.
2013,2012,original_code,F126,Algonquin F27 Finnish F48 Lao F73 Serbian,True,False,Original SAMHSA directory code; meaning and availability may vary by year.
2013,2012,original_code,F127,F127,True,False,Original SAMHSA directory code; meaning and availability may vary by year.
2013,2012,original_code,F130,F130,True,False,Original SAMHSA directory code; meaning and availability may vary by year.
2013,2012,original_code,F15,Chaldean F37 Hmong F125 Napoletano- F87 Tongan,True,False,Original SAMHSA directory code; meaning and availability may vary by year.
2013,2012,original_code,F17,Chinese F116 Icelandic Calabrese F88 Turkish,True,False,Original SAMHSA directory code; meaning and availability may vary by year.
2013,2012,original_code,F19,Creole F39 Igbo F65 Panjabi F89 Ukrainian,True,False,Original SAMHSA directory code; meaning and availability may vary by year.
2013,2012,original_code,F2,Albanian F25 Farsi F47 Korean F70 Russian,True,False,Original SAMHSA directory code; meaning and availability may vary by year.
2013,2012,original_code,F20,Croatian F40 Ilocano F130 Pengo F91 Urdu,True,False,Original SAMHSA directory code; meaning and availability may vary by year.
2013,2012,original_code,F21,Czech F42 Italian F66 Polish F127 Uru,True,False,Original SAMHSA directory code; meaning and availability may vary by year.
2013,2012,original_code,F22,Danish F43 Japanese F67 Portuguese F92 Vietnamese,True,False,Original SAMHSA directory code; meaning and availability may vary by year.
2013,2012,original_code,F23,Dutch F44 Khmer F69 Romanian F94 Yapese,True,False,Original SAMHSA directory code; meaning and availability may vary by year.
2013,2012,original_code,F25,F25,True,False,Original SAMHSA directory code; meaning and availability may vary by year.
2013,2012,original_code,F27,F27,True,False,Original SAMHSA directory code; meaning and availability may vary by year.
2013,2012,original_code,F28,F28,True,False,Original SAMHSA directory code; meaning and availability may vary by year.
2013,2012,original_code,F3,Amharic F28 French F99 Lithuanian F104 Somali,True,False,Original SAMHSA directory code; meaning and availability may vary by year.
2013,2012,original_code,F30,F30,True,False,Original SAMHSA directory code; meaning and availability may vary by year.
2013,2012,original_code,F31,F31,True,False,Original SAMHSA directory code; meaning and availability may vary by year.
2013,2012,original_code,F33,F33,True,False,Original SAMHSA directory code; meaning and availability may vary by year.
2013,2012,original_code,F35,F35,True,False,Original SAMHSA directory code; meaning and availability may vary by year.
2013,2012,original_code,F36,F36,True,False,Original SAMHSA directory code; meaning and availability may vary by year.
2013,2012,original_code,F37,F37,True,False,Original SAMHSA directory code; meaning and availability may vary by year.
2013,2012,original_code,F39,F39,True,False,Original SAMHSA directory code; meaning and availability may vary by year.
2013,2012,original_code,F4,Arabic F30 German F52 Macedonian F79 Swahili,True,False,Original SAMHSA directory code; meaning and availability may vary by year.
2013,2012,original_code,F40,F40,True,False,Original SAMHSA directory code; meaning and availability may vary by year.
2013,2012,original_code,F42,F42,True,False,Original SAMHSA directory code; meaning and availability may vary by year.
2013,2012,original_code,F43,F43,True,False,Original SAMHSA directory code; meaning and availability may vary by year.
2013,2012,original_code,F44,F44,True,False,Original SAMHSA directory code; meaning and availability may vary by year.
2013,2012,original_code,F47,F47,True,False,Original SAMHSA directory code; meaning and availability may vary by year.
2013,2012,original_code,F48,F48,True,False,Original SAMHSA directory code; meaning and availability may vary by year.
2013,2012,original_code,F5,Armenian F31 Greek F56 Mandarin F80 Swedish,True,False,Original SAMHSA directory code; meaning and availability may vary by year.
2013,2012,original_code,F52,F52,True,False,Original SAMHSA directory code; meaning and availability may vary by year.
2013,2012,original_code,F56,F56,True,False,Original SAMHSA directory code; meaning and availability may vary by year.
2013,2012,original_code,F58,F58,True,False,Original SAMHSA directory code; meaning and availability may vary by year.
2013,2012,original_code,F60,F60,True,False,Original SAMHSA directory code; meaning and availability may vary by year.
2013,2012,original_code,F65,F65,True,False,Original SAMHSA directory code; meaning and availability may vary by year.
2013,2012,original_code,F66,F66,True,False,Original SAMHSA directory code; meaning and availability may vary by year.
2013,2012,original_code,F67,F67,True,False,Original SAMHSA directory code; meaning and availability may vary by year.
2013,2012,original_code,F69,F69,True,False,Original SAMHSA directory code; meaning and availability may vary by year.
2013,2012,original_code,F70,F70,True,False,Original SAMHSA directory code; meaning and availability may vary by year.
2013,2012,original_code,F73,F73,True,False,Original SAMHSA directory code; meaning and availability may vary by year.
2013,2012,original_code,F79,F79,True,False,Original SAMHSA directory code; meaning and availability may vary by year.
2013,2012,original_code,F80,F80,True,False,Original SAMHSA directory code; meaning and availability may vary by year.
2013,2012,original_code,F81,F81,True,False,Original SAMHSA directory code; meaning and availability may vary by year.
2013,2012,original_code,F82,F82,True,False,Original SAMHSA directory code; meaning and availability may vary by year.
2013,2012,original_code,F86,F86,True,False,Original SAMHSA directory code; meaning and availability may vary by year.
2013,2012,original_code,F87,F87,True,False,Original SAMHSA directory code; meaning and availability may vary by year.
2013,2012,original_code,F88,F88,True,False,Original SAMHSA directory code; meaning and availability may vary by year.
2013,2012,original_code,F89,F89,True,False,Original SAMHSA directory code; meaning and availability may vary by year.
2013,2012,original_code,F9,Bengali F33 Gujurati F119 Marathi F81 Tagalog,True,False,Original SAMHSA directory code; meaning and availability may vary by year.
2013,2012,original_code,F91,F91,True,False,Original SAMHSA directory code; meaning and availability may vary by year.
2013,2012,original_code,F92,F92,True,False,Original SAMHSA directory code; meaning and availability may vary by year.
2013,2012,original_code,F94,F94,True,False,Original SAMHSA directory code; meaning and availability may vary by year.
2013,2012,original_code,F99,F99,True,False,Original SAMHSA directory code; meaning and availability may vary by year.
2013,2012,original_code,GH,General health services,True,False,Original SAMHSA directory code; meaning and availability may vary by year.
2013,2012,original_code,GL,"Lesbian, gay, bisexual, or transgender",True,False,Original SAMHSA directory code; meaning and availability may vary by year.
2013,2012,original_code,HH,Transitional housing or halfway house,True,False,Original SAMHSA directory code; meaning and availability may vary by year.
2013,2012,original_code,HI,Hospital inpatient,True,False,Original SAMHSA directory code; meaning and availability may vary by year.
2013,2012,original_code,HV,Persons with HIV/AIDS,True,False,Original SAMHSA directory code; meaning and availability may vary by year.
2013,2012,original_code,ICO,ICO,True,False,Original SAMHSA directory code; meaning and availability may vary by year.
2013,2012,original_code,ID,ID,True,False,Original SAMHSA directory code; meaning and availability may vary by year.
2013,2012,original_code,IH,Indian Health Service,True,False,Original SAMHSA directory code; meaning and availability may vary by year.
2013,2012,original_code,IO,IO,True,False,Original SAMHSA directory code; meaning and availability may vary by year.
2013,2012,original_code,MC,Medicare,True,False,Original SAMHSA directory code; meaning and availability may vary by year.
2013,2012,original_code,MD,Medicaid,True,False,Original SAMHSA directory code; meaning and availability may vary by year.
2013,2012,original_code,MH,Mental health services,True,False,Original SAMHSA directory code; meaning and availability may vary by year.
2013,2012,original_code,MH-SA,Mix of mental health and substance abuse services,True,False,Original SAMHSA directory code; meaning and availability may vary by year.
2013,2012,original_code,MHS,MHS,True,False,Original SAMHSA directory code; meaning and availability may vary by year.
2013,2012,original_code,MI,Military insurance,True,False,Original SAMHSA directory code; meaning and availability may vary by year.
2013,2012,original_code,MM,Methadone maintenance,True,False,Original SAMHSA directory code; meaning and availability may vary by year.
2013,2012,original_code,MN,Men,True,False,Original SAMHSA directory code; meaning and availability may vary by year.
2013,2012,original_code,MO,MO,True,False,Original SAMHSA directory code; meaning and availability may vary by year.
2013,2012,original_code,N10,Dakota N18 Lakota N49 Tiwa,True,False,Original SAMHSA directory code; meaning and availability may vary by year.
2013,2012,original_code,N13,N13,True,False,Original SAMHSA directory code; meaning and availability may vary by year.
2013,2012,original_code,N14,N14,True,False,Original SAMHSA directory code; meaning and availability may vary by year.
2013,2012,original_code,N15,N15,True,False,Original SAMHSA directory code; meaning and availability may vary by year.
2013,2012,original_code,N16,N16,True,False,Original SAMHSA directory code; meaning and availability may vary by year.
2013,2012,original_code,N18,N18,True,False,Original SAMHSA directory code; meaning and availability may vary by year.
2013,2012,original_code,N2,Apache N68 Havasupai-Walapai- N23 Navajo N35 Tohono O’Odham,True,False,Original SAMHSA directory code; meaning and availability may vary by year.
2013,2012,original_code,N23,N23,True,False,Original SAMHSA directory code; meaning and availability may vary by year.
2013,2012,original_code,N24,N24,True,False,Original SAMHSA directory code; meaning and availability may vary by year.
2013,2012,original_code,N28,N28,True,False,Original SAMHSA directory code; meaning and availability may vary by year.
2013,2012,original_code,N3,Athabascan Yavapai N24 Ojibwa N36 Towa,True,False,Original SAMHSA directory code; meaning and availability may vary by year.
2013,2012,original_code,N30,N30,True,False,Original SAMHSA directory code; meaning and availability may vary by year.
2013,2012,original_code,N32,N32,True,False,Original SAMHSA directory code; meaning and availability may vary by year.
2013,2012,original_code,N33,N33,True,False,Original SAMHSA directory code; meaning and availability may vary by year.
2013,2012,original_code,N35,N35,True,False,Original SAMHSA directory code; meaning and availability may vary by year.
2013,2012,original_code,N36,N36,True,False,Original SAMHSA directory code; meaning and availability may vary by year.
2013,2012,original_code,N39,N39,True,False,Original SAMHSA directory code; meaning and availability may vary by year.
2013,2012,original_code,N4,Cherokee N14 Hualapai N30 Salish N39 Yaqui,True,False,Original SAMHSA directory code; meaning and availability may vary by year.
2013,2012,original_code,N40,N40,True,False,Original SAMHSA directory code; meaning and availability may vary by year.
2013,2012,original_code,N41,N41,True,False,Original SAMHSA directory code; meaning and availability may vary by year.
2013,2012,original_code,N49,N49,True,False,Original SAMHSA directory code; meaning and availability may vary by year.
2013,2012,original_code,N5,Cheyenne N70 Inuktitut N32 Shoshoni N40 Yupik,True,False,Original SAMHSA directory code; meaning and availability may vary by year.
2013,2012,original_code,N54,N54,True,False,Original SAMHSA directory code; meaning and availability may vary by year.
2013,2012,original_code,N6,Choctaw N15 Inupiatun N54 Tenino N41 Zuni,True,False,Original SAMHSA directory code; meaning and availability may vary by year.
2013,2012,original_code,N64,Blackfoot N13 Hopi N28 Passamaquoddy N69 Tututni,True,False,Original SAMHSA directory code; meaning and availability may vary by year.
2013,2012,original_code,N68,N68,True,False,Original SAMHSA directory code; meaning and availability may vary by year.
2013,2012,original_code,N69,N69,True,False,Original SAMHSA directory code; meaning and availability may vary by year.
2013,2012,original_code,N70,N70,True,False,Original SAMHSA directory code; meaning and availability may vary by year.
2013,2012,original_code,N9,Crow N16 Keres N33 Tewa,True,False,Original SAMHSA directory code; meaning and availability may vary by year.
2013,2012,original_code,OD,Outpatient detoxification,True,False,Original SAMHSA directory code; meaning and availability may vary by year.
2013,2012,original_code,OH,OH,True,False,Original SAMHSA directory code; meaning and availability may vary by year.
2013,2012,original_code,OP,Outpatient,True,False,Original SAMHSA directory code; meaning and availability may vary by year.
2013,2012,original_code,OR,OR,True,False,Original SAMHSA directory code; meaning and availability may vary by year.
2013,2012,original_code,OS,OS,True,False,Original SAMHSA directory code; meaning and availability may vary by year.
2013,2012,original_code,OW,OW,True,False,Original SAMHSA directory code; meaning and availability may vary by year.
2013,2012,original_code,PA,Payment assistance,True,False,Original SAMHSA directory code; meaning and availability may vary by year.
2013,2012,original_code,PH,Partial hospitalization/day treatment,True,False,Original SAMHSA directory code; meaning and availability may vary by year.
2013,2012,original_code,PI,Private health insurance,True,False,Original SAMHSA directory code; meaning and availability may vary by year.
2013,2012,original_code,PW,Pregnant/postpartum women,True,False,Original SAMHSA directory code; meaning and availability may vary by year.
2013,2012,original_code,RD,Residential detoxification,True,False,Original SAMHSA directory code; meaning and availability may vary by year.
2013,2012,original_code,RL,Long-term residential,True,False,Original SAMHSA directory code; meaning and availability may vary by year.
2013,2012,original_code,RR,RR,True,False,Original SAMHSA directory code; meaning and availability may vary by year.
2013,2012,original_code,RS,Short-term residential,True,False,Original SAMHSA directory code; meaning and availability may vary by year.
2013,2012,original_code,SA,Substance use treatment,True,False,Original SAMHSA directory code; meaning and availability may vary by year.
2013,2012,original_code,SC,Department of Alcohol and Other Drug Abuse Div of Substance Abuse and Mental Health,True,False,Original SAMHSA directory code; meaning and availability may vary by year.
2013,2012,original_code,SE,Seniors/older adults,True,False,Original SAMHSA directory code; meaning and availability may vary by year.
2013,2012,original_code,SF,Cash or self-payment,True,False,Original SAMHSA directory code; meaning and availability may vary by year.
2013,2012,original_code,SI,State-financed insurance,True,False,Original SAMHSA directory code; meaning and availability may vary by year.
2013,2012,original_code,SP,Spanish,True,False,Original SAMHSA directory code; meaning and availability may vary by year.
2013,2012,original_code,SS,Sliding fee scale,True,False,Original SAMHSA directory code; meaning and availability may vary by year.
2013,2012,original_code,TA,TA,True,False,Original SAMHSA directory code; meaning and availability may vary by year.
2013,2012,original_code,TC,TC,True,False,Original SAMHSA directory code; meaning and availability may vary by year.
2013,2012,original_code,TX,Substance abuse treatment,True,False,Original SAMHSA directory code; meaning and availability may vary by year.
2013,2012,original_code,WN,Women,True,False,Original SAMHSA directory code; meaning and availability may vary by year.
2013,2012,original_code,WO,WO,True,False,Original SAMHSA directory code; meaning and availability may vary by year.
2014,2013,ownership,private_unspecified,Private (type unspecified),False,False,Earlier directories do not consistently separate private ownership type.
2014,2013,ownership,private_nonprofit,Private nonprofit,False,True,
2014,2013,ownership,private_forprofit,Private for-profit,False,True,
2014,2013,ownership,local_government,Local/county government,False,True,
2014,2013,ownership,state_government,State government,False,True,
2014,2013,ownership,tribal_government,Tribal government,False,True,
2014,2013,ownership,federal_dod,Federal: Department of Defense,False,True,
2014,2013,ownership,federal_ihs,Federal: Indian Health Service,True,True,
2014,2013,ownership,federal_va,Federal: Veterans Affairs,True,True,
2014,2013,center_type,substance_use,Substance use treatment,True,True,
2014,2013,center_type,detoxification,Detoxification,True,True,
2014,2013,center_type,transitional_housing,Transitional housing/halfway house,True,True,
2014,2013,center_type,mental_health,Mental health treatment,False,True,
2014,2013,center_type,cooccurring,Co-occurring mental health and substance use,False,True,
2014,2013,setting,outpatient,Outpatient,True,True,
2014,2013,setting,residential,Residential,True,True,
2014,2013,setting,hospital_inpatient,Hospital inpatient,True,True,
2014,2013,payment,medicare,Medicare,True,True,
2014,2013,payment,medicaid,Medicaid,True,True,
2014,2013,payment,military_insurance,Military insurance,True,True,
2014,2013,payment,private_insurance,Private health insurance,True,True,
2014,2013,payment,self_pay,Cash or self-payment,True,True,
2014,2013,payment,state_financed,State-financed insurance,True,True,
2014,2013,payment,payment_assistance,Payment assistance,True,True,
2014,2013,payment,sliding_fee,Sliding fee scale,True,True,
2014,2013,service_family,substance_use_treatment,Substance use treatment,True,True,
2014,2013,service_family,detoxification,Detoxification,True,True,
2014,2013,service_family,transitional_housing,Transitional housing/halfway house,True,True,
2014,2013,service_family,cooccurring,Co-occurring mental health and substance use treatment,False,True,
2014,2013,service_family,outpatient_treatment,Outpatient treatment,True,True,
2014,2013,service_family,residential_treatment,Residential treatment,True,True,
2014,2013,service_family,hospital_inpatient,Hospital inpatient treatment,True,True,
2014,2013,service_family,opioid_treatment_program,SAMHSA-certified opioid treatment program,False,True,
2014,2013,service_family,methadone,Methadone services,True,True,
2014,2013,service_family,buprenorphine,Buprenorphine services,True,True,
2014,2013,service_family,naltrexone,Naltrexone services,True,True,
2014,2013,service_family,telehealth,Telehealth/telemedicine,False,True,
2014,2013,original_code,AD,Adolescents,True,False,Original SAMHSA directory code; meaning and availability may vary by year.
2014,2013,original_code,ADLT,ADLT,True,False,Original SAMHSA directory code; meaning and availability may vary by year.
2014,2013,original_code,ADM,Active duty military,True,False,Original SAMHSA directory code; meaning and availability may vary by year.
2014,2013,original_code,AH,Services for deaf and hard of hearing,True,False,Original SAMHSA directory code; meaning and availability may vary by year.
2014,2013,original_code,AR,AR,True,False,Original SAMHSA directory code; meaning and availability may vary by year.
2014,2013,original_code,ATR,Access to Recovery (ATR) Voucher,True,False,Original SAMHSA directory code; meaning and availability may vary by year.
2014,2013,original_code,BC,Residential beds for client’s children,True,False,Original SAMHSA directory code; meaning and availability may vary by year.
2014,2013,original_code,BIA,BIA,True,False,Original SAMHSA directory code; meaning and availability may vary by year.
2014,2013,original_code,BU,Buprenorphine used in treatment,True,False,Original SAMHSA directory code; meaning and availability may vary by year.
2014,2013,original_code,CH,CH,True,False,Original SAMHSA directory code; meaning and availability may vary by year.
2014,2013,original_code,CHLD,CHLD,True,False,Original SAMHSA directory code; meaning and availability may vary by year.
2014,2013,original_code,CJ,Clients referred from the court/judicial,True,False,Original SAMHSA directory code; meaning and availability may vary by year.
2014,2013,original_code,CO,Persons with co-occurring mental and,True,False,Original SAMHSA directory code; meaning and availability may vary by year.
2014,2013,original_code,COA,COA,True,False,Original SAMHSA directory code; meaning and availability may vary by year.
2014,2013,original_code,CT,Computerized Treatment,True,False,Original SAMHSA directory code; meaning and availability may vary by year.
2014,2013,original_code,DM,Methadone detoxification,True,False,Original SAMHSA directory code; meaning and availability may vary by year.
2014,2013,original_code,DT,Detoxification,True,False,Original SAMHSA directory code; meaning and availability may vary by year.
2014,2013,original_code,DU,DU,True,False,Original SAMHSA directory code; meaning and availability may vary by year.
2014,2013,original_code,DV,Persons who have experienced intimate,True,False,Original SAMHSA directory code; meaning and availability may vary by year.
2014,2013,original_code,F10,Bosnian F34 Hawaiian F60 Mongolian F82 Tamil,True,False,Original SAMHSA directory code; meaning and availability may vary by year.
2014,2013,original_code,F11,Bulgarian F35 Hebrew F125 Napoletano- F86 Thai,True,False,Original SAMHSA directory code; meaning and availability may vary by year.
2014,2013,original_code,F12,Alogonquin F25 Farsi F99 Lithuanian F71 Samoan,True,False,Original SAMHSA directory code; meaning and availability may vary by year.
2014,2013,original_code,F15,Chaldean F37 Hmong F61 Nepali F88 Turkish,True,False,Original SAMHSA directory code; meaning and availability may vary by year.
2014,2013,original_code,F16,Chamorro F39 Igbo F62 Nigerian F89 Ukranian,True,False,Original SAMHSA directory code; meaning and availability may vary by year.
2014,2013,original_code,F17,Chinese F40 Ilocano F64 Palauani F91 Urdu,True,False,Original SAMHSA directory code; meaning and availability may vary by year.
2014,2013,original_code,F19,Creole F42 Italian F65 Pajabi F127 Uru,True,False,Original SAMHSA directory code; meaning and availability may vary by year.
2014,2013,original_code,F2,Albanian F23 Dutch F48 Lao F70 Russian,True,False,Original SAMHSA directory code; meaning and availability may vary by year.
2014,2013,original_code,F20,Croation F43 Japanese F66 Polish F92 Vietnamese,True,False,Original SAMHSA directory code; meaning and availability may vary by year.
2014,2013,original_code,F21,F21,True,False,Original SAMHSA directory code; meaning and availability may vary by year.
2014,2013,original_code,F22,Danish F44 Khmer F67 Portuguese F94 Yapese,True,False,Original SAMHSA directory code; meaning and availability may vary by year.
2014,2013,original_code,F25,F25,True,False,Original SAMHSA directory code; meaning and availability may vary by year.
2014,2013,original_code,F28,F28,True,False,Original SAMHSA directory code; meaning and availability may vary by year.
2014,2013,original_code,F3,Amharic F27 Finnish F52 Macedonian F73 Serbian,True,False,Original SAMHSA directory code; meaning and availability may vary by year.
2014,2013,original_code,F30,F30,True,False,Original SAMHSA directory code; meaning and availability may vary by year.
2014,2013,original_code,F31,F31,True,False,Original SAMHSA directory code; meaning and availability may vary by year.
2014,2013,original_code,F33,F33,True,False,Original SAMHSA directory code; meaning and availability may vary by year.
2014,2013,original_code,F35,F35,True,False,Original SAMHSA directory code; meaning and availability may vary by year.
2014,2013,original_code,F36,F36,True,False,Original SAMHSA directory code; meaning and availability may vary by year.
2014,2013,original_code,F37,F37,True,False,Original SAMHSA directory code; meaning and availability may vary by year.
2014,2013,original_code,F4,Arabic F28 French F53 Malay F104 Somali,True,False,Original SAMHSA directory code; meaning and availability may vary by year.
2014,2013,original_code,F40,F40,True,False,Original SAMHSA directory code; meaning and availability may vary by year.
2014,2013,original_code,F42,F42,True,False,Original SAMHSA directory code; meaning and availability may vary by year.
2014,2013,original_code,F43,F43,True,False,Original SAMHSA directory code; meaning and availability may vary by year.
2014,2013,original_code,F44,F44,True,False,Original SAMHSA directory code; meaning and availability may vary by year.
2014,2013,original_code,F47,F47,True,False,Original SAMHSA directory code; meaning and availability may vary by year.
2014,2013,original_code,F48,F48,True,False,Original SAMHSA directory code; meaning and availability may vary by year.
2014,2013,original_code,F5,Armenian F30 German F56 Mandarin F79 Swahili,True,False,Original SAMHSA directory code; meaning and availability may vary by year.
2014,2013,original_code,F52,F52,True,False,Original SAMHSA directory code; meaning and availability may vary by year.
2014,2013,original_code,F53,F53,True,False,Original SAMHSA directory code; meaning and availability may vary by year.
2014,2013,original_code,F56,F56,True,False,Original SAMHSA directory code; meaning and availability may vary by year.
2014,2013,original_code,F58,F58,True,False,Original SAMHSA directory code; meaning and availability may vary by year.
2014,2013,original_code,F62,F62,True,False,Original SAMHSA directory code; meaning and availability may vary by year.
2014,2013,original_code,F65,F65,True,False,Original SAMHSA directory code; meaning and availability may vary by year.
2014,2013,original_code,F66,F66,True,False,Original SAMHSA directory code; meaning and availability may vary by year.
2014,2013,original_code,F67,F67,True,False,Original SAMHSA directory code; meaning and availability may vary by year.
2014,2013,original_code,F69,F69,True,False,Original SAMHSA directory code; meaning and availability may vary by year.
2014,2013,original_code,F70,F70,True,False,Original SAMHSA directory code; meaning and availability may vary by year.
2014,2013,original_code,F71,F71,True,False,Original SAMHSA directory code; meaning and availability may vary by year.
2014,2013,original_code,F79,F79,True,False,Original SAMHSA directory code; meaning and availability may vary by year.
2014,2013,original_code,F8,Belarusan F31 Greek F119 Marathi F80 Swedish,True,False,Original SAMHSA directory code; meaning and availability may vary by year.
2014,2013,original_code,F81,F81,True,False,Original SAMHSA directory code; meaning and availability may vary by year.
2014,2013,original_code,F86,F86,True,False,Original SAMHSA directory code; meaning and availability may vary by year.
2014,2013,original_code,F9,Bengali F33 Gujurati F58 Mien F81 Tagalog,True,False,Original SAMHSA directory code; meaning and availability may vary by year.
2014,2013,original_code,F92,F92,True,False,Original SAMHSA directory code; meaning and availability may vary by year.
2014,2013,original_code,F98,Dari F47 Korean F69 Romanian,True,False,Original SAMHSA directory code; meaning and availability may vary by year.
2014,2013,original_code,FX,Other languages,True,False,Original SAMHSA directory code; meaning and availability may vary by year.
2014,2013,original_code,GH,GH,True,False,Original SAMHSA directory code; meaning and availability may vary by year.
2014,2013,original_code,GL,"Lesbian, gay, bisexual, or transgender",True,False,Original SAMHSA directory code; meaning and availability may vary by year.
2014,2013,original_code,HH,Transitional housing or halfway house,True,False,Original SAMHSA directory code; meaning and availability may vary by year.
2014,2013,original_code,HI,Hospital inpatient,True,False,Original SAMHSA directory code; meaning and availability may vary by year.
2014,2013,original_code,HID,Hospital Inpatient Detoxification,True,False,Original SAMHSA directory code; meaning and availability may vary by year.
2014,2013,original_code,HIT,Hospital Inpatient Treatment,True,False,Original SAMHSA directory code; meaning and availability may vary by year.
2014,2013,original_code,HV,Persons with HIV or AIDS,True,False,Original SAMHSA directory code; meaning and availability may vary by year.
2014,2013,original_code,ICO,ICO,True,False,Original SAMHSA directory code; meaning and availability may vary by year.
2014,2013,original_code,ID,ID,True,False,Original SAMHSA directory code; meaning and availability may vary by year.
2014,2013,original_code,IHS,IHS/638 Contract Care Funds,True,False,Original SAMHSA directory code; meaning and availability may vary by year.
2014,2013,original_code,IO,IO,True,False,Original SAMHSA directory code; meaning and availability may vary by year.
2014,2013,original_code,MC,Medicare,True,False,Original SAMHSA directory code; meaning and availability may vary by year.
2014,2013,original_code,MD,Medicaid,True,False,Original SAMHSA directory code; meaning and availability may vary by year.
2014,2013,original_code,MF,Military families,True,False,Original SAMHSA directory code; meaning and availability may vary by year.
2014,2013,original_code,MI,Military insurance,True,False,Original SAMHSA directory code; meaning and availability may vary by year.
2014,2013,original_code,ML,ML,True,False,Original SAMHSA directory code; meaning and availability may vary by year.
2014,2013,original_code,MM,Methadone maintenance,True,False,Original SAMHSA directory code; meaning and availability may vary by year.
2014,2013,original_code,MN,Adult men,True,False,Original SAMHSA directory code; meaning and availability may vary by year.
2014,2013,original_code,MO,MO,True,False,Original SAMHSA directory code; meaning and availability may vary by year.
2014,2013,original_code,N13,N13,True,False,Original SAMHSA directory code; meaning and availability may vary by year.
2014,2013,original_code,N16,N16,True,False,Original SAMHSA directory code; meaning and availability may vary by year.
2014,2013,original_code,N18,N18,True,False,Original SAMHSA directory code; meaning and availability may vary by year.
2014,2013,original_code,N2,Apache N10 Dakota N18 Lakota N33 Tewa,True,False,Original SAMHSA directory code; meaning and availability may vary by year.
2014,2013,original_code,N23,N23,True,False,Original SAMHSA directory code; meaning and availability may vary by year.
2014,2013,original_code,N3,Athabascan N68 Havasupai- N22 Mohawk N35 Tohono O’odham,True,False,Original SAMHSA directory code; meaning and availability may vary by year.
2014,2013,original_code,N4,Cherokee N13 Hopi N24 Ojibwa N69 Tututni,True,False,Original SAMHSA directory code; meaning and availability may vary by year.
2014,2013,original_code,N5,Cheyenne N14 Hualapai N26 Ottawa N39 Yaqui,True,False,Original SAMHSA directory code; meaning and availability may vary by year.
2014,2013,original_code,N6,Choctaw N15 Inupiatun N28 Passamaquoddy N40 Yupik,True,False,Original SAMHSA directory code; meaning and availability may vary by year.
2014,2013,original_code,N63,Ahtena N9 Crow N16 Keres N32 Shoshoni,True,False,Original SAMHSA directory code; meaning and availability may vary by year.
2014,2013,original_code,N64,Blackfoot Walapai-Yavapai N23 Navajo N36 Towa,True,False,Original SAMHSA directory code; meaning and availability may vary by year.
2014,2013,original_code,N8,Cree Inuktitut N30 Salish N41 Zuni,True,False,Original SAMHSA directory code; meaning and availability may vary by year.
2014,2013,original_code,NP,No payment accepted YAD Young adults,True,False,Original SAMHSA directory code; meaning and availability may vary by year.
2014,2013,original_code,NX,American Indian or Alaska Native languages,True,False,Original SAMHSA directory code; meaning and availability may vary by year.
2014,2013,original_code,NXN,Naltrexone (oral) details),True,False,Original SAMHSA directory code; meaning and availability may vary by year.
2014,2013,original_code,OD,Outpatient detoxification,True,False,Original SAMHSA directory code; meaning and availability may vary by year.
2014,2013,original_code,ODT,Outpatient day treatment,True,False,Original SAMHSA directory code; meaning and availability may vary by year.
2014,2013,original_code,OH,OH,True,False,Original SAMHSA directory code; meaning and availability may vary by year.
2014,2013,original_code,OIT,Intensive outpatient treatment,True,False,Original SAMHSA directory code; meaning and availability may vary by year.
2014,2013,original_code,OMB,Outpatient medication treatment,True,False,Original SAMHSA directory code; meaning and availability may vary by year.
2014,2013,original_code,OP,Outpatient,True,False,Original SAMHSA directory code; meaning and availability may vary by year.
2014,2013,original_code,OR,OR,True,False,Original SAMHSA directory code; meaning and availability may vary by year.
2014,2013,original_code,ORT,Regular outpatient treatment,True,False,Original SAMHSA directory code; meaning and availability may vary by year.
2014,2013,original_code,OS,OS,True,False,Original SAMHSA directory code; meaning and availability may vary by year.
2014,2013,original_code,OTPA,All clients in Opioid treatment program SS Sliding fee scale (Fee is based on income and,True,False,Original SAMHSA directory code; meaning and availability may vary by year.
2014,2013,original_code,OW,OW,True,False,Original SAMHSA directory code; meaning and availability may vary by year.
2014,2013,original_code,PA,Payment assistance,True,False,Original SAMHSA directory code; meaning and availability may vary by year.
2014,2013,original_code,PH,Partial hospitalization/day treatment,True,False,Original SAMHSA directory code; meaning and availability may vary by year.
2014,2013,original_code,PI,Private health insurance,True,False,Original SAMHSA directory code; meaning and availability may vary by year.
2014,2013,original_code,PW,PW,True,False,Original SAMHSA directory code; meaning and availability may vary by year.
2014,2013,original_code,RD,Residential detoxification,True,False,Original SAMHSA directory code; meaning and availability may vary by year.
2014,2013,original_code,RES,Residential,True,False,Original SAMHSA directory code; meaning and availability may vary by year.
2014,2013,original_code,RL,Long-term residential,True,False,Original SAMHSA directory code; meaning and availability may vary by year.
2014,2013,original_code,RR,RR,True,False,Original SAMHSA directory code; meaning and availability may vary by year.
2014,2013,original_code,RS,Short-term residential,True,False,Original SAMHSA directory code; meaning and availability may vary by year.
2014,2013,original_code,SA,Substance use treatment,True,False,Original SAMHSA directory code; meaning and availability may vary by year.
2014,2013,original_code,SC,Dept of Alcohol & Other Drug Abuse Srvs,True,False,Original SAMHSA directory code; meaning and availability may vary by year.
2014,2013,original_code,SE,SE,True,False,Original SAMHSA directory code; meaning and availability may vary by year.
2014,2013,original_code,SF,Cash or self-payment,True,False,Original SAMHSA directory code; meaning and availability may vary by year.
2014,2013,original_code,SI,State-financed insurance,True,False,Original SAMHSA directory code; meaning and availability may vary by year.
2014,2013,original_code,SP,Spanish,True,False,Original SAMHSA directory code; meaning and availability may vary by year.
2014,2013,original_code,SS,Sliding fee scale,True,False,Original SAMHSA directory code; meaning and availability may vary by year.
2014,2013,original_code,TA,TA,True,False,Original SAMHSA directory code; meaning and availability may vary by year.
2014,2013,original_code,TC,TC,True,False,Original SAMHSA directory code; meaning and availability may vary by year.
2014,2013,original_code,TRMA,Persons who have experienced trauma,True,False,Original SAMHSA directory code; meaning and availability may vary by year.
2014,2013,original_code,VAMC,Department of Veterans Affairs,True,False,Original SAMHSA directory code; meaning and availability may vary by year.
2014,2013,original_code,VET,Veterans,True,False,Original SAMHSA directory code; meaning and availability may vary by year.
2014,2013,original_code,VTRL,Vivitrol (injectable Naltrexone),True,False,Original SAMHSA directory code; meaning and availability may vary by year.
2014,2013,original_code,WN,Adult women,True,False,Original SAMHSA directory code; meaning and availability may vary by year.
2014,2013,original_code,WO,WO,True,False,Original SAMHSA directory code; meaning and availability may vary by year.
2014,2013,original_code,XA,Persons who have experienced sexual abuse,True,False,Original SAMHSA directory code; meaning and availability may vary by year.
2014,2013,original_code,YAD,YAD,True,False,Original SAMHSA directory code; meaning and availability may vary by year.
2015,2014,ownership,private_unspecified,Private (type unspecified),False,False,Earlier directories do not consistently separate private ownership type.
2015,2014,ownership,private_nonprofit,Private nonprofit,False,True,
2015,2014,ownership,private_forprofit,Private for-profit,False,True,
2015,2014,ownership,local_government,Local/county government,False,True,
2015,2014,ownership,state_government,State government,False,True,
2015,2014,ownership,tribal_government,Tribal government,False,True,
2015,2014,ownership,federal_dod,Federal: Department of Defense,False,True,
2015,2014,ownership,federal_ihs,Federal: Indian Health Service,True,True,
2015,2014,ownership,federal_va,Federal: Veterans Affairs,True,True,
2015,2014,center_type,substance_use,Substance use treatment,True,True,
2015,2014,center_type,detoxification,Detoxification,True,True,
2015,2014,center_type,transitional_housing,Transitional housing/halfway house,True,True,
2015,2014,center_type,mental_health,Mental health treatment,True,True,
2015,2014,center_type,cooccurring,Co-occurring mental health and substance use,False,True,
2015,2014,setting,outpatient,Outpatient,True,True,
2015,2014,setting,residential,Residential,True,True,
2015,2014,setting,hospital_inpatient,Hospital inpatient,True,True,
2015,2014,payment,medicare,Medicare,True,True,
2015,2014,payment,medicaid,Medicaid,True,True,
2015,2014,payment,military_insurance,Military insurance,True,True,
2015,2014,payment,private_insurance,Private health insurance,True,True,
2015,2014,payment,self_pay,Cash or self-payment,True,True,
2015,2014,payment,state_financed,State-financed insurance,True,True,
2015,2014,payment,payment_assistance,Payment assistance,True,True,
2015,2014,payment,sliding_fee,Sliding fee scale,True,True,
2015,2014,service_family,substance_use_treatment,Substance use treatment,True,True,
2015,2014,service_family,detoxification,Detoxification,True,True,
2015,2014,service_family,transitional_housing,Transitional housing/halfway house,True,True,
2015,2014,service_family,cooccurring,Co-occurring mental health and substance use treatment,False,True,
2015,2014,service_family,outpatient_treatment,Outpatient treatment,True,True,
2015,2014,service_family,residential_treatment,Residential treatment,True,True,
2015,2014,service_family,hospital_inpatient,Hospital inpatient treatment,True,True,
2015,2014,service_family,opioid_treatment_program,SAMHSA-certified opioid treatment program,True,True,
2015,2014,service_family,methadone,Methadone services,True,True,
2015,2014,service_family,buprenorphine,Buprenorphine services,True,True,
2015,2014,service_family,naltrexone,Naltrexone services,True,True,
2015,2014,service_family,telehealth,Telehealth/telemedicine,False,True,
2015,2014,original_code,AD,AD,True,False,Original SAMHSA directory code; meaning and availability may vary by year.
2015,2014,original_code,ADLT,Adults,True,False,Original SAMHSA directory code; meaning and availability may vary by year.
2015,2014,original_code,ADM,ADM,True,False,Original SAMHSA directory code; meaning and availability may vary by year.
2015,2014,original_code,AH,Services for deaf and hard of hearing,True,False,Original SAMHSA directory code; meaning and availability may vary by year.
2015,2014,original_code,AR,AR,True,False,Original SAMHSA directory code; meaning and availability may vary by year.
2015,2014,original_code,ATR,Access to Recovery (ATR) Voucher,True,False,Original SAMHSA directory code; meaning and availability may vary by year.
2015,2014,original_code,BC,BC,True,False,Original SAMHSA directory code; meaning and availability may vary by year.
2015,2014,original_code,BIA,BIA,True,False,Original SAMHSA directory code; meaning and availability may vary by year.
2015,2014,original_code,BMO,Methadone and Buprenorphine Clients,True,False,Original SAMHSA directory code; meaning and availability may vary by year.
2015,2014,original_code,BU,Buprenorphine used in treatment,True,False,Original SAMHSA directory code; meaning and availability may vary by year.
2015,2014,original_code,CH,CH,True,False,Original SAMHSA directory code; meaning and availability may vary by year.
2015,2014,original_code,CHLD,Children/Adolescents,True,False,Original SAMHSA directory code; meaning and availability may vary by year.
2015,2014,original_code,CJ,CJ,True,False,Original SAMHSA directory code; meaning and availability may vary by year.
2015,2014,original_code,CO,CO,True,False,Original SAMHSA directory code; meaning and availability may vary by year.
2015,2014,original_code,COA,COA,True,False,Original SAMHSA directory code; meaning and availability may vary by year.
2015,2014,original_code,CT,Computerized Treatment,True,False,Original SAMHSA directory code; meaning and availability may vary by year.
2015,2014,original_code,DM,Methadone detoxification,True,False,Original SAMHSA directory code; meaning and availability may vary by year.
2015,2014,original_code,DT,Detoxification,True,False,Original SAMHSA directory code; meaning and availability may vary by year.
2015,2014,original_code,DU,DUI/DWI Clients,True,False,Original SAMHSA directory code; meaning and availability may vary by year.
2015,2014,original_code,DUO,DUI/DWI Clients Only,True,False,Original SAMHSA directory code; meaning and availability may vary by year.
2015,2014,original_code,DV,Persons who have Experienced Intimate,True,False,Original SAMHSA directory code; meaning and availability may vary by year.
2015,2014,original_code,F10,Bosnian F108 Hausa F119 Marathi F86 Thai,True,False,Original SAMHSA directory code; meaning and availability may vary by year.
2015,2014,original_code,F101,F101,True,False,Original SAMHSA directory code; meaning and availability may vary by year.
2015,2014,original_code,F104,F104,True,False,Original SAMHSA directory code; meaning and availability may vary by year.
2015,2014,original_code,F11,Bulgarian F34 Hawaiian F58 Mien F87 Tongan,True,False,Original SAMHSA directory code; meaning and availability may vary by year.
2015,2014,original_code,F119,F119,True,False,Original SAMHSA directory code; meaning and availability may vary by year.
2015,2014,original_code,F12,Burmese F35 Hebrew F64 Palauan F88 Turkish,True,False,Original SAMHSA directory code; meaning and availability may vary by year.
2015,2014,original_code,F131,Bambara F31 Greek F136 Luganda F81 Tagalog,True,False,Original SAMHSA directory code; meaning and availability may vary by year.
2015,2014,original_code,F140,Akha F23 Dutch F44 Khmer F73 Serbian,True,False,Original SAMHSA directory code; meaning and availability may vary by year.
2015,2014,original_code,F15,Chaldean F36 Hindi F65 Panjabi F89 Ukrainian,True,False,Original SAMHSA directory code; meaning and availability may vary by year.
2015,2014,original_code,F16,Chamorro F37 Hmong F37 Pidgin F91 Urdu,True,False,Original SAMHSA directory code; meaning and availability may vary by year.
2015,2014,original_code,F17,Chinese F38 Hungarian F66 Polish F139 Uyghur,True,False,Original SAMHSA directory code; meaning and availability may vary by year.
2015,2014,original_code,F19,Creole F39 Igbo F67 Portuguese F101 Uzbek,True,False,Original SAMHSA directory code; meaning and availability may vary by year.
2015,2014,original_code,F2,Albanian F132 Dzongkha F47 Korean F74 Serbian/Croatian,True,False,Original SAMHSA directory code; meaning and availability may vary by year.
2015,2014,original_code,F20,Croation F40 Ilocano F69 Romanian F92 Vietnamese,True,False,Original SAMHSA directory code; meaning and availability may vary by year.
2015,2014,original_code,F22,Danish F42 Italian F133 Rundi F94 Yapese,True,False,Original SAMHSA directory code; meaning and availability may vary by year.
2015,2014,original_code,F23,F23,True,False,Original SAMHSA directory code; meaning and availability may vary by year.
2015,2014,original_code,F25,F25,True,False,Original SAMHSA directory code; meaning and availability may vary by year.
2015,2014,original_code,F28,F28,True,False,Original SAMHSA directory code; meaning and availability may vary by year.
2015,2014,original_code,F3,Amharic F25 Farsi F135 Kurdish F76 Slovak,True,False,Original SAMHSA directory code; meaning and availability may vary by year.
2015,2014,original_code,F30,F30,True,False,Original SAMHSA directory code; meaning and availability may vary by year.
2015,2014,original_code,F31,F31,True,False,Original SAMHSA directory code; meaning and availability may vary by year.
2015,2014,original_code,F33,F33,True,False,Original SAMHSA directory code; meaning and availability may vary by year.
2015,2014,original_code,F34,F34,True,False,Original SAMHSA directory code; meaning and availability may vary by year.
2015,2014,original_code,F35,F35,True,False,Original SAMHSA directory code; meaning and availability may vary by year.
2015,2014,original_code,F36,F36,True,False,Original SAMHSA directory code; meaning and availability may vary by year.
2015,2014,original_code,F37,F37,True,False,Original SAMHSA directory code; meaning and availability may vary by year.
2015,2014,original_code,F38,F38,True,False,Original SAMHSA directory code; meaning and availability may vary by year.
2015,2014,original_code,F39,F39,True,False,Original SAMHSA directory code; meaning and availability may vary by year.
2015,2014,original_code,F4,Arabic F28 French F48 Lao F104 Somali,True,False,Original SAMHSA directory code; meaning and availability may vary by year.
2015,2014,original_code,F40,F40,True,False,Original SAMHSA directory code; meaning and availability may vary by year.
2015,2014,original_code,F42,F42,True,False,Original SAMHSA directory code; meaning and availability may vary by year.
2015,2014,original_code,F43,F43,True,False,Original SAMHSA directory code; meaning and availability may vary by year.
2015,2014,original_code,F47,F47,True,False,Original SAMHSA directory code; meaning and availability may vary by year.
2015,2014,original_code,F48,F48,True,False,Original SAMHSA directory code; meaning and availability may vary by year.
2015,2014,original_code,F5,Armenian F30 German F99 Lithuanian F79 Swahili,True,False,Original SAMHSA directory code; meaning and availability may vary by year.
2015,2014,original_code,F52,F52,True,False,Original SAMHSA directory code; meaning and availability may vary by year.
2015,2014,original_code,F58,F58,True,False,Original SAMHSA directory code; meaning and availability may vary by year.
2015,2014,original_code,F64,F64,True,False,Original SAMHSA directory code; meaning and availability may vary by year.
2015,2014,original_code,F65,F65,True,False,Original SAMHSA directory code; meaning and availability may vary by year.
2015,2014,original_code,F66,F66,True,False,Original SAMHSA directory code; meaning and availability may vary by year.
2015,2014,original_code,F67,F67,True,False,Original SAMHSA directory code; meaning and availability may vary by year.
2015,2014,original_code,F69,F69,True,False,Original SAMHSA directory code; meaning and availability may vary by year.
2015,2014,original_code,F70,F70,True,False,Original SAMHSA directory code; meaning and availability may vary by year.
2015,2014,original_code,F73,F73,True,False,Original SAMHSA directory code; meaning and availability may vary by year.
2015,2014,original_code,F79,F79,True,False,Original SAMHSA directory code; meaning and availability may vary by year.
2015,2014,original_code,F81,F81,True,False,Original SAMHSA directory code; meaning and availability may vary by year.
2015,2014,original_code,F86,F86,True,False,Original SAMHSA directory code; meaning and availability may vary by year.
2015,2014,original_code,F87,F87,True,False,Original SAMHSA directory code; meaning and availability may vary by year.
2015,2014,original_code,F88,F88,True,False,Original SAMHSA directory code; meaning and availability may vary by year.
2015,2014,original_code,F89,F89,True,False,Original SAMHSA directory code; meaning and availability may vary by year.
2015,2014,original_code,F9,Bengali F33 Gujurati F52 Macedonian F138 Tajik,True,False,Original SAMHSA directory code; meaning and availability may vary by year.
2015,2014,original_code,F91,F91,True,False,Original SAMHSA directory code; meaning and availability may vary by year.
2015,2014,original_code,F92,F92,True,False,Original SAMHSA directory code; meaning and availability may vary by year.
2015,2014,original_code,F94,F94,True,False,Original SAMHSA directory code; meaning and availability may vary by year.
2015,2014,original_code,F96,F96,True,False,Original SAMHSA directory code; meaning and availability may vary by year.
2015,2014,original_code,F98,Dari F43 Japanese F70 Russian F96 Yoruba,True,False,Original SAMHSA directory code; meaning and availability may vary by year.
2015,2014,original_code,F99,F99,True,False,Original SAMHSA directory code; meaning and availability may vary by year.
2015,2014,original_code,FEM,Female,True,False,Original SAMHSA directory code; meaning and availability may vary by year.
2015,2014,original_code,FX,FX,True,False,Original SAMHSA directory code; meaning and availability may vary by year.
2015,2014,original_code,GH,GH,True,False,Original SAMHSA directory code; meaning and availability may vary by year.
2015,2014,original_code,GHF,General Health Services PA Payment Assistance (Check with facility for,True,False,Original SAMHSA directory code; meaning and availability may vary by year.
2015,2014,original_code,GL,"Lesbian, Gay, Bisexual, or Transgender",True,False,Original SAMHSA directory code; meaning and availability may vary by year.
2015,2014,original_code,HH,Transitional housing or halfway house,True,False,Original SAMHSA directory code; meaning and availability may vary by year.
2015,2014,original_code,HI,Hospital inpatient,True,False,Original SAMHSA directory code; meaning and availability may vary by year.
2015,2014,original_code,HID,Hospital Inpatient Detoxification,True,False,Original SAMHSA directory code; meaning and availability may vary by year.
2015,2014,original_code,HIT,Hospital Inpatient Treatment,True,False,Original SAMHSA directory code; meaning and availability may vary by year.
2015,2014,original_code,HV,Persons with HIV or AIDS,True,False,Original SAMHSA directory code; meaning and availability may vary by year.
2015,2014,original_code,ICO,ICO,True,False,Original SAMHSA directory code; meaning and availability may vary by year.
2015,2014,original_code,ID,ID,True,False,Original SAMHSA directory code; meaning and availability may vary by year.
2015,2014,original_code,IHS,IHS/638 Contract Care Funds,True,False,Original SAMHSA directory code; meaning and availability may vary by year.
2015,2014,original_code,IO,IO,True,False,Original SAMHSA directory code; meaning and availability may vary by year.
2015,2014,original_code,MALE,Male,True,False,Original SAMHSA directory code; meaning and availability may vary by year.
2015,2014,original_code,MC,Medicare,True,False,Original SAMHSA directory code; meaning and availability may vary by year.
2015,2014,original_code,MD,Medicaid,True,False,Original SAMHSA directory code; meaning and availability may vary by year.
2015,2014,original_code,MF,Military Families,True,False,Original SAMHSA directory code; meaning and availability may vary by year.
2015,2014,original_code,MH,MH,True,False,Original SAMHSA directory code; meaning and availability may vary by year.
2015,2014,original_code,MHF,Mental Health Treatment Services details),True,False,Original SAMHSA directory code; meaning and availability may vary by year.
2015,2014,original_code,MI,Military insurance,True,False,Original SAMHSA directory code; meaning and availability may vary by year.
2015,2014,original_code,ML,ML,True,False,Original SAMHSA directory code; meaning and availability may vary by year.
2015,2014,original_code,MM,Methadone maintenance,True,False,Original SAMHSA directory code; meaning and availability may vary by year.
2015,2014,original_code,MN,Adult Men,True,False,Original SAMHSA directory code; meaning and availability may vary by year.
2015,2014,original_code,MO,Methadone Clients Only,True,False,Original SAMHSA directory code; meaning and availability may vary by year.
2015,2014,original_code,N13,N13,True,False,Original SAMHSA directory code; meaning and availability may vary by year.
2015,2014,original_code,N16,N16,True,False,Original SAMHSA directory code; meaning and availability may vary by year.
2015,2014,original_code,N18,N18,True,False,Original SAMHSA directory code; meaning and availability may vary by year.
2015,2014,original_code,N2,N2,True,False,Original SAMHSA directory code; meaning and availability may vary by year.
2015,2014,original_code,N23,N23,True,False,Original SAMHSA directory code; meaning and availability may vary by year.
2015,2014,original_code,N24,N24,True,False,Original SAMHSA directory code; meaning and availability may vary by year.
2015,2014,original_code,N28,N28,True,False,Original SAMHSA directory code; meaning and availability may vary by year.
2015,2014,original_code,N29,N29,True,False,Original SAMHSA directory code; meaning and availability may vary by year.
2015,2014,original_code,N3,Athabascan N70 Inupiaq N29 Pima N71 Unangax,True,False,Original SAMHSA directory code; meaning and availability may vary by year.
2015,2014,original_code,N30,N30,True,False,Original SAMHSA directory code; meaning and availability may vary by year.
2015,2014,original_code,N32,N32,True,False,Original SAMHSA directory code; meaning and availability may vary by year.
2015,2014,original_code,N33,N33,True,False,Original SAMHSA directory code; meaning and availability may vary by year.
2015,2014,original_code,N35,N35,True,False,Original SAMHSA directory code; meaning and availability may vary by year.
2015,2014,original_code,N36,N36,True,False,Original SAMHSA directory code; meaning and availability may vary by year.
2015,2014,original_code,N40,N40,True,False,Original SAMHSA directory code; meaning and availability may vary by year.
2015,2014,original_code,N5,Cheyenne N18 Lakota N32 Shoshoni,True,False,Original SAMHSA directory code; meaning and availability may vary by year.
2015,2014,original_code,N6,Choctaw N23 Navajo N49 Tiwa,True,False,Original SAMHSA directory code; meaning and availability may vary by year.
2015,2014,original_code,N64,Blackfoot N16 Keres N30 Salish N40 Yupik,True,False,Original SAMHSA directory code; meaning and availability may vary by year.
2015,2014,original_code,N73,N9 Crow N24 Ojibwa N35 Tohono O’odham,True,False,Original SAMHSA directory code; meaning and availability may vary by year.
2015,2014,original_code,N75,Chickasaw N74 Lumbee N33 Tewa,True,False,Original SAMHSA directory code; meaning and availability may vary by year.
2015,2014,original_code,N9,N9,True,False,Original SAMHSA directory code; meaning and availability may vary by year.
2015,2014,original_code,NP,No Payment Accepted,True,False,Original SAMHSA directory code; meaning and availability may vary by year.
2015,2014,original_code,NX,NX,True,False,Original SAMHSA directory code; meaning and availability may vary by year.
2015,2014,original_code,NXN,Naltrexone (oral) AD Adolescents,True,False,Original SAMHSA directory code; meaning and availability may vary by year.
2015,2014,original_code,OD,Outpatient detoxification,True,False,Original SAMHSA directory code; meaning and availability may vary by year.
2015,2014,original_code,ODT,Outpatient day treatment,True,False,Original SAMHSA directory code; meaning and availability may vary by year.
2015,2014,original_code,OH,OH,True,False,Original SAMHSA directory code; meaning and availability may vary by year.
2015,2014,original_code,OIT,Intensive outpatient treatment,True,False,Original SAMHSA directory code; meaning and availability may vary by year.
2015,2014,original_code,OMB,Outpatient medication treatment,True,False,Original SAMHSA directory code; meaning and availability may vary by year.
2015,2014,original_code,OP,Outpatient,True,False,Original SAMHSA directory code; meaning and availability may vary by year.
2015,2014,original_code,OR,OR,True,False,Original SAMHSA directory code; meaning and availability may vary by year.
2015,2014,original_code,ORT,Regular outpatient treatment,True,False,Original SAMHSA directory code; meaning and availability may vary by year.
2015,2014,original_code,OTP,SAMHSA-certified opioid treatment program,True,False,Original SAMHSA directory code; meaning and availability may vary by year.
2015,2014,original_code,OTPA,All Clients in Opioid Treatment Program ADM Active Duty Military,True,False,Original SAMHSA directory code; meaning and availability may vary by year.
2015,2014,original_code,OW,OW,True,False,Original SAMHSA directory code; meaning and availability may vary by year.
2015,2014,original_code,PA,Payment assistance,True,False,Original SAMHSA directory code; meaning and availability may vary by year.
2015,2014,original_code,PH,Partial hospitalization/day treatment,True,False,Original SAMHSA directory code; meaning and availability may vary by year.
2015,2014,original_code,PI,Private health insurance,True,False,Original SAMHSA directory code; meaning and availability may vary by year.
2015,2014,original_code,PW,Pregnant/Postpartum Women,True,False,Original SAMHSA directory code; meaning and availability may vary by year.
2015,2014,original_code,RD,Residential detoxification,True,False,Original SAMHSA directory code; meaning and availability may vary by year.
2015,2014,original_code,RES,Residential,True,False,Original SAMHSA directory code; meaning and availability may vary by year.
2015,2014,original_code,RL,Long-term residential,True,False,Original SAMHSA directory code; meaning and availability may vary by year.
2015,2014,original_code,RR,RR,True,False,Original SAMHSA directory code; meaning and availability may vary by year.
2015,2014,original_code,RS,Short-term residential,True,False,Original SAMHSA directory code; meaning and availability may vary by year.
2015,2014,original_code,SA,Substance use treatment,True,False,Original SAMHSA directory code; meaning and availability may vary by year.
2015,2014,original_code,SAF,Substance Abuse Treatment Services and other factors),True,False,Original SAMHSA directory code; meaning and availability may vary by year.
2015,2014,original_code,SC,SC,True,False,Original SAMHSA directory code; meaning and availability may vary by year.
2015,2014,original_code,SE,Seniors or Older Adults,True,False,Original SAMHSA directory code; meaning and availability may vary by year.
2015,2014,original_code,SF,Cash or self-payment,True,False,Original SAMHSA directory code; meaning and availability may vary by year.
2015,2014,original_code,SI,State-financed insurance,True,False,Original SAMHSA directory code; meaning and availability may vary by year.
2015,2014,original_code,SP,Spanish,True,False,Original SAMHSA directory code; meaning and availability may vary by year.
2015,2014,original_code,SS,Sliding fee scale,True,False,Original SAMHSA directory code; meaning and availability may vary by year.
2015,2014,original_code,TA,TA,True,False,Original SAMHSA directory code; meaning and availability may vary by year.
2015,2014,original_code,TRMA,Persons who have Experienced Trauma,True,False,Original SAMHSA directory code; meaning and availability may vary by year.
2015,2014,original_code,VAMC,Department of Veterans Affairs,True,False,Original SAMHSA directory code; meaning and availability may vary by year.
2015,2014,original_code,VET,Veterans,True,False,Original SAMHSA directory code; meaning and availability may vary by year.
2015,2014,original_code,VTRL,Vivitrol® (Injectable Naltrexone) CJ Clients Referred from the Court/Judicial,True,False,Original SAMHSA directory code; meaning and availability may vary by year.
2015,2014,original_code,WN,Adult Women,True,False,Original SAMHSA directory code; meaning and availability may vary by year.
2015,2014,original_code,XA,Persons who have Experienced Sexual Abuse,True,False,Original SAMHSA directory code; meaning and availability may vary by year.
2015,2014,original_code,YAD,Young Adults,True,False,Original SAMHSA directory code; meaning and availability may vary by year.
2016,2015,ownership,private_unspecified,Private (type unspecified),True,False,Earlier directories do not consistently separate private ownership type.
2016,2015,ownership,private_nonprofit,Private nonprofit,False,True,
2016,2015,ownership,private_forprofit,Private for-profit,False,True,
2016,2015,ownership,local_government,Local/county government,True,True,
2016,2015,ownership,state_government,State government,True,True,
2016,2015,ownership,tribal_government,Tribal government,True,True,
2016,2015,ownership,federal_dod,Federal: Department of Defense,True,True,
2016,2015,ownership,federal_ihs,Federal: Indian Health Service,True,True,
2016,2015,ownership,federal_va,Federal: Veterans Affairs,True,True,
2016,2015,center_type,substance_use,Substance use treatment,True,True,
2016,2015,center_type,detoxification,Detoxification,True,True,
2016,2015,center_type,transitional_housing,Transitional housing/halfway house,True,True,
2016,2015,center_type,mental_health,Mental health treatment,True,True,
2016,2015,center_type,cooccurring,Co-occurring mental health and substance use,False,True,
2016,2015,setting,outpatient,Outpatient,True,True,
2016,2015,setting,residential,Residential,True,True,
2016,2015,setting,hospital_inpatient,Hospital inpatient,True,True,
2016,2015,payment,medicare,Medicare,True,True,
2016,2015,payment,medicaid,Medicaid,True,True,
2016,2015,payment,military_insurance,Military insurance,True,True,
2016,2015,payment,private_insurance,Private health insurance,True,True,
2016,2015,payment,self_pay,Cash or self-payment,True,True,
2016,2015,payment,state_financed,State-financed insurance,True,True,
2016,2015,payment,payment_assistance,Payment assistance,True,True,
2016,2015,payment,sliding_fee,Sliding fee scale,True,True,
2016,2015,service_family,substance_use_treatment,Substance use treatment,True,True,
2016,2015,service_family,detoxification,Detoxification,True,True,
2016,2015,service_family,transitional_housing,Transitional housing/halfway house,True,True,
2016,2015,service_family,cooccurring,Co-occurring mental health and substance use treatment,False,True,
2016,2015,service_family,outpatient_treatment,Outpatient treatment,True,True,
2016,2015,service_family,residential_treatment,Residential treatment,True,True,
2016,2015,service_family,hospital_inpatient,Hospital inpatient treatment,True,True,
2016,2015,service_family,opioid_treatment_program,SAMHSA-certified opioid treatment program,True,True,
2016,2015,service_family,methadone,Methadone services,True,True,
2016,2015,service_family,buprenorphine,Buprenorphine services,True,True,
2016,2015,service_family,naltrexone,Naltrexone services,True,True,
2016,2015,service_family,telehealth,Telehealth/telemedicine,False,True,
2016,2015,original_code,AD,Adolescents YAD Young Adults,True,False,Original SAMHSA directory code; meaning and availability may vary by year.
2016,2015,original_code,ADLT,Adults,True,False,Original SAMHSA directory code; meaning and availability may vary by year.
2016,2015,original_code,ADM,Active Duty Military,True,False,Original SAMHSA directory code; meaning and availability may vary by year.
2016,2015,original_code,ADTX,ADTX,True,False,Original SAMHSA directory code; meaning and availability may vary by year.
2016,2015,original_code,AH,Services for deaf and hard of hearing,True,False,Original SAMHSA directory code; meaning and availability may vary by year.
2016,2015,original_code,ANG,ANG,True,False,Original SAMHSA directory code; meaning and availability may vary by year.
2016,2015,original_code,AR,AR,True,False,Original SAMHSA directory code; meaning and availability may vary by year.
2016,2015,original_code,ATR,Access to Recovery (ATR) Voucher ADTX Alcohol Detoxification,True,False,Original SAMHSA directory code; meaning and availability may vary by year.
2016,2015,original_code,BC,BC,True,False,Original SAMHSA directory code; meaning and availability may vary by year.
2016,2015,original_code,BDTX,BDTX,True,False,Original SAMHSA directory code; meaning and availability may vary by year.
2016,2015,original_code,BIA,BIA,True,False,Original SAMHSA directory code; meaning and availability may vary by year.
2016,2015,original_code,BMO,Methadone and Buprenorphine Clients,True,False,Original SAMHSA directory code; meaning and availability may vary by year.
2016,2015,original_code,BMW,Buprenorphine Maintenance for,True,False,Original SAMHSA directory code; meaning and availability may vary by year.
2016,2015,original_code,BU,Buprenorphine used in treatment,True,False,Original SAMHSA directory code; meaning and availability may vary by year.
2016,2015,original_code,BUM,Buprenorphine Maintenance,True,False,Original SAMHSA directory code; meaning and availability may vary by year.
2016,2015,original_code,CARF,CARF,True,False,Original SAMHSA directory code; meaning and availability may vary by year.
2016,2015,original_code,CBT,Cognitive/Behavioral Therapy STG State Government,True,False,Original SAMHSA directory code; meaning and availability may vary by year.
2016,2015,original_code,CDTX,CDTX,True,False,Original SAMHSA directory code; meaning and availability may vary by year.
2016,2015,original_code,CH,CH,True,False,Original SAMHSA directory code; meaning and availability may vary by year.
2016,2015,original_code,CHLD,Children/Adolescents,True,False,Original SAMHSA directory code; meaning and availability may vary by year.
2016,2015,original_code,CJ,Clients Referred from the Court/Judicial,True,False,Original SAMHSA directory code; meaning and availability may vary by year.
2016,2015,original_code,CMI,CMI,True,False,Original SAMHSA directory code; meaning and availability may vary by year.
2016,2015,original_code,CO,Persons with Co-occurring Mental and MALE Male,True,False,Original SAMHSA directory code; meaning and availability may vary by year.
2016,2015,original_code,COA,COA,True,False,Original SAMHSA directory code; meaning and availability may vary by year.
2016,2015,original_code,CRV,CRV,True,False,Original SAMHSA directory code; meaning and availability may vary by year.
2016,2015,original_code,CT,CT,True,False,Original SAMHSA directory code; meaning and availability may vary by year.
2016,2015,original_code,DB,Buprenorphine Detoxification,True,False,Original SAMHSA directory code; meaning and availability may vary by year.
2016,2015,original_code,DBT,Dialectical Behavior Therapy STMH State Mental Health Department,True,False,Original SAMHSA directory code; meaning and availability may vary by year.
2016,2015,original_code,DDF,Department of Defense,True,False,Original SAMHSA directory code; meaning and availability may vary by year.
2016,2015,original_code,DM,Methadone detoxification,True,False,Original SAMHSA directory code; meaning and availability may vary by year.
2016,2015,original_code,DT,Detoxification,True,False,Original SAMHSA directory code; meaning and availability may vary by year.
2016,2015,original_code,DU,DUI/DWI Clients,True,False,Original SAMHSA directory code; meaning and availability may vary by year.
2016,2015,original_code,DUO,Serve Only DUI/DWI Clients,True,False,Original SAMHSA directory code; meaning and availability may vary by year.
2016,2015,original_code,DV,Persons who have Experienced Intimate Exclusive Services,True,False,Original SAMHSA directory code; meaning and availability may vary by year.
2016,2015,original_code,F10,Bosnian F36 Hindi F61 Nepali F85 Telugu,True,False,Original SAMHSA directory code; meaning and availability may vary by year.
2016,2015,original_code,F101,F101,True,False,Original SAMHSA directory code; meaning and availability may vary by year.
2016,2015,original_code,F104,F104,True,False,Original SAMHSA directory code; meaning and availability may vary by year.
2016,2015,original_code,F11,Bulgarian F37 Hmong F62 Nigerian F86 Thai,True,False,Original SAMHSA directory code; meaning and availability may vary by year.
2016,2015,original_code,F110,Akan F27 Finnish F99 Lithuanian SP Spanish,True,False,Original SAMHSA directory code; meaning and availability may vary by year.
2016,2015,original_code,F119,F119,True,False,Original SAMHSA directory code; meaning and availability may vary by year.
2016,2015,original_code,F12,Burmese F38 Hungarian F63 Norwegian F141 Tigrinya,True,False,Original SAMHSA directory code; meaning and availability may vary by year.
2016,2015,original_code,F132,Dzongkha F48 Lao F76 Slovak,True,False,Original SAMHSA directory code; meaning and availability may vary by year.
2016,2015,original_code,F135,F135,True,False,Original SAMHSA directory code; meaning and availability may vary by year.
2016,2015,original_code,F138,F138,True,False,Original SAMHSA directory code; meaning and availability may vary by year.
2016,2015,original_code,F139,F139,True,False,Original SAMHSA directory code; meaning and availability may vary by year.
2016,2015,original_code,F14,Cape Verdean F40 Ilocano F64 Palauan F88 Turkish,True,False,Original SAMHSA directory code; meaning and availability may vary by year.
2016,2015,original_code,F142,F142,True,False,Original SAMHSA directory code; meaning and availability may vary by year.
2016,2015,original_code,F15,Chaldean F41 Indonesian F65 Panjabi F89 Ukrainian,True,False,Original SAMHSA directory code; meaning and availability may vary by year.
2016,2015,original_code,F151,Burundi F39 Igbo F153 Oroma F87 Tongan,True,False,Original SAMHSA directory code; meaning and availability may vary by year.
2016,2015,original_code,F156,Bantu F33 Gujurati F54 Malayalam F138 Tajik,True,False,Original SAMHSA directory code; meaning and availability may vary by year.
2016,2015,original_code,F158,F158,True,False,Original SAMHSA directory code; meaning and availability may vary by year.
2016,2015,original_code,F16,"Chamorro F42 Italian F118 Pashto, Southern F91 Urdu",True,False,Original SAMHSA directory code; meaning and availability may vary by year.
2016,2015,original_code,F17,Chinese F43 Japanese F66 Polish F139 Uyghur,True,False,Original SAMHSA directory code; meaning and availability may vary by year.
2016,2015,original_code,F19,Creole F113 Kannada F67 Portuguese F101 Uzbek,True,False,Original SAMHSA directory code; meaning and availability may vary by year.
2016,2015,original_code,F2,Albanian F158 Flemish F136 Luganda F79 Swahili,True,False,Original SAMHSA directory code; meaning and availability may vary by year.
2016,2015,original_code,F20,Croatian F142 Karen F69 Romanian F92 Vietnamese,True,False,Original SAMHSA directory code; meaning and availability may vary by year.
2016,2015,original_code,F21,Czech F44 Khmer F70 Russian F144 Visayan,True,False,Original SAMHSA directory code; meaning and availability may vary by year.
2016,2015,original_code,F22,Danish F47 Korean F71 Samoan F94 Yapese,True,False,Original SAMHSA directory code; meaning and availability may vary by year.
2016,2015,original_code,F23,Dutch F135 Kurdish F73 Serbian F96 Yoruba,True,False,Original SAMHSA directory code; meaning and availability may vary by year.
2016,2015,original_code,F25,Farsi F49 Latvian F104 Somali,True,False,Original SAMHSA directory code; meaning and availability may vary by year.
2016,2015,original_code,F28,F28,True,False,Original SAMHSA directory code; meaning and availability may vary by year.
2016,2015,original_code,F3,Amharic F28 French F51 Luo F80 Swedish,True,False,Original SAMHSA directory code; meaning and availability may vary by year.
2016,2015,original_code,F30,F30,True,False,Original SAMHSA directory code; meaning and availability may vary by year.
2016,2015,original_code,F31,F31,True,False,Original SAMHSA directory code; meaning and availability may vary by year.
2016,2015,original_code,F33,F33,True,False,Original SAMHSA directory code; meaning and availability may vary by year.
2016,2015,original_code,F34,F34,True,False,Original SAMHSA directory code; meaning and availability may vary by year.
2016,2015,original_code,F35,F35,True,False,Original SAMHSA directory code; meaning and availability may vary by year.
2016,2015,original_code,F36,F36,True,False,Original SAMHSA directory code; meaning and availability may vary by year.
2016,2015,original_code,F37,F37,True,False,Original SAMHSA directory code; meaning and availability may vary by year.
2016,2015,original_code,F38,F38,True,False,Original SAMHSA directory code; meaning and availability may vary by year.
2016,2015,original_code,F39,F39,True,False,Original SAMHSA directory code; meaning and availability may vary by year.
2016,2015,original_code,F4,Arabic F30 German F52 Macedonian F81 Tagalog,True,False,Original SAMHSA directory code; meaning and availability may vary by year.
2016,2015,original_code,F40,F40,True,False,Original SAMHSA directory code; meaning and availability may vary by year.
2016,2015,original_code,F42,F42,True,False,Original SAMHSA directory code; meaning and availability may vary by year.
2016,2015,original_code,F43,F43,True,False,Original SAMHSA directory code; meaning and availability may vary by year.
2016,2015,original_code,F44,F44,True,False,Original SAMHSA directory code; meaning and availability may vary by year.
2016,2015,original_code,F47,F47,True,False,Original SAMHSA directory code; meaning and availability may vary by year.
2016,2015,original_code,F48,F48,True,False,Original SAMHSA directory code; meaning and availability may vary by year.
2016,2015,original_code,F5,Armenian F31 Greek F53 Malay F154 Taiwanese,True,False,Original SAMHSA directory code; meaning and availability may vary by year.
2016,2015,original_code,F52,F52,True,False,Original SAMHSA directory code; meaning and availability may vary by year.
2016,2015,original_code,F53,F53,True,False,Original SAMHSA directory code; meaning and availability may vary by year.
2016,2015,original_code,F54,F54,True,False,Original SAMHSA directory code; meaning and availability may vary by year.
2016,2015,original_code,F60,F60,True,False,Original SAMHSA directory code; meaning and availability may vary by year.
2016,2015,original_code,F61,F61,True,False,Original SAMHSA directory code; meaning and availability may vary by year.
2016,2015,original_code,F64,F64,True,False,Original SAMHSA directory code; meaning and availability may vary by year.
2016,2015,original_code,F65,F65,True,False,Original SAMHSA directory code; meaning and availability may vary by year.
2016,2015,original_code,F66,F66,True,False,Original SAMHSA directory code; meaning and availability may vary by year.
2016,2015,original_code,F67,F67,True,False,Original SAMHSA directory code; meaning and availability may vary by year.
2016,2015,original_code,F69,F69,True,False,Original SAMHSA directory code; meaning and availability may vary by year.
2016,2015,original_code,F70,F70,True,False,Original SAMHSA directory code; meaning and availability may vary by year.
2016,2015,original_code,F71,F71,True,False,Original SAMHSA directory code; meaning and availability may vary by year.
2016,2015,original_code,F73,F73,True,False,Original SAMHSA directory code; meaning and availability may vary by year.
2016,2015,original_code,F79,F79,True,False,Original SAMHSA directory code; meaning and availability may vary by year.
2016,2015,original_code,F8,Belarusan F34 Hawaiian F119 Marathi F82 Tamil,True,False,Original SAMHSA directory code; meaning and availability may vary by year.
2016,2015,original_code,F81,F81,True,False,Original SAMHSA directory code; meaning and availability may vary by year.
2016,2015,original_code,F82,F82,True,False,Original SAMHSA directory code; meaning and availability may vary by year.
2016,2015,original_code,F86,F86,True,False,Original SAMHSA directory code; meaning and availability may vary by year.
2016,2015,original_code,F87,F87,True,False,Original SAMHSA directory code; meaning and availability may vary by year.
2016,2015,original_code,F89,F89,True,False,Original SAMHSA directory code; meaning and availability may vary by year.
2016,2015,original_code,F9,Bengali F35 Hebrew F60 Mongolian F83 Telagu,True,False,Original SAMHSA directory code; meaning and availability may vary by year.
2016,2015,original_code,F91,F91,True,False,Original SAMHSA directory code; meaning and availability may vary by year.
2016,2015,original_code,F92,F92,True,False,Original SAMHSA directory code; meaning and availability may vary by year.
2016,2015,original_code,F94,F94,True,False,Original SAMHSA directory code; meaning and availability may vary by year.
2016,2015,original_code,F96,F96,True,False,Original SAMHSA directory code; meaning and availability may vary by year.
2016,2015,original_code,F98,Dari F109 Krio F124 Sanskrit F95 Yiddish,True,False,Original SAMHSA directory code; meaning and availability may vary by year.
2016,2015,original_code,F99,F99,True,False,Original SAMHSA directory code; meaning and availability may vary by year.
2016,2015,original_code,FCO,FCO,True,False,Original SAMHSA directory code; meaning and availability may vary by year.
2016,2015,original_code,FEM,FEM,True,False,Original SAMHSA directory code; meaning and availability may vary by year.
2016,2015,original_code,FSA,Federal or Any Government Funding for ANG Anger Management,True,False,Original SAMHSA directory code; meaning and availability may vary by year.
2016,2015,original_code,FX,Other languages (Excluding Spanish),True,False,Original SAMHSA directory code; meaning and availability may vary by year.
2016,2015,original_code,GCO,GCO,True,False,Original SAMHSA directory code; meaning and availability may vary by year.
2016,2015,original_code,GH,GH,True,False,Original SAMHSA directory code; meaning and availability may vary by year.
2016,2015,original_code,GHF,General Health Services,True,False,Original SAMHSA directory code; meaning and availability may vary by year.
2016,2015,original_code,GL,"Lesbian, Gay, Bisexual, or Transgender",True,False,Original SAMHSA directory code; meaning and availability may vary by year.
2016,2015,original_code,HFAP,HFAP,True,False,Original SAMHSA directory code; meaning and availability may vary by year.
2016,2015,original_code,HH,Transitional housing or halfway house,True,False,Original SAMHSA directory code; meaning and availability may vary by year.
2016,2015,original_code,HI,Hospital inpatient,True,False,Original SAMHSA directory code; meaning and availability may vary by year.
2016,2015,original_code,HID,Hospital Inpatient Detoxification,True,False,Original SAMHSA directory code; meaning and availability may vary by year.
2016,2015,original_code,HIT,HIT,True,False,Original SAMHSA directory code; meaning and availability may vary by year.
2016,2015,original_code,HLA,HLA,True,False,Original SAMHSA directory code; meaning and availability may vary by year.
2016,2015,original_code,HV,Persons with HIV or AIDS,True,False,Original SAMHSA directory code; meaning and availability may vary by year.
2016,2015,original_code,ICO,ICO,True,False,Original SAMHSA directory code; meaning and availability may vary by year.
2016,2015,original_code,ID,ID,True,False,Original SAMHSA directory code; meaning and availability may vary by year.
2016,2015,original_code,IH,Indian Health Service,True,False,Original SAMHSA directory code; meaning and availability may vary by year.
2016,2015,original_code,IHS,IHS/Tribal/Urban (ITU) Funds BDTX Benzodiazepines Detoxification,True,False,Original SAMHSA directory code; meaning and availability may vary by year.
2016,2015,original_code,IO,IO,True,False,Original SAMHSA directory code; meaning and availability may vary by year.
2016,2015,original_code,JC,JC,True,False,Original SAMHSA directory code; meaning and availability may vary by year.
2016,2015,original_code,LCCG,"Local, county, or community government",True,False,Original SAMHSA directory code; meaning and availability may vary by year.
2016,2015,original_code,MALE,MALE,True,False,Original SAMHSA directory code; meaning and availability may vary by year.
2016,2015,original_code,MC,Medicare,True,False,Original SAMHSA directory code; meaning and availability may vary by year.
2016,2015,original_code,MCO,Marital/Couples Counseling Offered,True,False,Original SAMHSA directory code; meaning and availability may vary by year.
2016,2015,original_code,MD,Medicaid,True,False,Original SAMHSA directory code; meaning and availability may vary by year.
2016,2015,original_code,MDTX,Methamphetamines Detoxification,True,False,Original SAMHSA directory code; meaning and availability may vary by year.
2016,2015,original_code,METH,Methadone,True,False,Original SAMHSA directory code; meaning and availability may vary by year.
2016,2015,original_code,MF,Military Families,True,False,Original SAMHSA directory code; meaning and availability may vary by year.
2016,2015,original_code,MH,MH,True,False,Original SAMHSA directory code; meaning and availability may vary by year.
2016,2015,original_code,MHF,Mental Health Treatment Services CT Computerized Treatment,True,False,Original SAMHSA directory code; meaning and availability may vary by year.
2016,2015,original_code,MI,Military insurance,True,False,Original SAMHSA directory code; meaning and availability may vary by year.
2016,2015,original_code,MM,Methadone maintenance,True,False,Original SAMHSA directory code; meaning and availability may vary by year.
2016,2015,original_code,MMW,Methadone Maintenance for Predetermined,True,False,Original SAMHSA directory code; meaning and availability may vary by year.
2016,2015,original_code,MN,Adult Men,True,False,Original SAMHSA directory code; meaning and availability may vary by year.
2016,2015,original_code,MO,Methadone Clients Only,True,False,Original SAMHSA directory code; meaning and availability may vary by year.
2016,2015,original_code,MOA,Accepts Clients on Opioid Medication,True,False,Original SAMHSA directory code; meaning and availability may vary by year.
2016,2015,original_code,MOTI,MOTI,True,False,Original SAMHSA directory code; meaning and availability may vary by year.
2016,2015,original_code,MXM,MXM,True,False,Original SAMHSA directory code; meaning and availability may vary by year.
2016,2015,original_code,N13,N13,True,False,Original SAMHSA directory code; meaning and availability may vary by year.
2016,2015,original_code,N16,N16,True,False,Original SAMHSA directory code; meaning and availability may vary by year.
2016,2015,original_code,N18,N18,True,False,Original SAMHSA directory code; meaning and availability may vary by year.
2016,2015,original_code,N2,Apache N70 Inupiaq N28 Passamaquoddy N40 Yupik,True,False,Original SAMHSA directory code; meaning and availability may vary by year.
2016,2015,original_code,N23,N23,True,False,Original SAMHSA directory code; meaning and availability may vary by year.
2016,2015,original_code,N24,N24,True,False,Original SAMHSA directory code; meaning and availability may vary by year.
2016,2015,original_code,N28,N28,True,False,Original SAMHSA directory code; meaning and availability may vary by year.
2016,2015,original_code,N32,N32,True,False,Original SAMHSA directory code; meaning and availability may vary by year.
2016,2015,original_code,N33,N33,True,False,Original SAMHSA directory code; meaning and availability may vary by year.
2016,2015,original_code,N35,N35,True,False,Original SAMHSA directory code; meaning and availability may vary by year.
2016,2015,original_code,N36,N36,True,False,Original SAMHSA directory code; meaning and availability may vary by year.
2016,2015,original_code,N39,N39,True,False,Original SAMHSA directory code; meaning and availability may vary by year.
2016,2015,original_code,N40,N40,True,False,Original SAMHSA directory code; meaning and availability may vary by year.
2016,2015,original_code,N5,Cheyenne N16 Keres N32 Shoshoni,True,False,Original SAMHSA directory code; meaning and availability may vary by year.
2016,2015,original_code,N70,N70,True,False,Original SAMHSA directory code; meaning and availability may vary by year.
2016,2015,original_code,N73,N76 Gwichin N23 Navajo N36 Towa,True,False,Original SAMHSA directory code; meaning and availability may vary by year.
2016,2015,original_code,N75,Chickasaw N18 Lakota N33 Tewa,True,False,Original SAMHSA directory code; meaning and availability may vary by year.
2016,2015,original_code,N76,N76,True,False,Original SAMHSA directory code; meaning and availability may vary by year.
2016,2015,original_code,N9,Crow N22 Mohawk N35 Tohono,True,False,Original SAMHSA directory code; meaning and availability may vary by year.
2016,2015,original_code,NCQA,NCQA,True,False,Original SAMHSA directory code; meaning and availability may vary by year.
2016,2015,original_code,NMOA,Do Not Use Medication for Opioid,True,False,Original SAMHSA directory code; meaning and availability may vary by year.
2016,2015,original_code,NOOP,Do Not Treat Opioid Addiction CARF Commission on Accreditation and,True,False,Original SAMHSA directory code; meaning and availability may vary by year.
2016,2015,original_code,NP,No Payment Accepted Incentive,True,False,Original SAMHSA directory code; meaning and availability may vary by year.
2016,2015,original_code,NSC,NSC,True,False,Original SAMHSA directory code; meaning and availability may vary by year.
2016,2015,original_code,NX,American Indian or Alaska Native,True,False,Original SAMHSA directory code; meaning and availability may vary by year.
2016,2015,original_code,NXN,Naltrexone (Oral) Rehabilitation,True,False,Original SAMHSA directory code; meaning and availability may vary by year.
2016,2015,original_code,OD,Outpatient detoxification,True,False,Original SAMHSA directory code; meaning and availability may vary by year.
2016,2015,original_code,ODT,Outpatient day treatment,True,False,Original SAMHSA directory code; meaning and availability may vary by year.
2016,2015,original_code,ODTX,Opioids Detoxification,True,False,Original SAMHSA directory code; meaning and availability may vary by year.
2016,2015,original_code,OH,OH,True,False,Original SAMHSA directory code; meaning and availability may vary by year.
2016,2015,original_code,OIT,Intensive outpatient treatment,True,False,Original SAMHSA directory code; meaning and availability may vary by year.
2016,2015,original_code,OMB,Outpatient medication treatment,True,False,Original SAMHSA directory code; meaning and availability may vary by year.
2016,2015,original_code,OP,Outpatient,True,False,Original SAMHSA directory code; meaning and availability may vary by year.
2016,2015,original_code,OR,OR,True,False,Original SAMHSA directory code; meaning and availability may vary by year.
2016,2015,original_code,ORT,Regular outpatient treatment,True,False,Original SAMHSA directory code; meaning and availability may vary by year.
2016,2015,original_code,OTP,SAMHSA-certified opioid treatment program,True,False,Original SAMHSA directory code; meaning and availability may vary by year.
2016,2015,original_code,OTPA,All Clients in Opioid Treatment Program HFAP Healthcare Facilities Accreditation Program,True,False,Original SAMHSA directory code; meaning and availability may vary by year.
2016,2015,original_code,OW,OW,True,False,Original SAMHSA directory code; meaning and availability may vary by year.
2016,2015,original_code,PA,Payment assistance,True,False,Original SAMHSA directory code; meaning and availability may vary by year.
2016,2015,original_code,PAIN,Use Methadone/Buprenorphine for Pain HLA Hospital Licensing Authority,True,False,Original SAMHSA directory code; meaning and availability may vary by year.
2016,2015,original_code,PI,Private health insurance,True,False,Original SAMHSA directory code; meaning and availability may vary by year.
2016,2015,original_code,PSYH,Psychiatric Hospital,True,False,Original SAMHSA directory code; meaning and availability may vary by year.
2016,2015,original_code,PVT,PVT,True,False,Original SAMHSA directory code; meaning and availability may vary by year.
2016,2015,original_code,PW,Pregnant/Postpartum Women,True,False,Original SAMHSA directory code; meaning and availability may vary by year.
2016,2015,original_code,RD,Residential detoxification,True,False,Original SAMHSA directory code; meaning and availability may vary by year.
2016,2015,original_code,REBT,Rational Emotive Behavioral Therapy TBG Tribal Government,True,False,Original SAMHSA directory code; meaning and availability may vary by year.
2016,2015,original_code,RELP,RELP,True,False,Original SAMHSA directory code; meaning and availability may vary by year.
2016,2015,original_code,RES,Residential,True,False,Original SAMHSA directory code; meaning and availability may vary by year.
2016,2015,original_code,RL,Long-term residential,True,False,Original SAMHSA directory code; meaning and availability may vary by year.
2016,2015,original_code,RPN,Relapse Prevention with Naltrexone JC The Joint Commission,True,False,Original SAMHSA directory code; meaning and availability may vary by year.
2016,2015,original_code,RR,RR,True,False,Original SAMHSA directory code; meaning and availability may vary by year.
2016,2015,original_code,RS,Short-term residential,True,False,Original SAMHSA directory code; meaning and availability may vary by year.
2016,2015,original_code,SA,Substance use treatment,True,False,Original SAMHSA directory code; meaning and availability may vary by year.
2016,2015,original_code,SACA,Substance Abuse Counseling Approach VAMC U.S. Department of Veterans Affairs,True,False,Original SAMHSA directory code; meaning and availability may vary by year.
2016,2015,original_code,SAF,Substance Abuse Treatment Services HI Hospital Inpatient,True,False,Original SAMHSA directory code; meaning and availability may vary by year.
2016,2015,original_code,SC,SC,True,False,Original SAMHSA directory code; meaning and availability may vary by year.
2016,2015,original_code,SE,Seniors or Older Adults,True,False,Original SAMHSA directory code; meaning and availability may vary by year.
2016,2015,original_code,SF,Cash or self-payment,True,False,Original SAMHSA directory code; meaning and availability may vary by year.
2016,2015,original_code,SI,State-financed insurance,True,False,Original SAMHSA directory code; meaning and availability may vary by year.
2016,2015,original_code,SMON,Smoking Not Permitted,True,False,Original SAMHSA directory code; meaning and availability may vary by year.
2016,2015,original_code,SMOP,Smoking Permitted Without Restriction,True,False,Original SAMHSA directory code; meaning and availability may vary by year.
2016,2015,original_code,SMPD,Smoking Permitted in Designated Area,True,False,Original SAMHSA directory code; meaning and availability may vary by year.
2016,2015,original_code,SP,Spanish,True,False,Original SAMHSA directory code; meaning and availability may vary by year.
2016,2015,original_code,SS,Sliding fee scale,True,False,Original SAMHSA directory code; meaning and availability may vary by year.
2016,2015,original_code,STAG,State Substance Abuse Agency,True,False,Original SAMHSA directory code; meaning and availability may vary by year.
2016,2015,original_code,STDH,State Department of Health,True,False,Original SAMHSA directory code; meaning and availability may vary by year.
2016,2015,original_code,STG,State government,True,False,Original SAMHSA directory code; meaning and availability may vary by year.
2016,2015,original_code,STMH,STMH,True,False,Original SAMHSA directory code; meaning and availability may vary by year.
2016,2015,original_code,TA,TA,True,False,Original SAMHSA directory code; meaning and availability may vary by year.
2016,2015,original_code,TAY,Transitional Age Young Adults,True,False,Original SAMHSA directory code; meaning and availability may vary by year.
2016,2015,original_code,TBG,Tribal government,True,False,Original SAMHSA directory code; meaning and availability may vary by year.
2016,2015,original_code,TGD,Treatment for Gambling Disorder,True,False,Original SAMHSA directory code; meaning and availability may vary by year.
2016,2015,original_code,TID,Treatment for Internet Use Disorder,True,False,Original SAMHSA directory code; meaning and availability may vary by year.
2016,2015,original_code,TRC,Trauma-Related Counseling,True,False,Original SAMHSA directory code; meaning and availability may vary by year.
2016,2015,original_code,TRMA,Persons who have Experienced Trauma,True,False,Original SAMHSA directory code; meaning and availability may vary by year.
2016,2015,original_code,TWFA,12-Step Facilitation Approach,True,False,Original SAMHSA directory code; meaning and availability may vary by year.
2016,2015,original_code,UBN,Prescribes/Administers Buprenorphine NCQA National Committee for Quality Assurance,True,False,Original SAMHSA directory code; meaning and availability may vary by year.
2016,2015,original_code,VAMC,Department of Veterans Affairs,True,False,Original SAMHSA directory code; meaning and availability may vary by year.
2016,2015,original_code,VET,Veterans,True,False,Original SAMHSA directory code; meaning and availability may vary by year.
2016,2015,original_code,VTRL,Vivitrol (Injectable Naltrexone) PVT Private Organization,True,False,Original SAMHSA directory code; meaning and availability may vary by year.
2016,2015,original_code,WN,Adult Women,True,False,Original SAMHSA directory code; meaning and availability may vary by year.
2016,2015,original_code,XA,Persons who have Experienced Sexual Abuse,True,False,Original SAMHSA directory code; meaning and availability may vary by year.
2016,2015,original_code,YAD,YAD,True,False,Original SAMHSA directory code; meaning and availability may vary by year.
2017,2016,ownership,private_unspecified,Private (type unspecified),True,False,Earlier directories do not consistently separate private ownership type.
2017,2016,ownership,private_nonprofit,Private nonprofit,False,True,
2017,2016,ownership,private_forprofit,Private for-profit,False,True,
2017,2016,ownership,local_government,Local/county government,True,True,
2017,2016,ownership,state_government,State government,True,True,
2017,2016,ownership,tribal_government,Tribal government,True,True,
2017,2016,ownership,federal_dod,Federal: Department of Defense,True,True,
2017,2016,ownership,federal_ihs,Federal: Indian Health Service,True,True,
2017,2016,ownership,federal_va,Federal: Veterans Affairs,True,True,
2017,2016,center_type,substance_use,Substance use treatment,True,True,
2017,2016,center_type,detoxification,Detoxification,True,True,
2017,2016,center_type,transitional_housing,Transitional housing/halfway house,True,True,
2017,2016,center_type,mental_health,Mental health treatment,True,True,
2017,2016,center_type,cooccurring,Co-occurring mental health and substance use,False,True,
2017,2016,setting,outpatient,Outpatient,True,True,
2017,2016,setting,residential,Residential,True,True,
2017,2016,setting,hospital_inpatient,Hospital inpatient,True,True,
2017,2016,payment,medicare,Medicare,True,True,
2017,2016,payment,medicaid,Medicaid,True,True,
2017,2016,payment,military_insurance,Military insurance,True,True,
2017,2016,payment,private_insurance,Private health insurance,True,True,
2017,2016,payment,self_pay,Cash or self-payment,True,True,
2017,2016,payment,state_financed,State-financed insurance,True,True,
2017,2016,payment,payment_assistance,Payment assistance,True,True,
2017,2016,payment,sliding_fee,Sliding fee scale,True,True,
2017,2016,service_family,substance_use_treatment,Substance use treatment,True,True,
2017,2016,service_family,detoxification,Detoxification,True,True,
2017,2016,service_family,transitional_housing,Transitional housing/halfway house,True,True,
2017,2016,service_family,cooccurring,Co-occurring mental health and substance use treatment,False,True,
2017,2016,service_family,outpatient_treatment,Outpatient treatment,True,True,
2017,2016,service_family,residential_treatment,Residential treatment,True,True,
2017,2016,service_family,hospital_inpatient,Hospital inpatient treatment,True,True,
2017,2016,service_family,opioid_treatment_program,SAMHSA-certified opioid treatment program,True,True,
2017,2016,service_family,methadone,Methadone services,True,True,
2017,2016,service_family,buprenorphine,Buprenorphine services,True,True,
2017,2016,service_family,naltrexone,Naltrexone services,True,True,
2017,2016,service_family,telehealth,Telehealth/telemedicine,False,True,
2017,2016,original_code,ACC,ACC,True,False,Original SAMHSA directory code; meaning and availability may vary by year.
2017,2016,original_code,ACM,Acamprosate (Campral®) CT Computerized treatment,True,False,Original SAMHSA directory code; meaning and availability may vary by year.
2017,2016,original_code,ACU,ACU,True,False,Original SAMHSA directory code; meaning and availability may vary by year.
2017,2016,original_code,AD,Adolescents,True,False,Original SAMHSA directory code; meaning and availability may vary by year.
2017,2016,original_code,ADD,ADD,True,False,Original SAMHSA directory code; meaning and availability may vary by year.
2017,2016,original_code,ADLT,Adults SHB Screening for Hepatitis B,True,False,Original SAMHSA directory code; meaning and availability may vary by year.
2017,2016,original_code,ADM,Active duty military,True,False,Original SAMHSA directory code; meaning and availability may vary by year.
2017,2016,original_code,ADTX,ADTX,True,False,Original SAMHSA directory code; meaning and availability may vary by year.
2017,2016,original_code,AH,Services for deaf and hard of hearing,True,False,Original SAMHSA directory code; meaning and availability may vary by year.
2017,2016,original_code,ANG,"Anger management FSA Federal, or any government funding for",True,False,Original SAMHSA directory code; meaning and availability may vary by year.
2017,2016,original_code,AOSS,Assistance with obtaining social services,True,False,Original SAMHSA directory code; meaning and availability may vary by year.
2017,2016,original_code,AR,AR,True,False,Original SAMHSA directory code; meaning and availability may vary by year.
2017,2016,original_code,ATR,Access to Recovery (ATR) vouchers,True,False,Original SAMHSA directory code; meaning and availability may vary by year.
2017,2016,original_code,BABA,Breath analyzer for blood alcohol testing,True,False,Original SAMHSA directory code; meaning and availability may vary by year.
2017,2016,original_code,BC,Residential beds for clients’ children,True,False,Original SAMHSA directory code; meaning and availability may vary by year.
2017,2016,original_code,BDTX,Benzodiazepines detoxification,True,False,Original SAMHSA directory code; meaning and availability may vary by year.
2017,2016,original_code,BIA,Brief intervention substance abuse programs,True,False,Original SAMHSA directory code; meaning and availability may vary by year.
2017,2016,original_code,BMO,"Methadone and buprenorphine clients only TAEC Hepatitis education, counseling, or support",True,False,Original SAMHSA directory code; meaning and availability may vary by year.
2017,2016,original_code,BMW,Buprenorphine maintenance for a pre- HI Hospital inpatient,True,False,Original SAMHSA directory code; meaning and availability may vary by year.
2017,2016,original_code,BU,Buprenorphine used in treatment,True,False,Original SAMHSA directory code; meaning and availability may vary by year.
2017,2016,original_code,BUM,BUM,True,False,Original SAMHSA directory code; meaning and availability may vary by year.
2017,2016,original_code,CARF,Commission on Accreditation of Rehabilitation,True,False,Original SAMHSA directory code; meaning and availability may vary by year.
2017,2016,original_code,CBT,Cognitive behavioral therapy ITU IHS/Tribal/Urban (ITU) funds,True,False,Original SAMHSA directory code; meaning and availability may vary by year.
2017,2016,original_code,CCC,Child care for clients’ children,True,False,Original SAMHSA directory code; meaning and availability may vary by year.
2017,2016,original_code,CDTX,Cocaine detoxification,True,False,Original SAMHSA directory code; meaning and availability may vary by year.
2017,2016,original_code,CH,CH,True,False,Original SAMHSA directory code; meaning and availability may vary by year.
2017,2016,original_code,CHLD,Children/adolescents SHC Screening for Hepatitis C,True,False,Original SAMHSA directory code; meaning and availability may vary by year.
2017,2016,original_code,CJ,Criminal justice clients,True,False,Original SAMHSA directory code; meaning and availability may vary by year.
2017,2016,original_code,CM,Case management,True,False,Original SAMHSA directory code; meaning and availability may vary by year.
2017,2016,original_code,CMHA,CMHA,True,False,Original SAMHSA directory code; meaning and availability may vary by year.
2017,2016,original_code,CMI,Contingency management/motivational MC Medicare,True,False,Original SAMHSA directory code; meaning and availability may vary by year.
2017,2016,original_code,CO,Persons with co-occurring mental and substance,True,False,Original SAMHSA directory code; meaning and availability may vary by year.
2017,2016,original_code,COA,Council on Accreditation,True,False,Original SAMHSA directory code; meaning and availability may vary by year.
2017,2016,original_code,CRV,"Community reinforcement plus vouchers MI Military insurance (e.g., VA, TRICARE)",True,False,Original SAMHSA directory code; meaning and availability may vary by year.
2017,2016,original_code,CSAA,Comprehensive mental health assessment,True,False,Original SAMHSA directory code; meaning and availability may vary by year.
2017,2016,original_code,CT,CT,True,False,Original SAMHSA directory code; meaning and availability may vary by year.
2017,2016,original_code,DAUT,Drug or alcohol urine screening,True,False,Original SAMHSA directory code; meaning and availability may vary by year.
2017,2016,original_code,DB,Buprenorphine detoxification OD Outpatient detoxification,True,False,Original SAMHSA directory code; meaning and availability may vary by year.
2017,2016,original_code,DBT,Dialectical behavioral therapy NP No payment accepted,True,False,Original SAMHSA directory code; meaning and availability may vary by year.
2017,2016,original_code,DD,DD,True,False,Original SAMHSA directory code; meaning and availability may vary by year.
2017,2016,original_code,DDF,Department of Defense,True,False,Original SAMHSA directory code; meaning and availability may vary by year.
2017,2016,original_code,DM,Methadone detoxification,True,False,Original SAMHSA directory code; meaning and availability may vary by year.
2017,2016,original_code,DP,Discharge planning,True,False,Original SAMHSA directory code; meaning and availability may vary by year.
2017,2016,original_code,DSF,Disulfiram (Antabuse®) hospitalization,True,False,Original SAMHSA directory code; meaning and availability may vary by year.
2017,2016,original_code,DT,Detoxification,True,False,Original SAMHSA directory code; meaning and availability may vary by year.
2017,2016,original_code,DU,DUI/DWI clients TBS TB screening,True,False,Original SAMHSA directory code; meaning and availability may vary by year.
2017,2016,original_code,DUO,Serves only DUI/DWI clients TCC Smoking/tobacco cessation counseling,True,False,Original SAMHSA directory code; meaning and availability may vary by year.
2017,2016,original_code,DV,Persons who have experienced domestic violence,True,False,Original SAMHSA directory code; meaning and availability may vary by year.
2017,2016,original_code,DVFP,Domestic violence services—family or partner,True,False,Original SAMHSA directory code; meaning and availability may vary by year.
2017,2016,original_code,EIH,Early intervention for HIV,True,False,Original SAMHSA directory code; meaning and availability may vary by year.
2017,2016,original_code,EMP,Employment counseling or training,True,False,Original SAMHSA directory code; meaning and availability may vary by year.
2017,2016,original_code,F10,Bosnian F36 Hindi F119 Marathi F154 Taiwanese,True,False,Original SAMHSA directory code; meaning and availability may vary by year.
2017,2016,original_code,F102,Edo F47 Korean F70 Russian,True,False,Original SAMHSA directory code; meaning and availability may vary by year.
2017,2016,original_code,F104,F104,True,False,Original SAMHSA directory code; meaning and availability may vary by year.
2017,2016,original_code,F105,Cebuano F39 Igbo F62 Nigerian F141 Tigrinya,True,False,Original SAMHSA directory code; meaning and availability may vary by year.
2017,2016,original_code,F108,F108,True,False,Original SAMHSA directory code; meaning and availability may vary by year.
2017,2016,original_code,F11,Bulgarian F37 Hmong F58 Mien F82 Tamil,True,False,Original SAMHSA directory code; meaning and availability may vary by year.
2017,2016,original_code,F110,Akan F28 French F48 Lao F74 Serbian/Croatian,True,False,Original SAMHSA directory code; meaning and availability may vary by year.
2017,2016,original_code,F119,F119,True,False,Original SAMHSA directory code; meaning and availability may vary by year.
2017,2016,original_code,F12,Burmese F38 Hungarian F60 Mongolian F85 Telugu,True,False,Original SAMHSA directory code; meaning and availability may vary by year.
2017,2016,original_code,F132,Dzongkha F152 Kirundi F69 Romanian F159 Zulu,True,False,Original SAMHSA directory code; meaning and availability may vary by year.
2017,2016,original_code,F135,F135,True,False,Original SAMHSA directory code; meaning and availability may vary by year.
2017,2016,original_code,F142,F142,True,False,Original SAMHSA directory code; meaning and availability may vary by year.
2017,2016,original_code,F147,F147,True,False,Original SAMHSA directory code; meaning and availability may vary by year.
2017,2016,original_code,F15,Chaldean F40 Ilocano F63 Norwegian F87 Tongan,True,False,Original SAMHSA directory code; meaning and availability may vary by year.
2017,2016,original_code,F151,Burundi F147 Ibibio F61 Nepali F86 Thai,True,False,Original SAMHSA directory code; meaning and availability may vary by year.
2017,2016,original_code,F153,F153,True,False,Original SAMHSA directory code; meaning and availability may vary by year.
2017,2016,original_code,F159,F159,True,False,Original SAMHSA directory code; meaning and availability may vary by year.
2017,2016,original_code,F161,Bisaya F35 Hebrew F120 Mandinka F166 Taishanese,True,False,Original SAMHSA directory code; meaning and availability may vary by year.
2017,2016,original_code,F17,Chinese F164 Ilonggo F167 Nuer F88 Turkish,True,False,Original SAMHSA directory code; meaning and availability may vary by year.
2017,2016,original_code,F18,Chuukese F42 Italian F153 Oroma F89 Ukrainian,True,False,Original SAMHSA directory code; meaning and availability may vary by year.
2017,2016,original_code,F19,Creole F43 Japanese F64 Palauan F91 Urdu,True,False,Original SAMHSA directory code; meaning and availability may vary by year.
2017,2016,original_code,F2,Albanian F165 Fula F49 Latvian F75 Slavic,True,False,Original SAMHSA directory code; meaning and availability may vary by year.
2017,2016,original_code,F20,"Croatian F113 Kannada F118 Pashto, Southern F92 Vietnamese",True,False,Original SAMHSA directory code; meaning and availability may vary by year.
2017,2016,original_code,F21,Czech F142 Karen F66 Polish F144 Visayan,True,False,Original SAMHSA directory code; meaning and availability may vary by year.
2017,2016,original_code,F22,Danish F44 Khmer F67 Portuguese F94 Yapese,True,False,Original SAMHSA directory code; meaning and availability may vary by year.
2017,2016,original_code,F23,Dutch F46 Kinyarwand F68 Quiche F96 Yoruba,True,False,Original SAMHSA directory code; meaning and availability may vary by year.
2017,2016,original_code,F25,Farsi F109 Krio F71 Samoan,True,False,Original SAMHSA directory code; meaning and availability may vary by year.
2017,2016,original_code,F26,Fijian F135 Kurdish F73 Serbian,True,False,Original SAMHSA directory code; meaning and availability may vary by year.
2017,2016,original_code,F28,F28,True,False,Original SAMHSA directory code; meaning and availability may vary by year.
2017,2016,original_code,F3,Amharic F157 Georgian F160 Lingala F76 Slovak,True,False,Original SAMHSA directory code; meaning and availability may vary by year.
2017,2016,original_code,F30,F30,True,False,Original SAMHSA directory code; meaning and availability may vary by year.
2017,2016,original_code,F31,F31,True,False,Original SAMHSA directory code; meaning and availability may vary by year.
2017,2016,original_code,F33,F33,True,False,Original SAMHSA directory code; meaning and availability may vary by year.
2017,2016,original_code,F34,F34,True,False,Original SAMHSA directory code; meaning and availability may vary by year.
2017,2016,original_code,F35,F35,True,False,Original SAMHSA directory code; meaning and availability may vary by year.
2017,2016,original_code,F36,F36,True,False,Original SAMHSA directory code; meaning and availability may vary by year.
2017,2016,original_code,F37,F37,True,False,Original SAMHSA directory code; meaning and availability may vary by year.
2017,2016,original_code,F38,F38,True,False,Original SAMHSA directory code; meaning and availability may vary by year.
2017,2016,original_code,F39,F39,True,False,Original SAMHSA directory code; meaning and availability may vary by year.
2017,2016,original_code,F4,Arabic F30 German F99 Lithuanian F104 Somali,True,False,Original SAMHSA directory code; meaning and availability may vary by year.
2017,2016,original_code,F40,F40,True,False,Original SAMHSA directory code; meaning and availability may vary by year.
2017,2016,original_code,F42,F42,True,False,Original SAMHSA directory code; meaning and availability may vary by year.
2017,2016,original_code,F43,F43,True,False,Original SAMHSA directory code; meaning and availability may vary by year.
2017,2016,original_code,F44,F44,True,False,Original SAMHSA directory code; meaning and availability may vary by year.
2017,2016,original_code,F47,F47,True,False,Original SAMHSA directory code; meaning and availability may vary by year.
2017,2016,original_code,F48,F48,True,False,Original SAMHSA directory code; meaning and availability may vary by year.
2017,2016,original_code,F5,Armenian F31 Greek F52 Macedonian SP Spanish,True,False,Original SAMHSA directory code; meaning and availability may vary by year.
2017,2016,original_code,F52,F52,True,False,Original SAMHSA directory code; meaning and availability may vary by year.
2017,2016,original_code,F53,F53,True,False,Original SAMHSA directory code; meaning and availability may vary by year.
2017,2016,original_code,F58,F58,True,False,Original SAMHSA directory code; meaning and availability may vary by year.
2017,2016,original_code,F6,Assyrian F33 Gujurati F163 Mai Mai F79 Swahili,True,False,Original SAMHSA directory code; meaning and availability may vary by year.
2017,2016,original_code,F60,F60,True,False,Original SAMHSA directory code; meaning and availability may vary by year.
2017,2016,original_code,F61,F61,True,False,Original SAMHSA directory code; meaning and availability may vary by year.
2017,2016,original_code,F63,F63,True,False,Original SAMHSA directory code; meaning and availability may vary by year.
2017,2016,original_code,F64,F64,True,False,Original SAMHSA directory code; meaning and availability may vary by year.
2017,2016,original_code,F65,F65,True,False,Original SAMHSA directory code; meaning and availability may vary by year.
2017,2016,original_code,F66,F66,True,False,Original SAMHSA directory code; meaning and availability may vary by year.
2017,2016,original_code,F67,F67,True,False,Original SAMHSA directory code; meaning and availability may vary by year.
2017,2016,original_code,F68,F68,True,False,Original SAMHSA directory code; meaning and availability may vary by year.
2017,2016,original_code,F69,F69,True,False,Original SAMHSA directory code; meaning and availability may vary by year.
2017,2016,original_code,F70,F70,True,False,Original SAMHSA directory code; meaning and availability may vary by year.
2017,2016,original_code,F71,F71,True,False,Original SAMHSA directory code; meaning and availability may vary by year.
2017,2016,original_code,F73,F73,True,False,Original SAMHSA directory code; meaning and availability may vary by year.
2017,2016,original_code,F76,F76,True,False,Original SAMHSA directory code; meaning and availability may vary by year.
2017,2016,original_code,F79,F79,True,False,Original SAMHSA directory code; meaning and availability may vary by year.
2017,2016,original_code,F8,Belarusan F108 Hausa F53 Malay F80 Swedish,True,False,Original SAMHSA directory code; meaning and availability may vary by year.
2017,2016,original_code,F80,F80,True,False,Original SAMHSA directory code; meaning and availability may vary by year.
2017,2016,original_code,F81,F81,True,False,Original SAMHSA directory code; meaning and availability may vary by year.
2017,2016,original_code,F86,F86,True,False,Original SAMHSA directory code; meaning and availability may vary by year.
2017,2016,original_code,F87,F87,True,False,Original SAMHSA directory code; meaning and availability may vary by year.
2017,2016,original_code,F88,F88,True,False,Original SAMHSA directory code; meaning and availability may vary by year.
2017,2016,original_code,F89,F89,True,False,Original SAMHSA directory code; meaning and availability may vary by year.
2017,2016,original_code,F9,Bengali F34 Hawaiian F54 Malayalam F81 Tagalog,True,False,Original SAMHSA directory code; meaning and availability may vary by year.
2017,2016,original_code,F91,F91,True,False,Original SAMHSA directory code; meaning and availability may vary by year.
2017,2016,original_code,F92,F92,True,False,Original SAMHSA directory code; meaning and availability may vary by year.
2017,2016,original_code,F94,F94,True,False,Original SAMHSA directory code; meaning and availability may vary by year.
2017,2016,original_code,F95,F95,True,False,Original SAMHSA directory code; meaning and availability may vary by year.
2017,2016,original_code,F96,F96,True,False,Original SAMHSA directory code; meaning and availability may vary by year.
2017,2016,original_code,F98,Dari F45 Khmu F65 Punjabi F95 Yiddish,True,False,Original SAMHSA directory code; meaning and availability may vary by year.
2017,2016,original_code,F99,F99,True,False,Original SAMHSA directory code; meaning and availability may vary by year.
2017,2016,original_code,FCO,Family counseling offered,True,False,Original SAMHSA directory code; meaning and availability may vary by year.
2017,2016,original_code,FEM,Female SSD Social skills development,True,False,Original SAMHSA directory code; meaning and availability may vary by year.
2017,2016,original_code,FSA,FSA,True,False,Original SAMHSA directory code; meaning and availability may vary by year.
2017,2016,original_code,GCO,Group counseling offered,True,False,Original SAMHSA directory code; meaning and availability may vary by year.
2017,2016,original_code,GH,GH,True,False,Original SAMHSA directory code; meaning and availability may vary by year.
2017,2016,original_code,GHF,General Health Services SMON Smoking not permitted,True,False,Original SAMHSA directory code; meaning and availability may vary by year.
2017,2016,original_code,GL,"Lesbian, gay, bisexual, or transgender (LGBT)",True,False,Original SAMHSA directory code; meaning and availability may vary by year.
2017,2016,original_code,HAEC,"HIV or AIDS education, counseling, or support",True,False,Original SAMHSA directory code; meaning and availability may vary by year.
2017,2016,original_code,HEOH,Health education services other than HIV/,True,False,Original SAMHSA directory code; meaning and availability may vary by year.
2017,2016,original_code,HFAP,Healthcare Facilities Accreditation Program,True,False,Original SAMHSA directory code; meaning and availability may vary by year.
2017,2016,original_code,HH,Transitional housing or halfway house,True,False,Original SAMHSA directory code; meaning and availability may vary by year.
2017,2016,original_code,HI,Hospital inpatient,True,False,Original SAMHSA directory code; meaning and availability may vary by year.
2017,2016,original_code,HID,HID,True,False,Original SAMHSA directory code; meaning and availability may vary by year.
2017,2016,original_code,HIT,HIT,True,False,Original SAMHSA directory code; meaning and availability may vary by year.
2017,2016,original_code,HIVT,HIV testing,True,False,Original SAMHSA directory code; meaning and availability may vary by year.
2017,2016,original_code,HLA,Hospital licensing authority,True,False,Original SAMHSA directory code; meaning and availability may vary by year.
2017,2016,original_code,HS,HS,True,False,Original SAMHSA directory code; meaning and availability may vary by year.
2017,2016,original_code,HV,Persons with HIV/AIDS,True,False,Original SAMHSA directory code; meaning and availability may vary by year.
2017,2016,original_code,ICO,Individual counseling offered,True,False,Original SAMHSA directory code; meaning and availability may vary by year.
2017,2016,original_code,ID,ID,True,False,Original SAMHSA directory code; meaning and availability may vary by year.
2017,2016,original_code,IH,Indian Health Service,True,False,Original SAMHSA directory code; meaning and availability may vary by year.
2017,2016,original_code,IO,IO,True,False,Original SAMHSA directory code; meaning and availability may vary by year.
2017,2016,original_code,ISC,Interim services for clients,True,False,Original SAMHSA directory code; meaning and availability may vary by year.
2017,2016,original_code,ITU,ITU,True,False,Original SAMHSA directory code; meaning and availability may vary by year.
2017,2016,original_code,JC,The Joint Commission,True,False,Original SAMHSA directory code; meaning and availability may vary by year.
2017,2016,original_code,LCCG,"Local, county, or community government",True,False,Original SAMHSA directory code; meaning and availability may vary by year.
2017,2016,original_code,MALE,Male STDT STD testing,True,False,Original SAMHSA directory code; meaning and availability may vary by year.
2017,2016,original_code,MC,Medicare,True,False,Original SAMHSA directory code; meaning and availability may vary by year.
2017,2016,original_code,MCO,Marital/couples counseling offered,True,False,Original SAMHSA directory code; meaning and availability may vary by year.
2017,2016,original_code,MD,Medicaid,True,False,Original SAMHSA directory code; meaning and availability may vary by year.
2017,2016,original_code,MDTX,Methamphetamine detoxification,True,False,Original SAMHSA directory code; meaning and availability may vary by year.
2017,2016,original_code,METH,Methadone naltrexone treatment,True,False,Original SAMHSA directory code; meaning and availability may vary by year.
2017,2016,original_code,MF,Military families,True,False,Original SAMHSA directory code; meaning and availability may vary by year.
2017,2016,original_code,MH,MH,True,False,Original SAMHSA directory code; meaning and availability may vary by year.
2017,2016,original_code,MHF,Mental Health Treatment Services SMOP Smoking permitted without restriction,True,False,Original SAMHSA directory code; meaning and availability may vary by year.
2017,2016,original_code,MHS,Mental health services,True,False,Original SAMHSA directory code; meaning and availability may vary by year.
2017,2016,original_code,MI,Military insurance,True,False,Original SAMHSA directory code; meaning and availability may vary by year.
2017,2016,original_code,MM,Methadone maintenance,True,False,Original SAMHSA directory code; meaning and availability may vary by year.
2017,2016,original_code,MMW,Methadone maintenance for pre-determined ORT Regular outpatient treatment,True,False,Original SAMHSA directory code; meaning and availability may vary by year.
2017,2016,original_code,MN,Adult men,True,False,Original SAMHSA directory code; meaning and availability may vary by year.
2017,2016,original_code,MO,Methadone clients only TGD Treatment for gambling disorder,True,False,Original SAMHSA directory code; meaning and availability may vary by year.
2017,2016,original_code,MOA,Accepts clients on opioid medication PSYH Psychiatric hospital,True,False,Original SAMHSA directory code; meaning and availability may vary by year.
2017,2016,original_code,MOTI,Motivational interviewing PI Private health insurance,True,False,Original SAMHSA directory code; meaning and availability may vary by year.
2017,2016,original_code,MPD,Medications for psychiatric disorders RD Residential detoxification,True,False,Original SAMHSA directory code; meaning and availability may vary by year.
2017,2016,original_code,MXM,Matrix Model SF Cash or self-payment,True,False,Original SAMHSA directory code; meaning and availability may vary by year.
2017,2016,original_code,N13,N13,True,False,Original SAMHSA directory code; meaning and availability may vary by year.
2017,2016,original_code,N16,N16,True,False,Original SAMHSA directory code; meaning and availability may vary by year.
2017,2016,original_code,N18,N18,True,False,Original SAMHSA directory code; meaning and availability may vary by year.
2017,2016,original_code,N23,N23,True,False,Original SAMHSA directory code; meaning and availability may vary by year.
2017,2016,original_code,N24,N24,True,False,Original SAMHSA directory code; meaning and availability may vary by year.
2017,2016,original_code,N28,N28,True,False,Original SAMHSA directory code; meaning and availability may vary by year.
2017,2016,original_code,N32,N32,True,False,Original SAMHSA directory code; meaning and availability may vary by year.
2017,2016,original_code,N33,N33,True,False,Original SAMHSA directory code; meaning and availability may vary by year.
2017,2016,original_code,N35,N35,True,False,Original SAMHSA directory code; meaning and availability may vary by year.
2017,2016,original_code,N36,N36,True,False,Original SAMHSA directory code; meaning and availability may vary by year.
2017,2016,original_code,N4,Cherokee N13 Hopi N28 Passamaquoddy N51 Triqui,True,False,Original SAMHSA directory code; meaning and availability may vary by year.
2017,2016,original_code,N40,N40,True,False,Original SAMHSA directory code; meaning and availability may vary by year.
2017,2016,original_code,N41,N41,True,False,Original SAMHSA directory code; meaning and availability may vary by year.
2017,2016,original_code,N49,N49,True,False,Original SAMHSA directory code; meaning and availability may vary by year.
2017,2016,original_code,N5,Cheyenne N70 Inupiaq N32 Shoshoni N79 Tsimshian,True,False,Original SAMHSA directory code; meaning and availability may vary by year.
2017,2016,original_code,N65,Aleut N76 Gwichin N23 Navajo N35 Tohono O’odham,True,False,Original SAMHSA directory code; meaning and availability may vary by year.
2017,2016,original_code,N7,Cocopah N18 Lakota N49 Tiwa N41 Zuni,True,False,Original SAMHSA directory code; meaning and availability may vary by year.
2017,2016,original_code,N70,N70,True,False,Original SAMHSA directory code; meaning and availability may vary by year.
2017,2016,original_code,N73,Anishinaabemowin N42 Haida N24 Ojibwa N36 Towa,True,False,Original SAMHSA directory code; meaning and availability may vary by year.
2017,2016,original_code,N75,Chickasaw N16 Keres N33 Tewa N40 Yupik,True,False,Original SAMHSA directory code; meaning and availability may vary by year.
2017,2016,original_code,N76,N76,True,False,Original SAMHSA directory code; meaning and availability may vary by year.
2017,2016,original_code,N9,Crow N22 Mohawk N34 Tlingit,True,False,Original SAMHSA directory code; meaning and availability may vary by year.
2017,2016,original_code,NCQA,National Committee for Quality Assurance,True,False,Original SAMHSA directory code; meaning and availability may vary by year.
2017,2016,original_code,NMOA,Does not use medication for opioid addiction RES Residential,True,False,Original SAMHSA directory code; meaning and availability may vary by year.
2017,2016,original_code,NOOP,Does not treat opioid addiction RL Long-term residential (more than 30 days),True,False,Original SAMHSA directory code; meaning and availability may vary by year.
2017,2016,original_code,NP,NP,True,False,Original SAMHSA directory code; meaning and availability may vary by year.
2017,2016,original_code,NRT,Nicotine replacement therapy,True,False,Original SAMHSA directory code; meaning and availability may vary by year.
2017,2016,original_code,NSC,Non-nicotine smoking/tobacco cessation,True,False,Original SAMHSA directory code; meaning and availability may vary by year.
2017,2016,original_code,NXN,Naltrexone (oral) RS Short-term residential (30 days or less),True,False,Original SAMHSA directory code; meaning and availability may vary by year.
2017,2016,original_code,OD,Outpatient detoxification,True,False,Original SAMHSA directory code; meaning and availability may vary by year.
2017,2016,original_code,ODT,Outpatient day treatment,True,False,Original SAMHSA directory code; meaning and availability may vary by year.
2017,2016,original_code,ODTX,Opioid detoxification,True,False,Original SAMHSA directory code; meaning and availability may vary by year.
2017,2016,original_code,OH,OH,True,False,Original SAMHSA directory code; meaning and availability may vary by year.
2017,2016,original_code,OIT,Intensive outpatient treatment,True,False,Original SAMHSA directory code; meaning and availability may vary by year.
2017,2016,original_code,OMB,Outpatient medication treatment,True,False,Original SAMHSA directory code; meaning and availability may vary by year.
2017,2016,original_code,OP,Outpatient,True,False,Original SAMHSA directory code; meaning and availability may vary by year.
2017,2016,original_code,OPC,Outreach to persons in the community,True,False,Original SAMHSA directory code; meaning and availability may vary by year.
2017,2016,original_code,OR,OR,True,False,Original SAMHSA directory code; meaning and availability may vary by year.
2017,2016,original_code,ORT,Regular outpatient treatment,True,False,Original SAMHSA directory code; meaning and availability may vary by year.
2017,2016,original_code,OS,OS,True,False,Original SAMHSA directory code; meaning and availability may vary by year.
2017,2016,original_code,OTP,SAMHSA-certified opioid treatment program,True,False,Original SAMHSA directory code; meaning and availability may vary by year.
2017,2016,original_code,OTPA,All clients in Opioid Treatment Program,True,False,Original SAMHSA directory code; meaning and availability may vary by year.
2017,2016,original_code,OW,OW,True,False,Original SAMHSA directory code; meaning and availability may vary by year.
2017,2016,original_code,PA,Payment assistance,True,False,Original SAMHSA directory code; meaning and availability may vary by year.
2017,2016,original_code,PAIN,Use methadone/buprenorphine for pain DDF Department of Defense,True,False,Original SAMHSA directory code; meaning and availability may vary by year.
2017,2016,original_code,PEER,Consumer-run (peer support services),True,False,Original SAMHSA directory code; meaning and availability may vary by year.
2017,2016,original_code,PI,Private health insurance,True,False,Original SAMHSA directory code; meaning and availability may vary by year.
2017,2016,original_code,PSYH,PSYH,True,False,Original SAMHSA directory code; meaning and availability may vary by year.
2017,2016,original_code,PVT,PVT,True,False,Original SAMHSA directory code; meaning and availability may vary by year.
2017,2016,original_code,PW,Pregnant/postpartum women,True,False,Original SAMHSA directory code; meaning and availability may vary by year.
2017,2016,original_code,RD,Residential detoxification,True,False,Original SAMHSA directory code; meaning and availability may vary by year.
2017,2016,original_code,REBT,Rational emotive behavioral therapy SI State financed insurance (other than Medicaid),True,False,Original SAMHSA directory code; meaning and availability may vary by year.
2017,2016,original_code,RELP,Relapse prevention,True,False,Original SAMHSA directory code; meaning and availability may vary by year.
2017,2016,original_code,RES,Residential,True,False,Original SAMHSA directory code; meaning and availability may vary by year.
2017,2016,original_code,RL,Long-term residential,True,False,Original SAMHSA directory code; meaning and availability may vary by year.
2017,2016,original_code,RPN,"Relapse prevention with naltrexone LCCG Local, county, or community government",True,False,Original SAMHSA directory code; meaning and availability may vary by year.
2017,2016,original_code,RR,RR,True,False,Original SAMHSA directory code; meaning and availability may vary by year.
2017,2016,original_code,RS,Short-term residential,True,False,Original SAMHSA directory code; meaning and availability may vary by year.
2017,2016,original_code,SA,Substance use treatment,True,False,Original SAMHSA directory code; meaning and availability may vary by year.
2017,2016,original_code,SACA,Substance abuse counseling,True,False,Original SAMHSA directory code; meaning and availability may vary by year.
2017,2016,original_code,SAE,Substance abuse education,True,False,Original SAMHSA directory code; meaning and availability may vary by year.
2017,2016,original_code,SAF,Substance Abuse Treatment Services,True,False,Original SAMHSA directory code; meaning and availability may vary by year.
2017,2016,original_code,SC,SC,True,False,Original SAMHSA directory code; meaning and availability may vary by year.
2017,2016,original_code,SE,Seniors/older adults,True,False,Original SAMHSA directory code; meaning and availability may vary by year.
2017,2016,original_code,SF,Cash or self-payment,True,False,Original SAMHSA directory code; meaning and availability may vary by year.
2017,2016,original_code,SHB,SHB,True,False,Original SAMHSA directory code; meaning and availability may vary by year.
2017,2016,original_code,SHC,SHC,True,False,Original SAMHSA directory code; meaning and availability may vary by year.
2017,2016,original_code,SHG,SHG,True,False,Original SAMHSA directory code; meaning and availability may vary by year.
2017,2016,original_code,SI,State-financed insurance,True,False,Original SAMHSA directory code; meaning and availability may vary by year.
2017,2016,original_code,SMHD,Screening for mental health disorders,True,False,Original SAMHSA directory code; meaning and availability may vary by year.
2017,2016,original_code,SMON,SMON,True,False,Original SAMHSA directory code; meaning and availability may vary by year.
2017,2016,original_code,SMOP,SMOP,True,False,Original SAMHSA directory code; meaning and availability may vary by year.
2017,2016,original_code,SMPD,SMPD,True,False,Original SAMHSA directory code; meaning and availability may vary by year.
2017,2016,original_code,SP,Spanish,True,False,Original SAMHSA directory code; meaning and availability may vary by year.
2017,2016,original_code,SS,Sliding fee scale,True,False,Original SAMHSA directory code; meaning and availability may vary by year.
2017,2016,original_code,SSA,Screening for substance abuse,True,False,Original SAMHSA directory code; meaning and availability may vary by year.
2017,2016,original_code,SSD,SSD,True,False,Original SAMHSA directory code; meaning and availability may vary by year.
2017,2016,original_code,STAG,State substance abuse agency,True,False,Original SAMHSA directory code; meaning and availability may vary by year.
2017,2016,original_code,STDH,State department of health,True,False,Original SAMHSA directory code; meaning and availability may vary by year.
2017,2016,original_code,STDT,STDT,True,False,Original SAMHSA directory code; meaning and availability may vary by year.
2017,2016,original_code,STG,State government,True,False,Original SAMHSA directory code; meaning and availability may vary by year.
2017,2016,original_code,STMH,State mental health department,True,False,Original SAMHSA directory code; meaning and availability may vary by year.
2017,2016,original_code,STU,Screening for tobacco use,True,False,Original SAMHSA directory code; meaning and availability may vary by year.
2017,2016,original_code,TA,Transportation assistance,True,False,Original SAMHSA directory code; meaning and availability may vary by year.
2017,2016,original_code,TAEC,TAEC,True,False,Original SAMHSA directory code; meaning and availability may vary by year.
2017,2016,original_code,TAY,Transitional age young adults,True,False,Original SAMHSA directory code; meaning and availability may vary by year.
2017,2016,original_code,TBG,Tribal government,True,False,Original SAMHSA directory code; meaning and availability may vary by year.
2017,2016,original_code,TBS,TBS,True,False,Original SAMHSA directory code; meaning and availability may vary by year.
2017,2016,original_code,TCC,TCC,True,False,Original SAMHSA directory code; meaning and availability may vary by year.
2017,2016,original_code,TGD,TGD,True,False,Original SAMHSA directory code; meaning and availability may vary by year.
2017,2016,original_code,TID,Treatment for Internet use disorder,True,False,Original SAMHSA directory code; meaning and availability may vary by year.
2017,2016,original_code,TRC,Trauma-related counseling,True,False,Original SAMHSA directory code; meaning and availability may vary by year.
2017,2016,original_code,TRMA,Persons who have experienced trauma,True,False,Original SAMHSA directory code; meaning and availability may vary by year.
2017,2016,original_code,TWFA,12-step facilitation,True,False,Original SAMHSA directory code; meaning and availability may vary by year.
2017,2016,original_code,UBN,Prescribes/administers buprenorphine and/or STG State government,True,False,Original SAMHSA directory code; meaning and availability may vary by year.
2017,2016,original_code,VAMC,Department of Veterans Affairs,True,False,Original SAMHSA directory code; meaning and availability may vary by year.
2017,2016,original_code,VET,Veterans,True,False,Original SAMHSA directory code; meaning and availability may vary by year.
2017,2016,original_code,VTRL,"Extended-release, injectable naltrexone VAMC U.S. Department of Veterans Affairs",True,False,Original SAMHSA directory code; meaning and availability may vary by year.
2017,2016,original_code,WN,Adult women,True,False,Original SAMHSA directory code; meaning and availability may vary by year.
2017,2016,original_code,XA,Persons who have experienced sexual abuse,True,False,Original SAMHSA directory code; meaning and availability may vary by year.
2017,2016,original_code,YAD,Young adults SHG Self-help groups,True,False,Original SAMHSA directory code; meaning and availability may vary by year.
2018,2017,ownership,private_unspecified,Private (type unspecified),True,False,Earlier directories do not consistently separate private ownership type.
2018,2017,ownership,private_nonprofit,Private nonprofit,False,True,
2018,2017,ownership,private_forprofit,Private for-profit,False,True,
2018,2017,ownership,local_government,Local/county government,True,True,
2018,2017,ownership,state_government,State government,True,True,
2018,2017,ownership,tribal_government,Tribal government,True,True,
2018,2017,ownership,federal_dod,Federal: Department of Defense,True,True,
2018,2017,ownership,federal_ihs,Federal: Indian Health Service,True,True,
2018,2017,ownership,federal_va,Federal: Veterans Affairs,True,True,
2018,2017,center_type,substance_use,Substance use treatment,True,True,
2018,2017,center_type,detoxification,Detoxification,True,True,
2018,2017,center_type,transitional_housing,Transitional housing/halfway house,True,True,
2018,2017,center_type,mental_health,Mental health treatment,True,True,
2018,2017,center_type,cooccurring,Co-occurring mental health and substance use,False,True,
2018,2017,setting,outpatient,Outpatient,True,True,
2018,2017,setting,residential,Residential,True,True,
2018,2017,setting,hospital_inpatient,Hospital inpatient,True,True,
2018,2017,payment,medicare,Medicare,True,True,
2018,2017,payment,medicaid,Medicaid,True,True,
2018,2017,payment,military_insurance,Military insurance,True,True,
2018,2017,payment,private_insurance,Private health insurance,True,True,
2018,2017,payment,self_pay,Cash or self-payment,True,True,
2018,2017,payment,state_financed,State-financed insurance,True,True,
2018,2017,payment,payment_assistance,Payment assistance,True,True,
2018,2017,payment,sliding_fee,Sliding fee scale,True,True,
2018,2017,service_family,substance_use_treatment,Substance use treatment,True,True,
2018,2017,service_family,detoxification,Detoxification,True,True,
2018,2017,service_family,transitional_housing,Transitional housing/halfway house,True,True,
2018,2017,service_family,cooccurring,Co-occurring mental health and substance use treatment,False,True,
2018,2017,service_family,outpatient_treatment,Outpatient treatment,True,True,
2018,2017,service_family,residential_treatment,Residential treatment,True,True,
2018,2017,service_family,hospital_inpatient,Hospital inpatient treatment,True,True,
2018,2017,service_family,opioid_treatment_program,SAMHSA-certified opioid treatment program,True,True,
2018,2017,service_family,methadone,Methadone services,True,True,
2018,2017,service_family,buprenorphine,Buprenorphine services,True,True,
2018,2017,service_family,naltrexone,Naltrexone services,True,True,
2018,2017,service_family,telehealth,Telehealth/telemedicine,False,True,
2018,2017,original_code,ACC,Aftercare/continuing care,True,False,Original SAMHSA directory code; meaning and availability may vary by year.
2018,2017,original_code,ACM,ACM,True,False,Original SAMHSA directory code; meaning and availability may vary by year.
2018,2017,original_code,ACU,ACU,True,False,Original SAMHSA directory code; meaning and availability may vary by year.
2018,2017,original_code,AD,Adolescents,True,False,Original SAMHSA directory code; meaning and availability may vary by year.
2018,2017,original_code,ADD,Treatment for non-substance abuse addiction,True,False,Original SAMHSA directory code; meaning and availability may vary by year.
2018,2017,original_code,ADLT,Adults,True,False,Original SAMHSA directory code; meaning and availability may vary by year.
2018,2017,original_code,ADM,Active duty military disorder,True,False,Original SAMHSA directory code; meaning and availability may vary by year.
2018,2017,original_code,ADTX,Alcohol Detoxification,True,False,Original SAMHSA directory code; meaning and availability may vary by year.
2018,2017,original_code,AH,Services for deaf and hard of hearing,True,False,Original SAMHSA directory code; meaning and availability may vary by year.
2018,2017,original_code,ANG,ANG,True,False,Original SAMHSA directory code; meaning and availability may vary by year.
2018,2017,original_code,AOSS,AOSS,True,False,Original SAMHSA directory code; meaning and availability may vary by year.
2018,2017,original_code,AR,AR,True,False,Original SAMHSA directory code; meaning and availability may vary by year.
2018,2017,original_code,ATR,Access to recovery (ATR) voucher,True,False,Original SAMHSA directory code; meaning and availability may vary by year.
2018,2017,original_code,BABA,Breath analyzer or blood alcohol testing,True,False,Original SAMHSA directory code; meaning and availability may vary by year.
2018,2017,original_code,BC,Residential beds for clients children,True,False,Original SAMHSA directory code; meaning and availability may vary by year.
2018,2017,original_code,BDTX,Benzodiazepines Detoxification,True,False,Original SAMHSA directory code; meaning and availability may vary by year.
2018,2017,original_code,BIA,BIA,True,False,Original SAMHSA directory code; meaning and availability may vary by year.
2018,2017,original_code,BMO,Methadone and buprenorphine clients only,True,False,Original SAMHSA directory code; meaning and availability may vary by year.
2018,2017,original_code,BMW,Buprenorphine maintenance for predetermined,True,False,Original SAMHSA directory code; meaning and availability may vary by year.
2018,2017,original_code,BSDM,BSDM,True,False,Original SAMHSA directory code; meaning and availability may vary by year.
2018,2017,original_code,BU,Buprenorphine used in treatment,True,False,Original SAMHSA directory code; meaning and availability may vary by year.
2018,2017,original_code,BUM,Buprenorphine maintenance,True,False,Original SAMHSA directory code; meaning and availability may vary by year.
2018,2017,original_code,BWN,Buprenorphine with naloxone (Suboxone®),True,False,Original SAMHSA directory code; meaning and availability may vary by year.
2018,2017,original_code,BWON,Buprenorphine without naloxone,True,False,Original SAMHSA directory code; meaning and availability may vary by year.
2018,2017,original_code,CARF,CARF,True,False,Original SAMHSA directory code; meaning and availability may vary by year.
2018,2017,original_code,CBT,CBT,True,False,Original SAMHSA directory code; meaning and availability may vary by year.
2018,2017,original_code,CCC,Child care for clients children,True,False,Original SAMHSA directory code; meaning and availability may vary by year.
2018,2017,original_code,CDTX,Cocaine Detoxification,True,False,Original SAMHSA directory code; meaning and availability may vary by year.
2018,2017,original_code,CH,CH,True,False,Original SAMHSA directory code; meaning and availability may vary by year.
2018,2017,original_code,CHLD,Children/adolescents,True,False,Original SAMHSA directory code; meaning and availability may vary by year.
2018,2017,original_code,CJ,Clients referred from the court/judicial system TID Treatment for internet use disorder,True,False,Original SAMHSA directory code; meaning and availability may vary by year.
2018,2017,original_code,CM,CM,True,False,Original SAMHSA directory code; meaning and availability may vary by year.
2018,2017,original_code,CMHA,Comprehensive mental health assessment ICO Individual counseling offered,True,False,Original SAMHSA directory code; meaning and availability may vary by year.
2018,2017,original_code,CMI,CMI,True,False,Original SAMHSA directory code; meaning and availability may vary by year.
2018,2017,original_code,CO,Persons with co-occurring mental and substance,True,False,Original SAMHSA directory code; meaning and availability may vary by year.
2018,2017,original_code,COA,Council on Accreditation,True,False,Original SAMHSA directory code; meaning and availability may vary by year.
2018,2017,original_code,CRV,Community reinforcement plus vouchers,True,False,Original SAMHSA directory code; meaning and availability may vary by year.
2018,2017,original_code,CSAA,Comprehensive substance abuse assessment GCO Group counseling offered,True,False,Original SAMHSA directory code; meaning and availability may vary by year.
2018,2017,original_code,CT,Computerized treatment,True,False,Original SAMHSA directory code; meaning and availability may vary by year.
2018,2017,original_code,DAUT,DAUT,True,False,Original SAMHSA directory code; meaning and availability may vary by year.
2018,2017,original_code,DB,Buprenorphine detoxification,True,False,Original SAMHSA directory code; meaning and availability may vary by year.
2018,2017,original_code,DBT,Dialectical behavioral therapy,True,False,Original SAMHSA directory code; meaning and availability may vary by year.
2018,2017,original_code,DD,DD,True,False,Original SAMHSA directory code; meaning and availability may vary by year.
2018,2017,original_code,DDF,Department of Defense,True,False,Original SAMHSA directory code; meaning and availability may vary by year.
2018,2017,original_code,DM,Methadone detoxification,True,False,Original SAMHSA directory code; meaning and availability may vary by year.
2018,2017,original_code,DP,Discharge Planning,True,False,Original SAMHSA directory code; meaning and availability may vary by year.
2018,2017,original_code,DSF,DSF,True,False,Original SAMHSA directory code; meaning and availability may vary by year.
2018,2017,original_code,DT,Detoxification,True,False,Original SAMHSA directory code; meaning and availability may vary by year.
2018,2017,original_code,DU,DUI/DWI clients,True,False,Original SAMHSA directory code; meaning and availability may vary by year.
2018,2017,original_code,DUO,Serve only DWI clients,True,False,Original SAMHSA directory code; meaning and availability may vary by year.
2018,2017,original_code,DV,Persons who have experienced intimate partner,True,False,Original SAMHSA directory code; meaning and availability may vary by year.
2018,2017,original_code,DVFP,DVFP,True,False,Original SAMHSA directory code; meaning and availability may vary by year.
2018,2017,original_code,EIH,Early intervention for HIV,True,False,Original SAMHSA directory code; meaning and availability may vary by year.
2018,2017,original_code,EMP,Employment counseling or training,True,False,Original SAMHSA directory code; meaning and availability may vary by year.
2018,2017,original_code,F1,Afrikaans F28 French F160 Lingala F117 Serer-Sine,True,False,Original SAMHSA directory code; meaning and availability may vary by year.
2018,2017,original_code,F10,Bosnian F37 Hmong F58 Mien F138 Tajik,True,False,Original SAMHSA directory code; meaning and availability may vary by year.
2018,2017,original_code,F102,Edo F170 Konkani F133 Rundi F114 Wolof,True,False,Original SAMHSA directory code; meaning and availability may vary by year.
2018,2017,original_code,F104,F104,True,False,Original SAMHSA directory code; meaning and availability may vary by year.
2018,2017,original_code,F105,Cebuano F164 Ilonggo F63 Norwegian F148 Tibetan,True,False,Original SAMHSA directory code; meaning and availability may vary by year.
2018,2017,original_code,F11,Bulgarian F38 Hungarian F59 Mixteco F82 Tamil,True,False,Original SAMHSA directory code; meaning and availability may vary by year.
2018,2017,original_code,F110,"Akan F115 French, Cajun F99 Lithuanian F107 Shona",True,False,Original SAMHSA directory code; meaning and availability may vary by year.
2018,2017,original_code,F119,F119,True,False,Original SAMHSA directory code; meaning and availability may vary by year.
2018,2017,original_code,F12,Burmese F147 Ibibio F60 Mongolian F83 Telagu,True,False,Original SAMHSA directory code; meaning and availability may vary by year.
2018,2017,original_code,F124,F124,True,False,Original SAMHSA directory code; meaning and availability may vary by year.
2018,2017,original_code,F125,F125,True,False,Original SAMHSA directory code; meaning and availability may vary by year.
2018,2017,original_code,F126,Algonquin F129 Ganda F52 Macedonian F75 Slavic,True,False,Original SAMHSA directory code; meaning and availability may vary by year.
2018,2017,original_code,F13,Cantonese F39 Igbo F61 Nepali F85 Telugu,True,False,Original SAMHSA directory code; meaning and availability may vary by year.
2018,2017,original_code,F131,Bambara F33 Gujurati F120 Mandinka F112 Sunda,True,False,Original SAMHSA directory code; meaning and availability may vary by year.
2018,2017,original_code,F132,Dzongkha F152 Kirundi F69 Romanian F93 Woleaian,True,False,Original SAMHSA directory code; meaning and availability may vary by year.
2018,2017,original_code,F135,F135,True,False,Original SAMHSA directory code; meaning and availability may vary by year.
2018,2017,original_code,F136,F136,True,False,Original SAMHSA directory code; meaning and availability may vary by year.
2018,2017,original_code,F14,Cape Verdean F40 Ilocano F62 Nigerian F86 Thai,True,False,Original SAMHSA directory code; meaning and availability may vary by year.
2018,2017,original_code,F140,Akha F165 Fula F136 Luganda F169 Sindhi,True,False,Original SAMHSA directory code; meaning and availability may vary by year.
2018,2017,original_code,F142,F142,True,False,Original SAMHSA directory code; meaning and availability may vary by year.
2018,2017,original_code,F145,Annang F157 Georgian F53 Malay F77 Slovenian,True,False,Original SAMHSA directory code; meaning and availability may vary by year.
2018,2017,original_code,F146,Efik F47 Korean F150 Runyankole F94 Yapese,True,False,Original SAMHSA directory code; meaning and availability may vary by year.
2018,2017,original_code,F148,F148,True,False,Original SAMHSA directory code; meaning and availability may vary by year.
2018,2017,original_code,F149,Chin F42 Italian F64 Palauan F88 Turkish,True,False,Original SAMHSA directory code; meaning and availability may vary by year.
2018,2017,original_code,F15,Chaldean F41 Indonesian F167 Nuer F141 Tigrinya,True,False,Original SAMHSA directory code; meaning and availability may vary by year.
2018,2017,original_code,F151,Burundi F116 Icelandic F172 Napoletano-Calabrese F84 Telugo,True,False,Original SAMHSA directory code; meaning and availability may vary by year.
2018,2017,original_code,F153,F153,True,False,Original SAMHSA directory code; meaning and availability may vary by year.
2018,2017,original_code,F156,Bantu F106 Guyanese Creole English F119 Marathi F79 Swahili,True,False,Original SAMHSA directory code; meaning and availability may vary by year.
2018,2017,original_code,F157,F157,True,False,Original SAMHSA directory code; meaning and availability may vary by year.
2018,2017,original_code,F158,Flemish F50 Liberian F74 Serbian/Croatian,True,False,Original SAMHSA directory code; meaning and availability may vary by year.
2018,2017,original_code,F16,Chamorro F128 Inuktitut F153 Oroma F87 Tongan,True,False,Original SAMHSA directory code; meaning and availability may vary by year.
2018,2017,original_code,F161,Bisaya F36 Hindi F57 Micronesian F154 Taiwanese,True,False,Original SAMHSA directory code; meaning and availability may vary by year.
2018,2017,original_code,F168,Filipino F48 Lao F72 Satawalese F159 Zulu,True,False,Original SAMHSA directory code; meaning and availability may vary by year.
2018,2017,original_code,F17,Chinese F123 Jamaican Creole English F65 Panjabi F89 Ukrainian,True,False,Original SAMHSA directory code; meaning and availability may vary by year.
2018,2017,original_code,F18,"Chuukese F43 Japanese F118 Pashto, Southern F90 Ulithian",True,False,Original SAMHSA directory code; meaning and availability may vary by year.
2018,2017,original_code,F19,Creole F113 Kannada F130 Pengo F91 Urdu,True,False,Original SAMHSA directory code; meaning and availability may vary by year.
2018,2017,original_code,F2,Albanian F29 Gaelic F51 Luo F125 Sinhala,True,False,Original SAMHSA directory code; meaning and availability may vary by year.
2018,2017,original_code,F20,Croatian F142 Karen F137 Pidgin F127 Uru,True,False,Original SAMHSA directory code; meaning and availability may vary by year.
2018,2017,original_code,F21,Czech F100 Kewa F66 Polish F139 Uyghur,True,False,Original SAMHSA directory code; meaning and availability may vary by year.
2018,2017,original_code,F22,Danish F44 Khmer F67 Portuguese F101 Uzbek,True,False,Original SAMHSA directory code; meaning and availability may vary by year.
2018,2017,original_code,F23,Dutch F46 Kinyarwand F122 Romani F144 Visayan,True,False,Original SAMHSA directory code; meaning and availability may vary by year.
2018,2017,original_code,F24,Estonian F109 Krio F70 Russian F95 Yiddish,True,False,Original SAMHSA directory code; meaning and availability may vary by year.
2018,2017,original_code,F25,Farsi F135 Kurdish F71 Samoan F96 Yoruba,True,False,Original SAMHSA directory code; meaning and availability may vary by year.
2018,2017,original_code,F26,Fijian F143 Kyrgyz F124 Sanskrit F97 Zapotec,True,False,Original SAMHSA directory code; meaning and availability may vary by year.
2018,2017,original_code,F27,Finnish F49 Latvian F73 Serbian,True,False,Original SAMHSA directory code; meaning and availability may vary by year.
2018,2017,original_code,F28,F28,True,False,Original SAMHSA directory code; meaning and availability may vary by year.
2018,2017,original_code,F3,Amharic F103 Garifuna F163 Mai Mai F76 Slovak,True,False,Original SAMHSA directory code; meaning and availability may vary by year.
2018,2017,original_code,F30,F30,True,False,Original SAMHSA directory code; meaning and availability may vary by year.
2018,2017,original_code,F31,F31,True,False,Original SAMHSA directory code; meaning and availability may vary by year.
2018,2017,original_code,F33,F33,True,False,Original SAMHSA directory code; meaning and availability may vary by year.
2018,2017,original_code,F34,F34,True,False,Original SAMHSA directory code; meaning and availability may vary by year.
2018,2017,original_code,F35,F35,True,False,Original SAMHSA directory code; meaning and availability may vary by year.
2018,2017,original_code,F36,F36,True,False,Original SAMHSA directory code; meaning and availability may vary by year.
2018,2017,original_code,F37,F37,True,False,Original SAMHSA directory code; meaning and availability may vary by year.
2018,2017,original_code,F38,F38,True,False,Original SAMHSA directory code; meaning and availability may vary by year.
2018,2017,original_code,F39,F39,True,False,Original SAMHSA directory code; meaning and availability may vary by year.
2018,2017,original_code,F4,Arabic F30 German F54 Malayalam F104 Somali,True,False,Original SAMHSA directory code; meaning and availability may vary by year.
2018,2017,original_code,F40,F40,True,False,Original SAMHSA directory code; meaning and availability may vary by year.
2018,2017,original_code,F42,F42,True,False,Original SAMHSA directory code; meaning and availability may vary by year.
2018,2017,original_code,F43,F43,True,False,Original SAMHSA directory code; meaning and availability may vary by year.
2018,2017,original_code,F44,F44,True,False,Original SAMHSA directory code; meaning and availability may vary by year.
2018,2017,original_code,F47,F47,True,False,Original SAMHSA directory code; meaning and availability may vary by year.
2018,2017,original_code,F48,F48,True,False,Original SAMHSA directory code; meaning and availability may vary by year.
2018,2017,original_code,F5,Armenian F31 Greek F55 Maltese SP Spanish,True,False,Original SAMHSA directory code; meaning and availability may vary by year.
2018,2017,original_code,F51,F51,True,False,Original SAMHSA directory code; meaning and availability may vary by year.
2018,2017,original_code,F52,F52,True,False,Original SAMHSA directory code; meaning and availability may vary by year.
2018,2017,original_code,F53,F53,True,False,Original SAMHSA directory code; meaning and availability may vary by year.
2018,2017,original_code,F57,F57,True,False,Original SAMHSA directory code; meaning and availability may vary by year.
2018,2017,original_code,F6,Assyrian F32 Guarani F56 Mandarin F78 Sudanese,True,False,Original SAMHSA directory code; meaning and availability may vary by year.
2018,2017,original_code,F60,F60,True,False,Original SAMHSA directory code; meaning and availability may vary by year.
2018,2017,original_code,F61,F61,True,False,Original SAMHSA directory code; meaning and availability may vary by year.
2018,2017,original_code,F63,F63,True,False,Original SAMHSA directory code; meaning and availability may vary by year.
2018,2017,original_code,F65,F65,True,False,Original SAMHSA directory code; meaning and availability may vary by year.
2018,2017,original_code,F66,F66,True,False,Original SAMHSA directory code; meaning and availability may vary by year.
2018,2017,original_code,F67,F67,True,False,Original SAMHSA directory code; meaning and availability may vary by year.
2018,2017,original_code,F69,F69,True,False,Original SAMHSA directory code; meaning and availability may vary by year.
2018,2017,original_code,F7,Basque F108 Hausa F134 Marshallese F80 Swedish,True,False,Original SAMHSA directory code; meaning and availability may vary by year.
2018,2017,original_code,F70,F70,True,False,Original SAMHSA directory code; meaning and availability may vary by year.
2018,2017,original_code,F71,F71,True,False,Original SAMHSA directory code; meaning and availability may vary by year.
2018,2017,original_code,F73,F73,True,False,Original SAMHSA directory code; meaning and availability may vary by year.
2018,2017,original_code,F76,F76,True,False,Original SAMHSA directory code; meaning and availability may vary by year.
2018,2017,original_code,F79,F79,True,False,Original SAMHSA directory code; meaning and availability may vary by year.
2018,2017,original_code,F8,Belarusan F34 Hawaiian F155 Mayan F81 Tagalog,True,False,Original SAMHSA directory code; meaning and availability may vary by year.
2018,2017,original_code,F80,F80,True,False,Original SAMHSA directory code; meaning and availability may vary by year.
2018,2017,original_code,F81,F81,True,False,Original SAMHSA directory code; meaning and availability may vary by year.
2018,2017,original_code,F87,F87,True,False,Original SAMHSA directory code; meaning and availability may vary by year.
2018,2017,original_code,F88,F88,True,False,Original SAMHSA directory code; meaning and availability may vary by year.
2018,2017,original_code,F89,F89,True,False,Original SAMHSA directory code; meaning and availability may vary by year.
2018,2017,original_code,F9,Bengali F35 Hebrew F171 Mende F166 Taishanese,True,False,Original SAMHSA directory code; meaning and availability may vary by year.
2018,2017,original_code,F91,F91,True,False,Original SAMHSA directory code; meaning and availability may vary by year.
2018,2017,original_code,F92,F92,True,False,Original SAMHSA directory code; meaning and availability may vary by year.
2018,2017,original_code,F94,F94,True,False,Original SAMHSA directory code; meaning and availability may vary by year.
2018,2017,original_code,F95,F95,True,False,Original SAMHSA directory code; meaning and availability may vary by year.
2018,2017,original_code,F96,F96,True,False,Original SAMHSA directory code; meaning and availability may vary by year.
2018,2017,original_code,F98,Dari F45 Khmu F68 Quiche F92 Vietnamese,True,False,Original SAMHSA directory code; meaning and availability may vary by year.
2018,2017,original_code,F99,F99,True,False,Original SAMHSA directory code; meaning and availability may vary by year.
2018,2017,original_code,FCO,FCO,True,False,Original SAMHSA directory code; meaning and availability may vary by year.
2018,2017,original_code,FEM,Female,True,False,Original SAMHSA directory code; meaning and availability may vary by year.
2018,2017,original_code,FSA,"Federal, or any government funding for substance",True,False,Original SAMHSA directory code; meaning and availability may vary by year.
2018,2017,original_code,FX,Other languages(excluding Spanish),True,False,Original SAMHSA directory code; meaning and availability may vary by year.
2018,2017,original_code,GCO,GCO,True,False,Original SAMHSA directory code; meaning and availability may vary by year.
2018,2017,original_code,GH,General Hospital (including VA hospital) SACA Substance abuse counseling approach,True,False,Original SAMHSA directory code; meaning and availability may vary by year.
2018,2017,original_code,GL,"Lesbian, gay, bisexual, or transgender (LGBT)",True,False,Original SAMHSA directory code; meaning and availability may vary by year.
2018,2017,original_code,HAEC,"HIV or AIDS education, counseling, or support",True,False,Original SAMHSA directory code; meaning and availability may vary by year.
2018,2017,original_code,HEOH,Health education services other than HIV/AIDS,True,False,Original SAMHSA directory code; meaning and availability may vary by year.
2018,2017,original_code,HFAP,HFAP,True,False,Original SAMHSA directory code; meaning and availability may vary by year.
2018,2017,original_code,HH,Transitional housing or halfway house,True,False,Original SAMHSA directory code; meaning and availability may vary by year.
2018,2017,original_code,HI,Hospital inpatient,True,False,Original SAMHSA directory code; meaning and availability may vary by year.
2018,2017,original_code,HID,Hospital inpatient detoxification,True,False,Original SAMHSA directory code; meaning and availability may vary by year.
2018,2017,original_code,HIT,Hospital inpatient treatment 7 Treatment Approaches,True,False,Original SAMHSA directory code; meaning and availability may vary by year.
2018,2017,original_code,HIVT,HIV testing,True,False,Original SAMHSA directory code; meaning and availability may vary by year.
2018,2017,original_code,HLA,HLA,True,False,Original SAMHSA directory code; meaning and availability may vary by year.
2018,2017,original_code,HS,Housing services,True,False,Original SAMHSA directory code; meaning and availability may vary by year.
2018,2017,original_code,HV,Persons with HIV or AIDS,True,False,Original SAMHSA directory code; meaning and availability may vary by year.
2018,2017,original_code,ICO,ICO,True,False,Original SAMHSA directory code; meaning and availability may vary by year.
2018,2017,original_code,ID,ID,True,False,Original SAMHSA directory code; meaning and availability may vary by year.
2018,2017,original_code,IH,Indian Health Service,True,False,Original SAMHSA directory code; meaning and availability may vary by year.
2018,2017,original_code,IO,IO,True,False,Original SAMHSA directory code; meaning and availability may vary by year.
2018,2017,original_code,ISC,Interim services for clients FCO Family counseling offered,True,False,Original SAMHSA directory code; meaning and availability may vary by year.
2018,2017,original_code,ITU,IHS/Tribal/Urban (ITU) funds SSA Screening for substance abuse,True,False,Original SAMHSA directory code; meaning and availability may vary by year.
2018,2017,original_code,JC,JC,True,False,Original SAMHSA directory code; meaning and availability may vary by year.
2018,2017,original_code,LCCG,"Local, county, or community government",True,False,Original SAMHSA directory code; meaning and availability may vary by year.
2018,2017,original_code,MALE,Male,True,False,Original SAMHSA directory code; meaning and availability may vary by year.
2018,2017,original_code,MC,Medicare,True,False,Original SAMHSA directory code; meaning and availability may vary by year.
2018,2017,original_code,MCO,MCO,True,False,Original SAMHSA directory code; meaning and availability may vary by year.
2018,2017,original_code,MD,Medicaid,True,False,Original SAMHSA directory code; meaning and availability may vary by year.
2018,2017,original_code,MDTX,MDTX,True,False,Original SAMHSA directory code; meaning and availability may vary by year.
2018,2017,original_code,METH,METH,True,False,Original SAMHSA directory code; meaning and availability may vary by year.
2018,2017,original_code,MF,Military families TGD Treatment for gambling disorder,True,False,Original SAMHSA directory code; meaning and availability may vary by year.
2018,2017,original_code,MH,MH,True,False,Original SAMHSA directory code; meaning and availability may vary by year.
2018,2017,original_code,MHS,Mental health services,True,False,Original SAMHSA directory code; meaning and availability may vary by year.
2018,2017,original_code,MI,Military insurance,True,False,Original SAMHSA directory code; meaning and availability may vary by year.
2018,2017,original_code,MM,Methadone maintenance,True,False,Original SAMHSA directory code; meaning and availability may vary by year.
2018,2017,original_code,MMW,Methadone maintenance for predetermined time,True,False,Original SAMHSA directory code; meaning and availability may vary by year.
2018,2017,original_code,MN,Adult men,True,False,Original SAMHSA directory code; meaning and availability may vary by year.
2018,2017,original_code,MO,Methadone clients only,True,False,Original SAMHSA directory code; meaning and availability may vary by year.
2018,2017,original_code,MOA,Accepts clients on opioid medication HLA Hospital licensing authority,True,False,Original SAMHSA directory code; meaning and availability may vary by year.
2018,2017,original_code,MOTI,Motivational interviewing,True,False,Original SAMHSA directory code; meaning and availability may vary by year.
2018,2017,original_code,MPD,Medications for psychiatric disorders,True,False,Original SAMHSA directory code; meaning and availability may vary by year.
2018,2017,original_code,MU,Methadone used in treatment,True,False,Original SAMHSA directory code; meaning and availability may vary by year.
2018,2017,original_code,MXM,Martix Model,True,False,Original SAMHSA directory code; meaning and availability may vary by year.
2018,2017,original_code,N1,Achumaw N76 Gwichin N21 Maricopa N54 Tenino,True,False,Original SAMHSA directory code; meaning and availability may vary by year.
2018,2017,original_code,N10,Dakota N43 Maidu N32 Shoshoni,True,False,Original SAMHSA directory code; meaning and availability may vary by year.
2018,2017,original_code,N13,N13,True,False,Original SAMHSA directory code; meaning and availability may vary by year.
2018,2017,original_code,N16,N16,True,False,Original SAMHSA directory code; meaning and availability may vary by year.
2018,2017,original_code,N18,N18,True,False,Original SAMHSA directory code; meaning and availability may vary by year.
2018,2017,original_code,N2,Apache N47 Hidatsa N56 Mohegan N35 Tohono O'Odham,True,False,Original SAMHSA directory code; meaning and availability may vary by year.
2018,2017,original_code,N23,N23,True,False,Original SAMHSA directory code; meaning and availability may vary by year.
2018,2017,original_code,N24,N24,True,False,Original SAMHSA directory code; meaning and availability may vary by year.
2018,2017,original_code,N3,Athabascan N70 Inupiaq N25 Omaha N69 Tututni,True,False,Original SAMHSA directory code; meaning and availability may vary by year.
2018,2017,original_code,N30,N30,True,False,Original SAMHSA directory code; meaning and availability may vary by year.
2018,2017,original_code,N32,N32,True,False,Original SAMHSA directory code; meaning and availability may vary by year.
2018,2017,original_code,N35,N35,True,False,Original SAMHSA directory code; meaning and availability may vary by year.
2018,2017,original_code,N39,N39,True,False,Original SAMHSA directory code; meaning and availability may vary by year.
2018,2017,original_code,N4,Cherokee N16 Keres N26 Ottawa N71 Unangax,True,False,Original SAMHSA directory code; meaning and availability may vary by year.
2018,2017,original_code,N40,N40,True,False,Original SAMHSA directory code; meaning and availability may vary by year.
2018,2017,original_code,N41,N41,True,False,Original SAMHSA directory code; meaning and availability may vary by year.
2018,2017,original_code,N44,Chippewa N17 Koyukon N58 Pawnee N66 Wasco-Wishram,True,False,Original SAMHSA directory code; meaning and availability may vary by year.
2018,2017,original_code,N45,Assiniboine N14 Hualapai N24 Ojibwa N79 Tsimshian,True,False,Original SAMHSA directory code; meaning and availability may vary by year.
2018,2017,original_code,N48,Arikara N13 Hopi N23 Navajo N51 Triqui,True,False,Original SAMHSA directory code; meaning and availability may vary by year.
2018,2017,original_code,N49,N49,True,False,Original SAMHSA directory code; meaning and availability may vary by year.
2018,2017,original_code,N5,Cheyenne N57 Kiowa N27 Paiute N37 Ute,True,False,Original SAMHSA directory code; meaning and availability may vary by year.
2018,2017,original_code,N52,Arapaho N12 Ho-Chunk N50 Muskogee N36 Towa,True,False,Original SAMHSA directory code; meaning and availability may vary by year.
2018,2017,original_code,N6,Choctaw N77 Kutenai N29 Pima N38 Yakima,True,False,Original SAMHSA directory code; meaning and availability may vary by year.
2018,2017,original_code,N60,Gros Ventre N20 Maliseet N62 Teke-Eboo,True,False,Original SAMHSA directory code; meaning and availability may vary by year.
2018,2017,original_code,N63,Ahtena N42 Haida N46 Micmac N33 Tewa,True,False,Original SAMHSA directory code; meaning and availability may vary by year.
2018,2017,original_code,N64,Blackfoot N15 Inupiatun N53 Osage N61 Unami,True,False,Original SAMHSA directory code; meaning and availability may vary by year.
2018,2017,original_code,N65,Aleut N67 Havasupai N72 Mikasuki N49 Tiwa,True,False,Original SAMHSA directory code; meaning and availability may vary by year.
2018,2017,original_code,N7,Cocopah N18 Lakota N59 Potawatomi N39 Yaqui,True,False,Original SAMHSA directory code; meaning and availability may vary by year.
2018,2017,original_code,N70,N70,True,False,Original SAMHSA directory code; meaning and availability may vary by year.
2018,2017,original_code,N73,Anishinaabemowin N68 Havasupai-Walapai-Yavapai N22 Mohawk N34 Tlingit,True,False,Original SAMHSA directory code; meaning and availability may vary by year.
2018,2017,original_code,N75,Chickasaw N78 Kootenai N28 Passamaquoddy N55 Wasco,True,False,Original SAMHSA directory code; meaning and availability may vary by year.
2018,2017,original_code,N8,Cree N74 Lumbee N30 Salish N40 Yupik,True,False,Original SAMHSA directory code; meaning and availability may vary by year.
2018,2017,original_code,N9,Crow N19 Lushootseed N31 Seminole N41 Zuni,True,False,Original SAMHSA directory code; meaning and availability may vary by year.
2018,2017,original_code,NCQA,National Committee for Quality Assurance DAUT Drug or alcohol urine screening,True,False,Original SAMHSA directory code; meaning and availability may vary by year.
2018,2017,original_code,NMOA,Do not use medication for opioid addiction JC The Joint Commission,True,False,Original SAMHSA directory code; meaning and availability may vary by year.
2018,2017,original_code,NOOP,Do not treat opioid addiction,True,False,Original SAMHSA directory code; meaning and availability may vary by year.
2018,2017,original_code,NP,No payment accepted,True,False,Original SAMHSA directory code; meaning and availability may vary by year.
2018,2017,original_code,NRT,Nicotine replacement therapy,True,False,Original SAMHSA directory code; meaning and availability may vary by year.
2018,2017,original_code,NSC,Non-nicotine smoking/tobacco cessation,True,False,Original SAMHSA directory code; meaning and availability may vary by year.
2018,2017,original_code,NU,Naltrexone used in treatment,True,False,Original SAMHSA directory code; meaning and availability may vary by year.
2018,2017,original_code,NX,Native American Indian or Alaska Native,True,False,Original SAMHSA directory code; meaning and availability may vary by year.
2018,2017,original_code,NXN,Naltrexone (oral),True,False,Original SAMHSA directory code; meaning and availability may vary by year.
2018,2017,original_code,OD,Outpatient detoxification,True,False,Original SAMHSA directory code; meaning and availability may vary by year.
2018,2017,original_code,ODT,Outpatient day treatment,True,False,Original SAMHSA directory code; meaning and availability may vary by year.
2018,2017,original_code,ODTX,ODTX,True,False,Original SAMHSA directory code; meaning and availability may vary by year.
2018,2017,original_code,OH,OH,True,False,Original SAMHSA directory code; meaning and availability may vary by year.
2018,2017,original_code,OIT,Intensive outpatient treatment,True,False,Original SAMHSA directory code; meaning and availability may vary by year.
2018,2017,original_code,OMB,Outpatient medication treatment,True,False,Original SAMHSA directory code; meaning and availability may vary by year.
2018,2017,original_code,OP,Outpatient,True,False,Original SAMHSA directory code; meaning and availability may vary by year.
2018,2017,original_code,OPC,Outreach to persons in the community MCO Marital/couples counseling offered,True,False,Original SAMHSA directory code; meaning and availability may vary by year.
2018,2017,original_code,OR,OR,True,False,Original SAMHSA directory code; meaning and availability may vary by year.
2018,2017,original_code,ORT,Regular outpatient treatment,True,False,Original SAMHSA directory code; meaning and availability may vary by year.
2018,2017,original_code,OTP,SAMHSA-certified opioid treatment program,True,False,Original SAMHSA directory code; meaning and availability may vary by year.
2018,2017,original_code,OTPA,All Clients in Opioid Treatment Program,True,False,Original SAMHSA directory code; meaning and availability may vary by year.
2018,2017,original_code,OW,OW,True,False,Original SAMHSA directory code; meaning and availability may vary by year.
2018,2017,original_code,PA,Payment assistance,True,False,Original SAMHSA directory code; meaning and availability may vary by year.
2018,2017,original_code,PAIN,Use methadone/buprenorphine for pain,True,False,Original SAMHSA directory code; meaning and availability may vary by year.
2018,2017,original_code,PEER,Consumer-run (peer-support) services,True,False,Original SAMHSA directory code; meaning and availability may vary by year.
2018,2017,original_code,PI,Private health insurance,True,False,Original SAMHSA directory code; meaning and availability may vary by year.
2018,2017,original_code,PSYH,Psychiatric hospital TRC Trauma-related counseling,True,False,Original SAMHSA directory code; meaning and availability may vary by year.
2018,2017,original_code,PVT,Private organization,True,False,Original SAMHSA directory code; meaning and availability may vary by year.
2018,2017,original_code,PW,Pregnant/postpartum women,True,False,Original SAMHSA directory code; meaning and availability may vary by year.
2018,2017,original_code,RD,Residential detoxification,True,False,Original SAMHSA directory code; meaning and availability may vary by year.
2018,2017,original_code,REBT,Rational emotive behavioral therapy,True,False,Original SAMHSA directory code; meaning and availability may vary by year.
2018,2017,original_code,RELP,Relapse prevention,True,False,Original SAMHSA directory code; meaning and availability may vary by year.
2018,2017,original_code,RES,Residential,True,False,Original SAMHSA directory code; meaning and availability may vary by year.
2018,2017,original_code,RL,Long-term residential,True,False,Original SAMHSA directory code; meaning and availability may vary by year.
2018,2017,original_code,RPN,Relapse prevention from naltrexone,True,False,Original SAMHSA directory code; meaning and availability may vary by year.
2018,2017,original_code,RR,RR,True,False,Original SAMHSA directory code; meaning and availability may vary by year.
2018,2017,original_code,RS,Short-term residential,True,False,Original SAMHSA directory code; meaning and availability may vary by year.
2018,2017,original_code,SA,Substance use treatment,True,False,Original SAMHSA directory code; meaning and availability may vary by year.
2018,2017,original_code,SACA,SACA,True,False,Original SAMHSA directory code; meaning and availability may vary by year.
2018,2017,original_code,SAE,SAE,True,False,Original SAMHSA directory code; meaning and availability may vary by year.
2018,2017,original_code,SC,SC,True,False,Original SAMHSA directory code; meaning and availability may vary by year.
2018,2017,original_code,SE,Seniors or older adults,True,False,Original SAMHSA directory code; meaning and availability may vary by year.
2018,2017,original_code,SF,Cash or self-payment,True,False,Original SAMHSA directory code; meaning and availability may vary by year.
2018,2017,original_code,SHB,Screening for Hepatitis B,True,False,Original SAMHSA directory code; meaning and availability may vary by year.
2018,2017,original_code,SHC,Screening for Hepatitis C,True,False,Original SAMHSA directory code; meaning and availability may vary by year.
2018,2017,original_code,SHG,Self-help groups,True,False,Original SAMHSA directory code; meaning and availability may vary by year.
2018,2017,original_code,SI,State-financed insurance,True,False,Original SAMHSA directory code; meaning and availability may vary by year.
2018,2017,original_code,SMHD,SMHD,True,False,Original SAMHSA directory code; meaning and availability may vary by year.
2018,2017,original_code,SMON,Smoking not permitted,True,False,Original SAMHSA directory code; meaning and availability may vary by year.
2018,2017,original_code,SMOP,Smoking permitted without restriction,True,False,Original SAMHSA directory code; meaning and availability may vary by year.
2018,2017,original_code,SMPD,Smoking permitted in designated area,True,False,Original SAMHSA directory code; meaning and availability may vary by year.
2018,2017,original_code,SP,Spanish,True,False,Original SAMHSA directory code; meaning and availability may vary by year.
2018,2017,original_code,SS,Sliding fee scale,True,False,Original SAMHSA directory code; meaning and availability may vary by year.
2018,2017,original_code,SSA,SSA,True,False,Original SAMHSA directory code; meaning and availability may vary by year.
2018,2017,original_code,SSD,Social skills development,True,False,Original SAMHSA directory code; meaning and availability may vary by year.
2018,2017,original_code,STAG,State substance abuse agency,True,False,Original SAMHSA directory code; meaning and availability may vary by year.
2018,2017,original_code,STDH,State department of health,True,False,Original SAMHSA directory code; meaning and availability may vary by year.
2018,2017,original_code,STDT,STDT,True,False,Original SAMHSA directory code; meaning and availability may vary by year.
2018,2017,original_code,STG,State government,True,False,Original SAMHSA directory code; meaning and availability may vary by year.
2018,2017,original_code,STMH,State mental health department,True,False,Original SAMHSA directory code; meaning and availability may vary by year.
2018,2017,original_code,STU,Screening for tobacco use,True,False,Original SAMHSA directory code; meaning and availability may vary by year.
2018,2017,original_code,TA,Transportation assistance,True,False,Original SAMHSA directory code; meaning and availability may vary by year.
2018,2017,original_code,TAEC,"Hepatitis education, counseling, or support",True,False,Original SAMHSA directory code; meaning and availability may vary by year.
2018,2017,original_code,TAY,Transitional age young adults,True,False,Original SAMHSA directory code; meaning and availability may vary by year.
2018,2017,original_code,TBG,Tribal government,True,False,Original SAMHSA directory code; meaning and availability may vary by year.
2018,2017,original_code,TBS,TBS,True,False,Original SAMHSA directory code; meaning and availability may vary by year.
2018,2017,original_code,TCC,Smoking/tobacco cessation counseling,True,False,Original SAMHSA directory code; meaning and availability may vary by year.
2018,2017,original_code,TGD,TGD,True,False,Original SAMHSA directory code; meaning and availability may vary by year.
2018,2017,original_code,TID,TID,True,False,Original SAMHSA directory code; meaning and availability may vary by year.
2018,2017,original_code,TRC,TRC,True,False,Original SAMHSA directory code; meaning and availability may vary by year.
2018,2017,original_code,TRMA,Persons who have experienced trauma ODTX Opioids Detoxification,True,False,Original SAMHSA directory code; meaning and availability may vary by year.
2018,2017,original_code,TWFA,TWFA,True,False,Original SAMHSA directory code; meaning and availability may vary by year.
2018,2017,original_code,UBN,Prescribes/administer buprenorphine and/or,True,False,Original SAMHSA directory code; meaning and availability may vary by year.
2018,2017,original_code,VAMC,Department of Veterans Affairs,True,False,Original SAMHSA directory code; meaning and availability may vary by year.
2018,2017,original_code,VET,Veterans,True,False,Original SAMHSA directory code; meaning and availability may vary by year.
2018,2017,original_code,VTRL,"Extended-release, injectible Naltrexone (Vivitrol®)",True,False,Original SAMHSA directory code; meaning and availability may vary by year.
2018,2017,original_code,WN,Adult women,True,False,Original SAMHSA directory code; meaning and availability may vary by year.
2018,2017,original_code,XA,Persons who have experienced sexual abuse,True,False,Original SAMHSA directory code; meaning and availability may vary by year.
2018,2017,original_code,YAD,Young adults,True,False,Original SAMHSA directory code; meaning and availability may vary by year.
2019,2018,ownership,private_unspecified,Private (type unspecified),False,False,Earlier directories do not consistently separate private ownership type.
2019,2018,ownership,private_nonprofit,Private nonprofit,True,True,
2019,2018,ownership,private_forprofit,Private for-profit,True,True,
2019,2018,ownership,local_government,Local/county government,True,True,
2019,2018,ownership,state_government,State government,True,True,
2019,2018,ownership,tribal_government,Tribal government,True,True,
2019,2018,ownership,federal_dod,Federal: Department of Defense,True,True,
2019,2018,ownership,federal_ihs,Federal: Indian Health Service,True,True,
2019,2018,ownership,federal_va,Federal: Veterans Affairs,True,True,
2019,2018,center_type,substance_use,Substance use treatment,True,True,
2019,2018,center_type,detoxification,Detoxification,True,True,
2019,2018,center_type,transitional_housing,Transitional housing/halfway house,True,True,
2019,2018,center_type,mental_health,Mental health treatment,True,True,
2019,2018,center_type,cooccurring,Co-occurring mental health and substance use,False,True,
2019,2018,setting,outpatient,Outpatient,True,True,
2019,2018,setting,residential,Residential,True,True,
2019,2018,setting,hospital_inpatient,Hospital inpatient,True,True,
2019,2018,payment,medicare,Medicare,True,True,
2019,2018,payment,medicaid,Medicaid,True,True,
2019,2018,payment,military_insurance,Military insurance,True,True,
2019,2018,payment,private_insurance,Private health insurance,True,True,
2019,2018,payment,self_pay,Cash or self-payment,True,True,
2019,2018,payment,state_financed,State-financed insurance,True,True,
2019,2018,payment,payment_assistance,Payment assistance,True,True,
2019,2018,payment,sliding_fee,Sliding fee scale,True,True,
2019,2018,service_family,substance_use_treatment,Substance use treatment,True,True,
2019,2018,service_family,detoxification,Detoxification,True,True,
2019,2018,service_family,transitional_housing,Transitional housing/halfway house,True,True,
2019,2018,service_family,cooccurring,Co-occurring mental health and substance use treatment,False,True,
2019,2018,service_family,outpatient_treatment,Outpatient treatment,True,True,
2019,2018,service_family,residential_treatment,Residential treatment,True,True,
2019,2018,service_family,hospital_inpatient,Hospital inpatient treatment,True,True,
2019,2018,service_family,opioid_treatment_program,SAMHSA-certified opioid treatment program,True,True,
2019,2018,service_family,methadone,Methadone services,True,True,
2019,2018,service_family,buprenorphine,Buprenorphine services,True,True,
2019,2018,service_family,naltrexone,Naltrexone services,True,True,
2019,2018,service_family,telehealth,Telehealth/telemedicine,False,True,
2019,2018,original_code,ACC,Aftercare/continuing care,True,False,Original SAMHSA directory code; meaning and availability may vary by year.
2019,2018,original_code,ACM,ACM,True,False,Original SAMHSA directory code; meaning and availability may vary by year.
2019,2018,original_code,ACU,ACU,True,False,Original SAMHSA directory code; meaning and availability may vary by year.
2019,2018,original_code,AD,Adolescents MHS Mental health services,True,False,Original SAMHSA directory code; meaning and availability may vary by year.
2019,2018,original_code,ADD,ADD,True,False,Original SAMHSA directory code; meaning and availability may vary by year.
2019,2018,original_code,ADLT,Adults,True,False,Original SAMHSA directory code; meaning and availability may vary by year.
2019,2018,original_code,ADM,Active duty military TID Treatment for internet use disorder,True,False,Original SAMHSA directory code; meaning and availability may vary by year.
2019,2018,original_code,ADTX,ADTX,True,False,Original SAMHSA directory code; meaning and availability may vary by year.
2019,2018,original_code,AH,Services for deaf and hard of hearing,True,False,Original SAMHSA directory code; meaning and availability may vary by year.
2019,2018,original_code,ANG,Anger management,True,False,Original SAMHSA directory code; meaning and availability may vary by year.
2019,2018,original_code,AOSS,Assistance with obtaining social services,True,False,Original SAMHSA directory code; meaning and availability may vary by year.
2019,2018,original_code,AR,AR,True,False,Original SAMHSA directory code; meaning and availability may vary by year.
2019,2018,original_code,BABA,Breath analyzer or blood alcohol testing,True,False,Original SAMHSA directory code; meaning and availability may vary by year.
2019,2018,original_code,BC,BC,True,False,Original SAMHSA directory code; meaning and availability may vary by year.
2019,2018,original_code,BDTX,Benzodiazepines Detoxification,True,False,Original SAMHSA directory code; meaning and availability may vary by year.
2019,2018,original_code,BERI,"Buprenorphine (extended-release, injectable, for",True,False,Original SAMHSA directory code; meaning and availability may vary by year.
2019,2018,original_code,BIA,Brief intervention,True,False,Original SAMHSA directory code; meaning and availability may vary by year.
2019,2018,original_code,BMO,Methadone and buprenorphine clients only,True,False,Original SAMHSA directory code; meaning and availability may vary by year.
2019,2018,original_code,BMW,Buprenorphine maintenance for predetermined,True,False,Original SAMHSA directory code; meaning and availability may vary by year.
2019,2018,original_code,BSDM,Buprenorphine sub-dermal implant (Probuphine®),True,False,Original SAMHSA directory code; meaning and availability may vary by year.
2019,2018,original_code,BU,Buprenorphine used in treatment,True,False,Original SAMHSA directory code; meaning and availability may vary by year.
2019,2018,original_code,BUM,Buprenorphine maintenance,True,False,Original SAMHSA directory code; meaning and availability may vary by year.
2019,2018,original_code,BWN,BWN,True,False,Original SAMHSA directory code; meaning and availability may vary by year.
2019,2018,original_code,BWON,BWON,True,False,Original SAMHSA directory code; meaning and availability may vary by year.
2019,2018,original_code,CARF,CARF,True,False,Original SAMHSA directory code; meaning and availability may vary by year.
2019,2018,original_code,CBT,Cognitive behavioral therapy,True,False,Original SAMHSA directory code; meaning and availability may vary by year.
2019,2018,original_code,CCC,Child care for clients' children,True,False,Original SAMHSA directory code; meaning and availability may vary by year.
2019,2018,original_code,CDTX,Cocaine Detoxification,True,False,Original SAMHSA directory code; meaning and availability may vary by year.
2019,2018,original_code,CH,CH,True,False,Original SAMHSA directory code; meaning and availability may vary by year.
2019,2018,original_code,CHLD,Children/adolescents,True,False,Original SAMHSA directory code; meaning and availability may vary by year.
2019,2018,original_code,CJ,Clients referred from the court/judicial system,True,False,Original SAMHSA directory code; meaning and availability may vary by year.
2019,2018,original_code,CM,Case management,True,False,Original SAMHSA directory code; meaning and availability may vary by year.
2019,2018,original_code,CMHA,Comprehensive mental health assessment,True,False,Original SAMHSA directory code; meaning and availability may vary by year.
2019,2018,original_code,CMI,Contingency management/motivational incentives,True,False,Original SAMHSA directory code; meaning and availability may vary by year.
2019,2018,original_code,CO,Persons with co-occurring mental and substance use ADTX Alcohol Detoxification,True,False,Original SAMHSA directory code; meaning and availability may vary by year.
2019,2018,original_code,COA,Council on Accreditation,True,False,Original SAMHSA directory code; meaning and availability may vary by year.
2019,2018,original_code,CRV,Community reinforcement plus vouchers,True,False,Original SAMHSA directory code; meaning and availability may vary by year.
2019,2018,original_code,CSAA,Comprehensive substance use assessment,True,False,Original SAMHSA directory code; meaning and availability may vary by year.
2019,2018,original_code,CT,Computerized treatment/telemedicine,True,False,Original SAMHSA directory code; meaning and availability may vary by year.
2019,2018,original_code,DAUT,Drug or alcohol urine screening,True,False,Original SAMHSA directory code; meaning and availability may vary by year.
2019,2018,original_code,DB,Buprenorphine detoxification,True,False,Original SAMHSA directory code; meaning and availability may vary by year.
2019,2018,original_code,DBT,Dialectical behavior therapy,True,False,Original SAMHSA directory code; meaning and availability may vary by year.
2019,2018,original_code,DD,DD,True,False,Original SAMHSA directory code; meaning and availability may vary by year.
2019,2018,original_code,DDF,Department of Defense,True,False,Original SAMHSA directory code; meaning and availability may vary by year.
2019,2018,original_code,DM,Methadone detoxification,True,False,Original SAMHSA directory code; meaning and availability may vary by year.
2019,2018,original_code,DP,Discharge Planning,True,False,Original SAMHSA directory code; meaning and availability may vary by year.
2019,2018,original_code,DSF,DSF,True,False,Original SAMHSA directory code; meaning and availability may vary by year.
2019,2018,original_code,DT,Detoxification,True,False,Original SAMHSA directory code; meaning and availability may vary by year.
2019,2018,original_code,DU,DUI/DWI clients,True,False,Original SAMHSA directory code; meaning and availability may vary by year.
2019,2018,original_code,DUO,Serves only DUI/DWI clients,True,False,Original SAMHSA directory code; meaning and availability may vary by year.
2019,2018,original_code,DV,Persons who have experienced intimate partner,True,False,Original SAMHSA directory code; meaning and availability may vary by year.
2019,2018,original_code,DVFP,DVFP,True,False,Original SAMHSA directory code; meaning and availability may vary by year.
2019,2018,original_code,EIH,Early intervention for HIV,True,False,Original SAMHSA directory code; meaning and availability may vary by year.
2019,2018,original_code,EMP,Employment counseling or training,True,False,Original SAMHSA directory code; meaning and availability may vary by year.
2019,2018,original_code,F1,Afrikaans F29 Gaelic F51 Luo F181 Sesotho,True,False,Original SAMHSA directory code; meaning and availability may vary by year.
2019,2018,original_code,F10,Bosnian F147 Ibibio F60 Mongolian F166 Taishanese,True,False,Original SAMHSA directory code; meaning and availability may vary by year.
2019,2018,original_code,F102,Edo F47 Korean F122 Romani F144 Visayan,True,False,Original SAMHSA directory code; meaning and availability may vary by year.
2019,2018,original_code,F104,F104,True,False,Original SAMHSA directory code; meaning and availability may vary by year.
2019,2018,original_code,F105,Cebuano F128 Inuktitut F167 Nuer F148 Tibetan,True,False,Original SAMHSA directory code; meaning and availability may vary by year.
2019,2018,original_code,F11,Bulgarian F116 Icelandic F172 Napoletano-Calabrese F154 Taiwanese,True,False,Original SAMHSA directory code; meaning and availability may vary by year.
2019,2018,original_code,F110,Akan F129 Ganda F52 Macedonian F182 Setswana,True,False,Original SAMHSA directory code; meaning and availability may vary by year.
2019,2018,original_code,F115,"French, Cajun F99 Lithuanian F73 Serbian",True,False,Original SAMHSA directory code; meaning and availability may vary by year.
2019,2018,original_code,F119,F119,True,False,Original SAMHSA directory code; meaning and availability may vary by year.
2019,2018,original_code,F12,Burmese F39 Igbo F176 Ndebele F138 Tajik,True,False,Original SAMHSA directory code; meaning and availability may vary by year.
2019,2018,original_code,F126,Algonquin F30 German F54 Malayalam F125 Sinhala,True,False,Original SAMHSA directory code; meaning and availability may vary by year.
2019,2018,original_code,F13,Cantonese F164 Ilonggo F62 Nigerian F85 Telugu,True,False,Original SAMHSA directory code; meaning and availability may vary by year.
2019,2018,original_code,F131,Bambara F108 Hausa F155 Mayan SP Spanish,True,False,Original SAMHSA directory code; meaning and availability may vary by year.
2019,2018,original_code,F132,Dzongkha F170 Konkani F68 Quiche F92 Vietnamese,True,False,Original SAMHSA directory code; meaning and availability may vary by year.
2019,2018,original_code,F14,Cape Verdean F41 Indonesian F63 Norwegian F86 Thai,True,False,Original SAMHSA directory code; meaning and availability may vary by year.
2019,2018,original_code,F140,Akha F103 Garifuna F163 Mai Mai F107 Shona,True,False,Original SAMHSA directory code; meaning and availability may vary by year.
2019,2018,original_code,F141,F141,True,False,Original SAMHSA directory code; meaning and availability may vary by year.
2019,2018,original_code,F142,F142,True,False,Original SAMHSA directory code; meaning and availability may vary by year.
2019,2018,original_code,F145,Annang F31 Greek F56 Mandarin F76 Slovak,True,False,Original SAMHSA directory code; meaning and availability may vary by year.
2019,2018,original_code,F146,Efik F109 Krio F69 Romanian F93 Woleaian,True,False,Original SAMHSA directory code; meaning and availability may vary by year.
2019,2018,original_code,F149,Chin F43 Japanese F64 Palauan F187 Triqui,True,False,Original SAMHSA directory code; meaning and availability may vary by year.
2019,2018,original_code,F15,Chaldean F42 Italian F177 Oriya F141 Tigrinya,True,False,Original SAMHSA directory code; meaning and availability may vary by year.
2019,2018,original_code,F151,Burundi F40 Ilocano F61 Nepali F82 Tamil,True,False,Original SAMHSA directory code; meaning and availability may vary by year.
2019,2018,original_code,F153,F153,True,False,Original SAMHSA directory code; meaning and availability may vary by year.
2019,2018,original_code,F156,Bantu F34 Hawaiian F171 Mende F78 Sudanese,True,False,Original SAMHSA directory code; meaning and availability may vary by year.
2019,2018,original_code,F158,Flemish F50 Liberian F124 Sanskrit F97 Zapotec,True,False,Original SAMHSA directory code; meaning and availability may vary by year.
2019,2018,original_code,F16,Chamorro F123 Jamaican Creole English F153 Oromo F87 Tongan,True,False,Original SAMHSA directory code; meaning and availability may vary by year.
2019,2018,original_code,F161,Bisaya F38 Hungarian F175 Mon F81 Tagalog,True,False,Original SAMHSA directory code; meaning and availability may vary by year.
2019,2018,original_code,F165,Fula F136 Luganda F117 Serer-Sine,True,False,Original SAMHSA directory code; meaning and availability may vary by year.
2019,2018,original_code,F168,Filipino F48 Lao F71 Samoan F95 Yiddish,True,False,Original SAMHSA directory code; meaning and availability may vary by year.
2019,2018,original_code,F17,Chinese F113 Kannada F118 Pashto F88 Turkish,True,False,Original SAMHSA directory code; meaning and availability may vary by year.
2019,2018,original_code,F18,Chuukese F142 Karen F130 Pengo F184 Twi,True,False,Original SAMHSA directory code; meaning and availability may vary by year.
2019,2018,original_code,F183,F183,True,False,Original SAMHSA directory code; meaning and availability may vary by year.
2019,2018,original_code,F184,F184,True,False,Original SAMHSA directory code; meaning and availability may vary by year.
2019,2018,original_code,F19,Creole F186 Karenni F178 Pennsylvania Dutch F89 Ukrainian,True,False,Original SAMHSA directory code; meaning and availability may vary by year.
2019,2018,original_code,F2,Albanian F157 Georgian F53 Malay F169 Sindhi,True,False,Original SAMHSA directory code; meaning and availability may vary by year.
2019,2018,original_code,F20,Croatian F100 Kewa F137 Pidgin F90 Ulithian,True,False,Original SAMHSA directory code; meaning and availability may vary by year.
2019,2018,original_code,F21,Czech F44 Khmer F66 Polish F91 Urdu,True,False,Original SAMHSA directory code; meaning and availability may vary by year.
2019,2018,original_code,F22,Danish F45 Khmu F67 Portuguese F127 Uru,True,False,Original SAMHSA directory code; meaning and availability may vary by year.
2019,2018,original_code,F23,Dutch F152 Kirundi F65 Punjabi F101 Uzbek,True,False,Original SAMHSA directory code; meaning and availability may vary by year.
2019,2018,original_code,F24,Estonian F135 Kurdish F133 Rundi F114 Wolof,True,False,Original SAMHSA directory code; meaning and availability may vary by year.
2019,2018,original_code,F25,Farsi F174 Kwa F150 Runyankole F185 Xhosa,True,False,Original SAMHSA directory code; meaning and availability may vary by year.
2019,2018,original_code,F26,Fijian F143 Kyrgyz F70 Russian F94 Yapese,True,False,Original SAMHSA directory code; meaning and availability may vary by year.
2019,2018,original_code,F27,Finnish F49 Latvian F180 Sango F96 Yoruba,True,False,Original SAMHSA directory code; meaning and availability may vary by year.
2019,2018,original_code,F28,French F160 Lingala F72 Satawalese F159 Zulu,True,False,Original SAMHSA directory code; meaning and availability may vary by year.
2019,2018,original_code,F3,Amharic F173 Gisu F55 Maltese F75 Slavic,True,False,Original SAMHSA directory code; meaning and availability may vary by year.
2019,2018,original_code,F30,F30,True,False,Original SAMHSA directory code; meaning and availability may vary by year.
2019,2018,original_code,F31,F31,True,False,Original SAMHSA directory code; meaning and availability may vary by year.
2019,2018,original_code,F33,F33,True,False,Original SAMHSA directory code; meaning and availability may vary by year.
2019,2018,original_code,F34,F34,True,False,Original SAMHSA directory code; meaning and availability may vary by year.
2019,2018,original_code,F35,F35,True,False,Original SAMHSA directory code; meaning and availability may vary by year.
2019,2018,original_code,F36,F36,True,False,Original SAMHSA directory code; meaning and availability may vary by year.
2019,2018,original_code,F37,F37,True,False,Original SAMHSA directory code; meaning and availability may vary by year.
2019,2018,original_code,F38,F38,True,False,Original SAMHSA directory code; meaning and availability may vary by year.
2019,2018,original_code,F39,F39,True,False,Original SAMHSA directory code; meaning and availability may vary by year.
2019,2018,original_code,F4,Arabic F32 Guarani F120 Mandinka F77 Slovenian,True,False,Original SAMHSA directory code; meaning and availability may vary by year.
2019,2018,original_code,F40,F40,True,False,Original SAMHSA directory code; meaning and availability may vary by year.
2019,2018,original_code,F41,F41,True,False,Original SAMHSA directory code; meaning and availability may vary by year.
2019,2018,original_code,F42,F42,True,False,Original SAMHSA directory code; meaning and availability may vary by year.
2019,2018,original_code,F43,F43,True,False,Original SAMHSA directory code; meaning and availability may vary by year.
2019,2018,original_code,F44,F44,True,False,Original SAMHSA directory code; meaning and availability may vary by year.
2019,2018,original_code,F47,F47,True,False,Original SAMHSA directory code; meaning and availability may vary by year.
2019,2018,original_code,F48,F48,True,False,Original SAMHSA directory code; meaning and availability may vary by year.
2019,2018,original_code,F5,Armenian F33 Gujarati F119 Marathi F104 Somali,True,False,Original SAMHSA directory code; meaning and availability may vary by year.
2019,2018,original_code,F52,F52,True,False,Original SAMHSA directory code; meaning and availability may vary by year.
2019,2018,original_code,F53,F53,True,False,Original SAMHSA directory code; meaning and availability may vary by year.
2019,2018,original_code,F6,Assyrian F106 Guyanese Creole English F134 Marshallese F183 Southern Highland language,True,False,Original SAMHSA directory code; meaning and availability may vary by year.
2019,2018,original_code,F61,F61,True,False,Original SAMHSA directory code; meaning and availability may vary by year.
2019,2018,original_code,F62,F62,True,False,Original SAMHSA directory code; meaning and availability may vary by year.
2019,2018,original_code,F63,F63,True,False,Original SAMHSA directory code; meaning and availability may vary by year.
2019,2018,original_code,F64,F64,True,False,Original SAMHSA directory code; meaning and availability may vary by year.
2019,2018,original_code,F65,F65,True,False,Original SAMHSA directory code; meaning and availability may vary by year.
2019,2018,original_code,F66,F66,True,False,Original SAMHSA directory code; meaning and availability may vary by year.
2019,2018,original_code,F67,F67,True,False,Original SAMHSA directory code; meaning and availability may vary by year.
2019,2018,original_code,F69,F69,True,False,Original SAMHSA directory code; meaning and availability may vary by year.
2019,2018,original_code,F7,Basque F35 Hebrew F57 Micronesian F112 Sunda,True,False,Original SAMHSA directory code; meaning and availability may vary by year.
2019,2018,original_code,F70,F70,True,False,Original SAMHSA directory code; meaning and availability may vary by year.
2019,2018,original_code,F71,F71,True,False,Original SAMHSA directory code; meaning and availability may vary by year.
2019,2018,original_code,F73,F73,True,False,Original SAMHSA directory code; meaning and availability may vary by year.
2019,2018,original_code,F75,F75,True,False,Original SAMHSA directory code; meaning and availability may vary by year.
2019,2018,original_code,F78,F78,True,False,Original SAMHSA directory code; meaning and availability may vary by year.
2019,2018,original_code,F79,F79,True,False,Original SAMHSA directory code; meaning and availability may vary by year.
2019,2018,original_code,F8,Belarusan F36 Hindi F58 Mien F79 Swahili,True,False,Original SAMHSA directory code; meaning and availability may vary by year.
2019,2018,original_code,F80,F80,True,False,Original SAMHSA directory code; meaning and availability may vary by year.
2019,2018,original_code,F81,F81,True,False,Original SAMHSA directory code; meaning and availability may vary by year.
2019,2018,original_code,F86,F86,True,False,Original SAMHSA directory code; meaning and availability may vary by year.
2019,2018,original_code,F87,F87,True,False,Original SAMHSA directory code; meaning and availability may vary by year.
2019,2018,original_code,F88,F88,True,False,Original SAMHSA directory code; meaning and availability may vary by year.
2019,2018,original_code,F89,F89,True,False,Original SAMHSA directory code; meaning and availability may vary by year.
2019,2018,original_code,F9,Bengali F37 Hmong F59 Mixtec F80 Swedish,True,False,Original SAMHSA directory code; meaning and availability may vary by year.
2019,2018,original_code,F91,F91,True,False,Original SAMHSA directory code; meaning and availability may vary by year.
2019,2018,original_code,F92,F92,True,False,Original SAMHSA directory code; meaning and availability may vary by year.
2019,2018,original_code,F94,F94,True,False,Original SAMHSA directory code; meaning and availability may vary by year.
2019,2018,original_code,F96,F96,True,False,Original SAMHSA directory code; meaning and availability may vary by year.
2019,2018,original_code,F98,Dari F46 Kinyarwanda F179 Portuguese Creole F139 Uyghur,True,False,Original SAMHSA directory code; meaning and availability may vary by year.
2019,2018,original_code,F99,F99,True,False,Original SAMHSA directory code; meaning and availability may vary by year.
2019,2018,original_code,FCO,Family counseling offered,True,False,Original SAMHSA directory code; meaning and availability may vary by year.
2019,2018,original_code,FEM,Female,True,False,Original SAMHSA directory code; meaning and availability may vary by year.
2019,2018,original_code,FSA,"Federal, or any government funding for substance SSA Screening for substance use",True,False,Original SAMHSA directory code; meaning and availability may vary by year.
2019,2018,original_code,GCO,Group counseling offered,True,False,Original SAMHSA directory code; meaning and availability may vary by year.
2019,2018,original_code,GH,General Hospital (including VA hospital),True,False,Original SAMHSA directory code; meaning and availability may vary by year.
2019,2018,original_code,GL,"Lesbian, gay, bisexual, or transgender (LGBT)",True,False,Original SAMHSA directory code; meaning and availability may vary by year.
2019,2018,original_code,HAEC,HAEC,True,False,Original SAMHSA directory code; meaning and availability may vary by year.
2019,2018,original_code,HEOH,Health education services other than HIV/AIDS or,True,False,Original SAMHSA directory code; meaning and availability may vary by year.
2019,2018,original_code,HFAP,HFAP,True,False,Original SAMHSA directory code; meaning and availability may vary by year.
2019,2018,original_code,HH,Transitional housing or halfway house,True,False,Original SAMHSA directory code; meaning and availability may vary by year.
2019,2018,original_code,HI,Hospital inpatient,True,False,Original SAMHSA directory code; meaning and availability may vary by year.
2019,2018,original_code,HID,Hospital inpatient detoxification,True,False,Original SAMHSA directory code; meaning and availability may vary by year.
2019,2018,original_code,HIT,Hospital inpatient treatment 7 TTrreeaattmmeenntt AApppprrooaacchheess,True,False,Original SAMHSA directory code; meaning and availability may vary by year.
2019,2018,original_code,HIVT,HIV testing,True,False,Original SAMHSA directory code; meaning and availability may vary by year.
2019,2018,original_code,HLA,HLA,True,False,Original SAMHSA directory code; meaning and availability may vary by year.
2019,2018,original_code,HS,Housing services,True,False,Original SAMHSA directory code; meaning and availability may vary by year.
2019,2018,original_code,HV,Persons with HIV or AIDS,True,False,Original SAMHSA directory code; meaning and availability may vary by year.
2019,2018,original_code,ICO,ICO,True,False,Original SAMHSA directory code; meaning and availability may vary by year.
2019,2018,original_code,ID,ID,True,False,Original SAMHSA directory code; meaning and availability may vary by year.
2019,2018,original_code,IH,Indian Health Service,True,False,Original SAMHSA directory code; meaning and availability may vary by year.
2019,2018,original_code,IO,IO,True,False,Original SAMHSA directory code; meaning and availability may vary by year.
2019,2018,original_code,ISC,Interim services for clients,True,False,Original SAMHSA directory code; meaning and availability may vary by year.
2019,2018,original_code,ITU,IHS/Tribal/Urban (ITU) funds,True,False,Original SAMHSA directory code; meaning and availability may vary by year.
2019,2018,original_code,JC,JC,True,False,Original SAMHSA directory code; meaning and availability may vary by year.
2019,2018,original_code,LCCG,"Local, county, or community government",True,False,Original SAMHSA directory code; meaning and availability may vary by year.
2019,2018,original_code,MALE,Male,True,False,Original SAMHSA directory code; meaning and availability may vary by year.
2019,2018,original_code,MC,Medicare,True,False,Original SAMHSA directory code; meaning and availability may vary by year.
2019,2018,original_code,MCO,Marital/couples counseling offered,True,False,Original SAMHSA directory code; meaning and availability may vary by year.
2019,2018,original_code,MD,Medicaid,True,False,Original SAMHSA directory code; meaning and availability may vary by year.
2019,2018,original_code,MDTX,Methamphetamine Detoxification,True,False,Original SAMHSA directory code; meaning and availability may vary by year.
2019,2018,original_code,METH,METH,True,False,Original SAMHSA directory code; meaning and availability may vary by year.
2019,2018,original_code,MF,Military families,True,False,Original SAMHSA directory code; meaning and availability may vary by year.
2019,2018,original_code,MH,MH,True,False,Original SAMHSA directory code; meaning and availability may vary by year.
2019,2018,original_code,MHS,MHS,True,False,Original SAMHSA directory code; meaning and availability may vary by year.
2019,2018,original_code,MI,Military insurance,True,False,Original SAMHSA directory code; meaning and availability may vary by year.
2019,2018,original_code,MM,Methadone maintenance,True,False,Original SAMHSA directory code; meaning and availability may vary by year.
2019,2018,original_code,MMW,Methadone maintenance for predetermined time STDH State department of health,True,False,Original SAMHSA directory code; meaning and availability may vary by year.
2019,2018,original_code,MN,Adult men TA Transportation assistance,True,False,Original SAMHSA directory code; meaning and availability may vary by year.
2019,2018,original_code,MO,Methadone clients only,True,False,Original SAMHSA directory code; meaning and availability may vary by year.
2019,2018,original_code,MOA,Accepts clients on opioid medication HLA Hospital licensing authority,True,False,Original SAMHSA directory code; meaning and availability may vary by year.
2019,2018,original_code,MOTI,Motivational interviewing,True,False,Original SAMHSA directory code; meaning and availability may vary by year.
2019,2018,original_code,MPD,Medications for psychiatric disorders,True,False,Original SAMHSA directory code; meaning and availability may vary by year.
2019,2018,original_code,MU,Methadone used in treatment,True,False,Original SAMHSA directory code; meaning and availability may vary by year.
2019,2018,original_code,MXM,Matrix Model,True,False,Original SAMHSA directory code; meaning and availability may vary by year.
2019,2018,original_code,N1,Achumaw N76 Gwichin N21 Maricopa N54 Tenino,True,False,Original SAMHSA directory code; meaning and availability may vary by year.
2019,2018,original_code,N10,Dakota N43 Maidu N32 Shoshoni,True,False,Original SAMHSA directory code; meaning and availability may vary by year.
2019,2018,original_code,N13,N13,True,False,Original SAMHSA directory code; meaning and availability may vary by year.
2019,2018,original_code,N16,N16,True,False,Original SAMHSA directory code; meaning and availability may vary by year.
2019,2018,original_code,N18,N18,True,False,Original SAMHSA directory code; meaning and availability may vary by year.
2019,2018,original_code,N2,Apache N47 Hidatsa N56 Mohegan N35 Tohono O'Odham,True,False,Original SAMHSA directory code; meaning and availability may vary by year.
2019,2018,original_code,N23,N23,True,False,Original SAMHSA directory code; meaning and availability may vary by year.
2019,2018,original_code,N24,N24,True,False,Original SAMHSA directory code; meaning and availability may vary by year.
2019,2018,original_code,N3,Athabascan N70 Inupiaq N25 Omaha N61 Unami,True,False,Original SAMHSA directory code; meaning and availability may vary by year.
2019,2018,original_code,N30,N30,True,False,Original SAMHSA directory code; meaning and availability may vary by year.
2019,2018,original_code,N32,N32,True,False,Original SAMHSA directory code; meaning and availability may vary by year.
2019,2018,original_code,N35,N35,True,False,Original SAMHSA directory code; meaning and availability may vary by year.
2019,2018,original_code,N39,N39,True,False,Original SAMHSA directory code; meaning and availability may vary by year.
2019,2018,original_code,N4,Cherokee N16 Keres N26 Ottawa N37 Ute,True,False,Original SAMHSA directory code; meaning and availability may vary by year.
2019,2018,original_code,N40,N40,True,False,Original SAMHSA directory code; meaning and availability may vary by year.
2019,2018,original_code,N41,N41,True,False,Original SAMHSA directory code; meaning and availability may vary by year.
2019,2018,original_code,N44,Chippewa N17 Koyukon N58 Pawnee N38 Yakima,True,False,Original SAMHSA directory code; meaning and availability may vary by year.
2019,2018,original_code,N45,Assiniboine N14 Hualapai N24 Ojibwa N69 Tututni,True,False,Original SAMHSA directory code; meaning and availability may vary by year.
2019,2018,original_code,N48,Arikara N13 Hopi N23 Navajo N79 Tsimshian,True,False,Original SAMHSA directory code; meaning and availability may vary by year.
2019,2018,original_code,N49,N49,True,False,Original SAMHSA directory code; meaning and availability may vary by year.
2019,2018,original_code,N5,Cheyenne N57 Kiowa N27 Paiute N55 Wasco,True,False,Original SAMHSA directory code; meaning and availability may vary by year.
2019,2018,original_code,N52,Arapaho N12 Ho-Chunk N50 Muskogee N36 Towa,True,False,Original SAMHSA directory code; meaning and availability may vary by year.
2019,2018,original_code,N6,Choctaw N77 Kutenai N29 Pima N39 Yaqui,True,False,Original SAMHSA directory code; meaning and availability may vary by year.
2019,2018,original_code,N60,Gros Ventre N20 Maliseet N62 Teke-Eboo,True,False,Original SAMHSA directory code; meaning and availability may vary by year.
2019,2018,original_code,N63,Ahtena N42 Haida N46 Micmac N33 Tewa,True,False,Original SAMHSA directory code; meaning and availability may vary by year.
2019,2018,original_code,N64,Blackfoot N15 Inupiatun N53 Osage N71 Unangax,True,False,Original SAMHSA directory code; meaning and availability may vary by year.
2019,2018,original_code,N65,Aleut N67 Havasupai N72 Mikasuki N49 Tiwa,True,False,Original SAMHSA directory code; meaning and availability may vary by year.
2019,2018,original_code,N7,Cocopah N18 Lakota N59 Potawatomi N40 Yupik,True,False,Original SAMHSA directory code; meaning and availability may vary by year.
2019,2018,original_code,N70,N70,True,False,Original SAMHSA directory code; meaning and availability may vary by year.
2019,2018,original_code,N73,Anishinaabemowin N68 Havasupai-Walapai-Yavapai N22 Mohawk N34 Tlingit,True,False,Original SAMHSA directory code; meaning and availability may vary by year.
2019,2018,original_code,N75,Chickasaw N78 Kootenai N28 Passamaquoddy N66 Wasco-Wishram,True,False,Original SAMHSA directory code; meaning and availability may vary by year.
2019,2018,original_code,N78,N78,True,False,Original SAMHSA directory code; meaning and availability may vary by year.
2019,2018,original_code,N8,Cree N74 Lumbee N30 Salish N41 Zuni,True,False,Original SAMHSA directory code; meaning and availability may vary by year.
2019,2018,original_code,N9,Crow N19 Lushootseed N31 Seminole,True,False,Original SAMHSA directory code; meaning and availability may vary by year.
2019,2018,original_code,NCQA,NCQA,True,False,Original SAMHSA directory code; meaning and availability may vary by year.
2019,2018,original_code,NMOA,Do not use medication for opioid addiction JC The Joint Commission,True,False,Original SAMHSA directory code; meaning and availability may vary by year.
2019,2018,original_code,NOOP,Does not treat opioid addiction NCQA National Committee for Quality Assurance,True,False,Original SAMHSA directory code; meaning and availability may vary by year.
2019,2018,original_code,NP,No payment accepted,True,False,Original SAMHSA directory code; meaning and availability may vary by year.
2019,2018,original_code,NRT,Nicotine replacement therapy,True,False,Original SAMHSA directory code; meaning and availability may vary by year.
2019,2018,original_code,NSC,Non-nicotine smoking/tobacco cessation,True,False,Original SAMHSA directory code; meaning and availability may vary by year.
2019,2018,original_code,NU,Naltrexone used in treatment,True,False,Original SAMHSA directory code; meaning and availability may vary by year.
2019,2018,original_code,NXN,Naltrexone (oral),True,False,Original SAMHSA directory code; meaning and availability may vary by year.
2019,2018,original_code,OD,Outpatient detoxification,True,False,Original SAMHSA directory code; meaning and availability may vary by year.
2019,2018,original_code,ODT,Outpatient day treatment,True,False,Original SAMHSA directory code; meaning and availability may vary by year.
2019,2018,original_code,ODTX,Opioid Detoxification,True,False,Original SAMHSA directory code; meaning and availability may vary by year.
2019,2018,original_code,OH,OH,True,False,Original SAMHSA directory code; meaning and availability may vary by year.
2019,2018,original_code,OIT,Intensive outpatient treatment,True,False,Original SAMHSA directory code; meaning and availability may vary by year.
2019,2018,original_code,OMB,Outpatient medication treatment,True,False,Original SAMHSA directory code; meaning and availability may vary by year.
2019,2018,original_code,OP,Outpatient,True,False,Original SAMHSA directory code; meaning and availability may vary by year.
2019,2018,original_code,OPC,Outreach to persons in the community,True,False,Original SAMHSA directory code; meaning and availability may vary by year.
2019,2018,original_code,OR,OR,True,False,Original SAMHSA directory code; meaning and availability may vary by year.
2019,2018,original_code,ORT,Regular outpatient treatment,True,False,Original SAMHSA directory code; meaning and availability may vary by year.
2019,2018,original_code,OS,OS,True,False,Original SAMHSA directory code; meaning and availability may vary by year.
2019,2018,original_code,OTP,SAMHSA-certified opioid treatment program,True,False,Original SAMHSA directory code; meaning and availability may vary by year.
2019,2018,original_code,OTPA,All Clients in Opioid Treatment Program,True,False,Original SAMHSA directory code; meaning and availability may vary by year.
2019,2018,original_code,OW,OW,True,False,Original SAMHSA directory code; meaning and availability may vary by year.
2019,2018,original_code,PA,Payment assistance,True,False,Original SAMHSA directory code; meaning and availability may vary by year.
2019,2018,original_code,PAIN,Use methadone/buprenorphine for pain,True,False,Original SAMHSA directory code; meaning and availability may vary by year.
2019,2018,original_code,PEER,PEER,True,False,Original SAMHSA directory code; meaning and availability may vary by year.
2019,2018,original_code,PI,Private health insurance,True,False,Original SAMHSA directory code; meaning and availability may vary by year.
2019,2018,original_code,PSYH,Psychiatric hospital,True,False,Original SAMHSA directory code; meaning and availability may vary by year.
2019,2018,original_code,PVTN,Private non-profit organization,True,False,Original SAMHSA directory code; meaning and availability may vary by year.
2019,2018,original_code,PVTP,Private for-profit organization,True,False,Original SAMHSA directory code; meaning and availability may vary by year.
2019,2018,original_code,PW,Pregnant/postpartum women SSD Social skills development,True,False,Original SAMHSA directory code; meaning and availability may vary by year.
2019,2018,original_code,RD,Residential detoxification,True,False,Original SAMHSA directory code; meaning and availability may vary by year.
2019,2018,original_code,REBT,Rational emotive behavioral therapy,True,False,Original SAMHSA directory code; meaning and availability may vary by year.
2019,2018,original_code,RELP,RELP,True,False,Original SAMHSA directory code; meaning and availability may vary by year.
2019,2018,original_code,RES,Residential,True,False,Original SAMHSA directory code; meaning and availability may vary by year.
2019,2018,original_code,RL,Long-term residential,True,False,Original SAMHSA directory code; meaning and availability may vary by year.
2019,2018,original_code,RPN,Relapse prevention from naltrexone,True,False,Original SAMHSA directory code; meaning and availability may vary by year.
2019,2018,original_code,RR,RR,True,False,Original SAMHSA directory code; meaning and availability may vary by year.
2019,2018,original_code,RS,Short-term residential,True,False,Original SAMHSA directory code; meaning and availability may vary by year.
2019,2018,original_code,SA,Substance use treatment,True,False,Original SAMHSA directory code; meaning and availability may vary by year.
2019,2018,original_code,SACA,Substance use counseling approach,True,False,Original SAMHSA directory code; meaning and availability may vary by year.
2019,2018,original_code,SAE,Substance abuse education,True,False,Original SAMHSA directory code; meaning and availability may vary by year.
2019,2018,original_code,SC,SC,True,False,Original SAMHSA directory code; meaning and availability may vary by year.
2019,2018,original_code,SE,Seniors or older adults,True,False,Original SAMHSA directory code; meaning and availability may vary by year.
2019,2018,original_code,SF,Cash or self-payment,True,False,Original SAMHSA directory code; meaning and availability may vary by year.
2019,2018,original_code,SHB,Screening for Hepatitis B,True,False,Original SAMHSA directory code; meaning and availability may vary by year.
2019,2018,original_code,SHC,Screening for Hepatitis C,True,False,Original SAMHSA directory code; meaning and availability may vary by year.
2019,2018,original_code,SHG,SHG,True,False,Original SAMHSA directory code; meaning and availability may vary by year.
2019,2018,original_code,SI,State-financed insurance,True,False,Original SAMHSA directory code; meaning and availability may vary by year.
2019,2018,original_code,SMHD,Screening for mental health disorders,True,False,Original SAMHSA directory code; meaning and availability may vary by year.
2019,2018,original_code,SMON,Smoking not permitted,True,False,Original SAMHSA directory code; meaning and availability may vary by year.
2019,2018,original_code,SMOP,Smoking permitted without restriction,True,False,Original SAMHSA directory code; meaning and availability may vary by year.
2019,2018,original_code,SMPD,Smoking permitted in designated area,True,False,Original SAMHSA directory code; meaning and availability may vary by year.
2019,2018,original_code,SP,Spanish,True,False,Original SAMHSA directory code; meaning and availability may vary by year.
2019,2018,original_code,SS,Sliding fee scale,True,False,Original SAMHSA directory code; meaning and availability may vary by year.
2019,2018,original_code,SSA,SSA,True,False,Original SAMHSA directory code; meaning and availability may vary by year.
2019,2018,original_code,SSD,SSD,True,False,Original SAMHSA directory code; meaning and availability may vary by year.
2019,2018,original_code,STAG,STAG,True,False,Original SAMHSA directory code; meaning and availability may vary by year.
2019,2018,original_code,STDH,STDH,True,False,Original SAMHSA directory code; meaning and availability may vary by year.
2019,2018,original_code,STDT,STD testing,True,False,Original SAMHSA directory code; meaning and availability may vary by year.
2019,2018,original_code,STG,State government,True,False,Original SAMHSA directory code; meaning and availability may vary by year.
2019,2018,original_code,STMH,STMH,True,False,Original SAMHSA directory code; meaning and availability may vary by year.
2019,2018,original_code,STU,Screening for tobacco use,True,False,Original SAMHSA directory code; meaning and availability may vary by year.
2019,2018,original_code,TA,TA,True,False,Original SAMHSA directory code; meaning and availability may vary by year.
2019,2018,original_code,TAEC,"Hepatitis education, counseling, or support",True,False,Original SAMHSA directory code; meaning and availability may vary by year.
2019,2018,original_code,TAY,Transitional age young adults PEER Consumer-run (peer-support) services,True,False,Original SAMHSA directory code; meaning and availability may vary by year.
2019,2018,original_code,TBG,Tribal government,True,False,Original SAMHSA directory code; meaning and availability may vary by year.
2019,2018,original_code,TBS,TB screening,True,False,Original SAMHSA directory code; meaning and availability may vary by year.
2019,2018,original_code,TCC,Smoking/tobacco cessation counseling,True,False,Original SAMHSA directory code; meaning and availability may vary by year.
2019,2018,original_code,TGD,TGD,True,False,Original SAMHSA directory code; meaning and availability may vary by year.
2019,2018,original_code,TID,TID,True,False,Original SAMHSA directory code; meaning and availability may vary by year.
2019,2018,original_code,TRC,Trauma-related counseling,True,False,Original SAMHSA directory code; meaning and availability may vary by year.
2019,2018,original_code,TRMA,Persons who have experienced trauma 19 CCoouunnsseelliinngg SSeerrvviicceess aanndd EEdduuccaattiioonn,True,False,Original SAMHSA directory code; meaning and availability may vary by year.
2019,2018,original_code,TWFA,12-step facilitation,True,False,Original SAMHSA directory code; meaning and availability may vary by year.
2019,2018,original_code,UB,Prescribes/administers buprenorphine STMH State mental health department,True,False,Original SAMHSA directory code; meaning and availability may vary by year.
2019,2018,original_code,UN,Prescribes/administers naltrexone CARF Commission on Accreditation of Rehabilitation,True,False,Original SAMHSA directory code; meaning and availability may vary by year.
2019,2018,original_code,VAMC,Department of Veterans Affairs,True,False,Original SAMHSA directory code; meaning and availability may vary by year.
2019,2018,original_code,VET,Veterans TGD Treatment for gambling disorder,True,False,Original SAMHSA directory code; meaning and availability may vary by year.
2019,2018,original_code,VO,Serves Veterans only,True,False,Original SAMHSA directory code; meaning and availability may vary by year.
2019,2018,original_code,VTRL,"Extended-release, injectable Naltrexone (Vivitrol®)",True,False,Original SAMHSA directory code; meaning and availability may vary by year.
2019,2018,original_code,WN,Adult women SHG Self-help groups,True,False,Original SAMHSA directory code; meaning and availability may vary by year.
2019,2018,original_code,WO,WO,True,False,Original SAMHSA directory code; meaning and availability may vary by year.
2019,2018,original_code,XA,Persons who have experienced sexual abuse,True,False,Original SAMHSA directory code; meaning and availability may vary by year.
2019,2018,original_code,YAD,Young adults,True,False,Original SAMHSA directory code; meaning and availability may vary by year.
2020,2019,ownership,private_unspecified,Private (type unspecified),False,False,Earlier directories do not consistently separate private ownership type.
2020,2019,ownership,private_nonprofit,Private nonprofit,True,True,
2020,2019,ownership,private_forprofit,Private for-profit,True,True,
2020,2019,ownership,local_government,Local/county government,True,True,
2020,2019,ownership,state_government,State government,True,True,
2020,2019,ownership,tribal_government,Tribal government,True,True,
2020,2019,ownership,federal_dod,Federal: Department of Defense,True,True,
2020,2019,ownership,federal_ihs,Federal: Indian Health Service,True,True,
2020,2019,ownership,federal_va,Federal: Veterans Affairs,True,True,
2020,2019,center_type,substance_use,Substance use treatment,True,True,
2020,2019,center_type,detoxification,Detoxification,True,True,
2020,2019,center_type,transitional_housing,Transitional housing/halfway house,True,True,
2020,2019,center_type,mental_health,Mental health treatment,True,True,
2020,2019,center_type,cooccurring,Co-occurring mental health and substance use,True,True,
2020,2019,setting,outpatient,Outpatient,True,True,
2020,2019,setting,residential,Residential,True,True,
2020,2019,setting,hospital_inpatient,Hospital inpatient,True,True,
2020,2019,payment,medicare,Medicare,True,True,
2020,2019,payment,medicaid,Medicaid,True,True,
2020,2019,payment,military_insurance,Military insurance,True,True,
2020,2019,payment,private_insurance,Private health insurance,True,True,
2020,2019,payment,self_pay,Cash or self-payment,True,True,
2020,2019,payment,state_financed,State-financed insurance,True,True,
2020,2019,payment,payment_assistance,Payment assistance,True,True,
2020,2019,payment,sliding_fee,Sliding fee scale,True,True,
2020,2019,service_family,substance_use_treatment,Substance use treatment,True,True,
2020,2019,service_family,detoxification,Detoxification,True,True,
2020,2019,service_family,transitional_housing,Transitional housing/halfway house,True,True,
2020,2019,service_family,cooccurring,Co-occurring mental health and substance use treatment,True,True,
2020,2019,service_family,outpatient_treatment,Outpatient treatment,True,True,
2020,2019,service_family,residential_treatment,Residential treatment,True,True,
2020,2019,service_family,hospital_inpatient,Hospital inpatient treatment,True,True,
2020,2019,service_family,opioid_treatment_program,SAMHSA-certified opioid treatment program,True,True,
2020,2019,service_family,methadone,Methadone services,True,True,
2020,2019,service_family,buprenorphine,Buprenorphine services,True,True,
2020,2019,service_family,naltrexone,Naltrexone services,True,True,
2020,2019,service_family,telehealth,Telehealth/telemedicine,True,True,
2020,2019,original_code,ACC,Aftercare/continuing care 23 MMeeddiiccaall SSeerrvviicceess,True,False,Original SAMHSA directory code; meaning and availability may vary by year.
2020,2019,original_code,ACM,ACM,True,False,Original SAMHSA directory code; meaning and availability may vary by year.
2020,2019,original_code,ACMA,Accepts clients using medication assisted treatment,True,False,Original SAMHSA directory code; meaning and availability may vary by year.
2020,2019,original_code,ACU,Acupuncture NSC Non-nicotine smoking/tobacco cessation,True,False,Original SAMHSA directory code; meaning and availability may vary by year.
2020,2019,original_code,AD,AD,True,False,Original SAMHSA directory code; meaning and availability may vary by year.
2020,2019,original_code,ADD,Treatment for non-substance use addiction disorder,True,False,Original SAMHSA directory code; meaning and availability may vary by year.
2020,2019,original_code,ADLT,Adults,True,False,Original SAMHSA directory code; meaning and availability may vary by year.
2020,2019,original_code,ADM,ADM,True,False,Original SAMHSA directory code; meaning and availability may vary by year.
2020,2019,original_code,ADTX,Alcohol Detoxification,True,False,Original SAMHSA directory code; meaning and availability may vary by year.
2020,2019,original_code,AH,Services for deaf and hard of hearing,True,False,Original SAMHSA directory code; meaning and availability may vary by year.
2020,2019,original_code,ANG,"Anger management FSA Federal, or any government funding for substance",True,False,Original SAMHSA directory code; meaning and availability may vary by year.
2020,2019,original_code,AOSS,Assistance with obtaining social services medications,True,False,Original SAMHSA directory code; meaning and availability may vary by year.
2020,2019,original_code,AR,AR,True,False,Original SAMHSA directory code; meaning and availability may vary by year.
2020,2019,original_code,AUDO,Alcohol use disorder clients only,True,False,Original SAMHSA directory code; meaning and availability may vary by year.
2020,2019,original_code,AUINPE,In-network prescribing entity,True,False,Original SAMHSA directory code; meaning and availability may vary by year.
2020,2019,original_code,AUPC,Personal physician/health care provider,True,False,Original SAMHSA directory code; meaning and availability may vary by year.
2020,2019,original_code,AURPE,Other contracted prescribing entity,True,False,Original SAMHSA directory code; meaning and availability may vary by year.
2020,2019,original_code,BABA,Breathalyzer or blood alcohol testing ICO Individual counseling,True,False,Original SAMHSA directory code; meaning and availability may vary by year.
2020,2019,original_code,BC,Residential beds for clients' children STU Screening for tobacco use,True,False,Original SAMHSA directory code; meaning and availability may vary by year.
2020,2019,original_code,BDTX,Benzodiazepines Detoxification,True,False,Original SAMHSA directory code; meaning and availability may vary by year.
2020,2019,original_code,BERI,BERI,True,False,Original SAMHSA directory code; meaning and availability may vary by year.
2020,2019,original_code,BIA,Brief intervention,True,False,Original SAMHSA directory code; meaning and availability may vary by year.
2020,2019,original_code,BMO,BMO,True,False,Original SAMHSA directory code; meaning and availability may vary by year.
2020,2019,original_code,BMW,Buprenorphine maintenance for predetermined,True,False,Original SAMHSA directory code; meaning and availability may vary by year.
2020,2019,original_code,BSDM,Buprenorphine sub-dermal implant (Probuphine®),True,False,Original SAMHSA directory code; meaning and availability may vary by year.
2020,2019,original_code,BU,Buprenorphine used in treatment,True,False,Original SAMHSA directory code; meaning and availability may vary by year.
2020,2019,original_code,BUM,Buprenorphine maintenance,True,False,Original SAMHSA directory code; meaning and availability may vary by year.
2020,2019,original_code,BWN,BWN,True,False,Original SAMHSA directory code; meaning and availability may vary by year.
2020,2019,original_code,BWON,BWON,True,False,Original SAMHSA directory code; meaning and availability may vary by year.
2020,2019,original_code,CARF,Commission on Accreditation of Rehabilitation CJ Clients referred from the court/judicial system,True,False,Original SAMHSA directory code; meaning and availability may vary by year.
2020,2019,original_code,CBT,Cognitive behavioral therapy,True,False,Original SAMHSA directory code; meaning and availability may vary by year.
2020,2019,original_code,CCC,Child care for clients' children TCC Smoking/tobacco cessation counseling,True,False,Original SAMHSA directory code; meaning and availability may vary by year.
2020,2019,original_code,CDTX,Cocaine Detoxification,True,False,Original SAMHSA directory code; meaning and availability may vary by year.
2020,2019,original_code,CH,CH,True,False,Original SAMHSA directory code; meaning and availability may vary by year.
2020,2019,original_code,CHLD,Children/adolescents,True,False,Original SAMHSA directory code; meaning and availability may vary by year.
2020,2019,original_code,CJ,CJ,True,False,Original SAMHSA directory code; meaning and availability may vary by year.
2020,2019,original_code,CLND,Clonidine,True,False,Original SAMHSA directory code; meaning and availability may vary by year.
2020,2019,original_code,CM,Case management,True,False,Original SAMHSA directory code; meaning and availability may vary by year.
2020,2019,original_code,CMHA,Comprehensive mental health assessment,True,False,Original SAMHSA directory code; meaning and availability may vary by year.
2020,2019,original_code,CMI,Contingency management/motivational incentives,True,False,Original SAMHSA directory code; meaning and availability may vary by year.
2020,2019,original_code,CO,CO,True,False,Original SAMHSA directory code; meaning and availability may vary by year.
2020,2019,original_code,COA,Council on Accreditation disorders,True,False,Original SAMHSA directory code; meaning and availability may vary by year.
2020,2019,original_code,COPSU,Persons with co-occurring pain and substance use,True,False,Original SAMHSA directory code; meaning and availability may vary by year.
2020,2019,original_code,CRV,Community reinforcement plus vouchers,True,False,Original SAMHSA directory code; meaning and availability may vary by year.
2020,2019,original_code,CSAA,Comprehensive substance use assessment,True,False,Original SAMHSA directory code; meaning and availability may vary by year.
2020,2019,original_code,DAOF,Drug and alcohol oral fluid testing,True,False,Original SAMHSA directory code; meaning and availability may vary by year.
2020,2019,original_code,DAUT,Drug or alcohol urine screening GCO Group counseling,True,False,Original SAMHSA directory code; meaning and availability may vary by year.
2020,2019,original_code,DB,DB,True,False,Original SAMHSA directory code; meaning and availability may vary by year.
2020,2019,original_code,DBT,Dialectical behavior therapy,True,False,Original SAMHSA directory code; meaning and availability may vary by year.
2020,2019,original_code,DD,DD,True,False,Original SAMHSA directory code; meaning and availability may vary by year.
2020,2019,original_code,DDF,Department of Defense,True,False,Original SAMHSA directory code; meaning and availability may vary by year.
2020,2019,original_code,DM,Methadone detoxification,True,False,Original SAMHSA directory code; meaning and availability may vary by year.
2020,2019,original_code,DP,Discharge Planning HAV Hepatitis A vaccination,True,False,Original SAMHSA directory code; meaning and availability may vary by year.
2020,2019,original_code,DSF,DSF,True,False,Original SAMHSA directory code; meaning and availability may vary by year.
2020,2019,original_code,DT,Detoxification,True,False,Original SAMHSA directory code; meaning and availability may vary by year.
2020,2019,original_code,DU,Specially designed program for DUI/DWI clients,True,False,Original SAMHSA directory code; meaning and availability may vary by year.
2020,2019,original_code,DUO,Serves only DUI/DWI clients,True,False,Original SAMHSA directory code; meaning and availability may vary by year.
2020,2019,original_code,DV,DV,True,False,Original SAMHSA directory code; meaning and availability may vary by year.
2020,2019,original_code,DVFP,Domestic violence services-family or partner,True,False,Original SAMHSA directory code; meaning and availability may vary by year.
2020,2019,original_code,EIH,Early intervention for HIV SMON Smoking not permitted,True,False,Original SAMHSA directory code; meaning and availability may vary by year.
2020,2019,original_code,EMP,Employment counseling or training,True,False,Original SAMHSA directory code; meaning and availability may vary by year.
2020,2019,original_code,F1,Afrikaans F165 Fula F136 Luganda F117 Serer-Sine,True,False,Original SAMHSA directory code; meaning and availability may vary by year.
2020,2019,original_code,F10,Bosnian F38 Hungarian F175 Mon F81 Tagalog,True,False,Original SAMHSA directory code; meaning and availability may vary by year.
2020,2019,original_code,F102,Edo F47 Korean F122 Romani F144 Visayan,True,False,Original SAMHSA directory code; meaning and availability may vary by year.
2020,2019,original_code,F104,F104,True,False,Original SAMHSA directory code; meaning and availability may vary by year.
2020,2019,original_code,F105,Cebuano F128 Inuktitut F167 Nuer F148 Tibetan,True,False,Original SAMHSA directory code; meaning and availability may vary by year.
2020,2019,original_code,F11,Bulgarian F147 Ibibio F60 Mongolian F166 Taishanese,True,False,Original SAMHSA directory code; meaning and availability may vary by year.
2020,2019,original_code,F110,Akan F29 Gaelic F51 Luo F181 Sesotho,True,False,Original SAMHSA directory code; meaning and availability may vary by year.
2020,2019,original_code,F115,"French, Cajun F99 Lithuanian F73 Serbian",True,False,Original SAMHSA directory code; meaning and availability may vary by year.
2020,2019,original_code,F119,F119,True,False,Original SAMHSA directory code; meaning and availability may vary by year.
2020,2019,original_code,F12,Burmese F116 Icelandic F172 Napoletano-Calabrese F154 Taiwanese,True,False,Original SAMHSA directory code; meaning and availability may vary by year.
2020,2019,original_code,F126,Algonquin F157 Georgian F53 Malay F169 Sindhi,True,False,Original SAMHSA directory code; meaning and availability may vary by year.
2020,2019,original_code,F13,Cantonese F40 Ilocano F61 Nepali F82 Tamil,True,False,Original SAMHSA directory code; meaning and availability may vary by year.
2020,2019,original_code,F131,Bambara F106 Guyanese Creole English F134 Marshallese F183 Southern Highland language,True,False,Original SAMHSA directory code; meaning and availability may vary by year.
2020,2019,original_code,F132,Dzongkha F170 Konkani F68 Quiche F92 Vietnamese,True,False,Original SAMHSA directory code; meaning and availability may vary by year.
2020,2019,original_code,F14,Cape Verdean F164 Ilonggo F62 Nigerian F85 Telugu,True,False,Original SAMHSA directory code; meaning and availability may vary by year.
2020,2019,original_code,F140,Akha F129 Ganda F52 Macedonian F182 Setswana,True,False,Original SAMHSA directory code; meaning and availability may vary by year.
2020,2019,original_code,F141,F141,True,False,Original SAMHSA directory code; meaning and availability may vary by year.
2020,2019,original_code,F145,Annang F173 Gisu F55 Maltese F75 Slavic,True,False,Original SAMHSA directory code; meaning and availability may vary by year.
2020,2019,original_code,F146,Efik F109 Krio F69 Romanian F93 Woleaian,True,False,Original SAMHSA directory code; meaning and availability may vary by year.
2020,2019,original_code,F149,Chin F43 Japanese F64 Palauan F187 Triqui,True,False,Original SAMHSA directory code; meaning and availability may vary by year.
2020,2019,original_code,F15,Chaldean F42 Italian F177 Oriya F141 Tigrinya,True,False,Original SAMHSA directory code; meaning and availability may vary by year.
2020,2019,original_code,F151,Burundi F39 Igbo F176 Ndebele F138 Tajik,True,False,Original SAMHSA directory code; meaning and availability may vary by year.
2020,2019,original_code,F153,F153,True,False,Original SAMHSA directory code; meaning and availability may vary by year.
2020,2019,original_code,F154,F154,True,False,Original SAMHSA directory code; meaning and availability may vary by year.
2020,2019,original_code,F156,Bantu F108 Hausa F155 Mayan SP Spanish,True,False,Original SAMHSA directory code; meaning and availability may vary by year.
2020,2019,original_code,F158,Flemish F50 Liberian F124 Sanskrit F97 Zapotec,True,False,Original SAMHSA directory code; meaning and availability may vary by year.
2020,2019,original_code,F16,Chamorro F123 Jamaican Creole English F153 Oromo F87 Tongan,True,False,Original SAMHSA directory code; meaning and availability may vary by year.
2020,2019,original_code,F161,Bisaya F37 Hmong F59 Mixtec F80 Swedish,True,False,Original SAMHSA directory code; meaning and availability may vary by year.
2020,2019,original_code,F168,Filipino F48 Lao F71 Samoan F95 Yiddish,True,False,Original SAMHSA directory code; meaning and availability may vary by year.
2020,2019,original_code,F17,Chinese F113 Kannada F118 Pashto F88 Turkish,True,False,Original SAMHSA directory code; meaning and availability may vary by year.
2020,2019,original_code,F174,F174,True,False,Original SAMHSA directory code; meaning and availability may vary by year.
2020,2019,original_code,F18,Chuukese F142 Karen F130 Pengo F184 Twi,True,False,Original SAMHSA directory code; meaning and availability may vary by year.
2020,2019,original_code,F183,F183,True,False,Original SAMHSA directory code; meaning and availability may vary by year.
2020,2019,original_code,F184,F184,True,False,Original SAMHSA directory code; meaning and availability may vary by year.
2020,2019,original_code,F188,Carolinian F41 Indonesian F63 Norwegian F86 Thai,True,False,Original SAMHSA directory code; meaning and availability may vary by year.
2020,2019,original_code,F19,Creole F186 Karenni F178 Pennsylvania Dutch F89 Ukrainian,True,False,Original SAMHSA directory code; meaning and availability may vary by year.
2020,2019,original_code,F2,Albanian F103 Garifuna F163 Mai Mai F107 Shona,True,False,Original SAMHSA directory code; meaning and availability may vary by year.
2020,2019,original_code,F20,Croatian F100 Kewa F137 Pidgin F90 Ulithian,True,False,Original SAMHSA directory code; meaning and availability may vary by year.
2020,2019,original_code,F21,Czech F44 Khmer F66 Polish F91 Urdu,True,False,Original SAMHSA directory code; meaning and availability may vary by year.
2020,2019,original_code,F22,Danish F45 Khmu F67 Portuguese F127 Uru,True,False,Original SAMHSA directory code; meaning and availability may vary by year.
2020,2019,original_code,F23,Dutch F152 Kirundi F65 Punjabi F101 Uzbek,True,False,Original SAMHSA directory code; meaning and availability may vary by year.
2020,2019,original_code,F24,Estonian F135 Kurdish F133 Rundi F114 Wolof,True,False,Original SAMHSA directory code; meaning and availability may vary by year.
2020,2019,original_code,F25,Farsi F174 Kwa F150 Runyankole F185 Xhosa,True,False,Original SAMHSA directory code; meaning and availability may vary by year.
2020,2019,original_code,F26,Fijian F143 Kyrgyz F70 Russian F94 Yapese,True,False,Original SAMHSA directory code; meaning and availability may vary by year.
2020,2019,original_code,F27,Finnish F49 Latvian F180 Sango F96 Yoruba,True,False,Original SAMHSA directory code; meaning and availability may vary by year.
2020,2019,original_code,F28,French F160 Lingala F72 Satawalese F159 Zulu,True,False,Original SAMHSA directory code; meaning and availability may vary by year.
2020,2019,original_code,F3,Amharic F30 German F54 Malayalam F125 Sinhala,True,False,Original SAMHSA directory code; meaning and availability may vary by year.
2020,2019,original_code,F30,F30,True,False,Original SAMHSA directory code; meaning and availability may vary by year.
2020,2019,original_code,F31,F31,True,False,Original SAMHSA directory code; meaning and availability may vary by year.
2020,2019,original_code,F33,F33,True,False,Original SAMHSA directory code; meaning and availability may vary by year.
2020,2019,original_code,F35,F35,True,False,Original SAMHSA directory code; meaning and availability may vary by year.
2020,2019,original_code,F36,F36,True,False,Original SAMHSA directory code; meaning and availability may vary by year.
2020,2019,original_code,F37,F37,True,False,Original SAMHSA directory code; meaning and availability may vary by year.
2020,2019,original_code,F38,F38,True,False,Original SAMHSA directory code; meaning and availability may vary by year.
2020,2019,original_code,F39,F39,True,False,Original SAMHSA directory code; meaning and availability may vary by year.
2020,2019,original_code,F4,Arabic F31 Greek F56 Mandarin F76 Slovak,True,False,Original SAMHSA directory code; meaning and availability may vary by year.
2020,2019,original_code,F40,F40,True,False,Original SAMHSA directory code; meaning and availability may vary by year.
2020,2019,original_code,F41,F41,True,False,Original SAMHSA directory code; meaning and availability may vary by year.
2020,2019,original_code,F42,F42,True,False,Original SAMHSA directory code; meaning and availability may vary by year.
2020,2019,original_code,F43,F43,True,False,Original SAMHSA directory code; meaning and availability may vary by year.
2020,2019,original_code,F44,F44,True,False,Original SAMHSA directory code; meaning and availability may vary by year.
2020,2019,original_code,F47,F47,True,False,Original SAMHSA directory code; meaning and availability may vary by year.
2020,2019,original_code,F48,F48,True,False,Original SAMHSA directory code; meaning and availability may vary by year.
2020,2019,original_code,F5,Armenian F32 Guarani F120 Mandinka F77 Slovenian,True,False,Original SAMHSA directory code; meaning and availability may vary by year.
2020,2019,original_code,F52,F52,True,False,Original SAMHSA directory code; meaning and availability may vary by year.
2020,2019,original_code,F53,F53,True,False,Original SAMHSA directory code; meaning and availability may vary by year.
2020,2019,original_code,F6,Assyrian F33 Gujarati F119 Marathi F104 Somali,True,False,Original SAMHSA directory code; meaning and availability may vary by year.
2020,2019,original_code,F61,F61,True,False,Original SAMHSA directory code; meaning and availability may vary by year.
2020,2019,original_code,F64,F64,True,False,Original SAMHSA directory code; meaning and availability may vary by year.
2020,2019,original_code,F65,F65,True,False,Original SAMHSA directory code; meaning and availability may vary by year.
2020,2019,original_code,F66,F66,True,False,Original SAMHSA directory code; meaning and availability may vary by year.
2020,2019,original_code,F67,F67,True,False,Original SAMHSA directory code; meaning and availability may vary by year.
2020,2019,original_code,F69,F69,True,False,Original SAMHSA directory code; meaning and availability may vary by year.
2020,2019,original_code,F7,Basque F34 Hawaiian F171 Mende F78 Sudanese,True,False,Original SAMHSA directory code; meaning and availability may vary by year.
2020,2019,original_code,F70,F70,True,False,Original SAMHSA directory code; meaning and availability may vary by year.
2020,2019,original_code,F71,F71,True,False,Original SAMHSA directory code; meaning and availability may vary by year.
2020,2019,original_code,F73,F73,True,False,Original SAMHSA directory code; meaning and availability may vary by year.
2020,2019,original_code,F78,F78,True,False,Original SAMHSA directory code; meaning and availability may vary by year.
2020,2019,original_code,F79,F79,True,False,Original SAMHSA directory code; meaning and availability may vary by year.
2020,2019,original_code,F8,Belarusan F35 Hebrew F57 Micronesian F112 Sunda,True,False,Original SAMHSA directory code; meaning and availability may vary by year.
2020,2019,original_code,F81,F81,True,False,Original SAMHSA directory code; meaning and availability may vary by year.
2020,2019,original_code,F86,F86,True,False,Original SAMHSA directory code; meaning and availability may vary by year.
2020,2019,original_code,F87,F87,True,False,Original SAMHSA directory code; meaning and availability may vary by year.
2020,2019,original_code,F88,F88,True,False,Original SAMHSA directory code; meaning and availability may vary by year.
2020,2019,original_code,F89,F89,True,False,Original SAMHSA directory code; meaning and availability may vary by year.
2020,2019,original_code,F9,Bengali F36 Hindi F58 Mien F79 Swahili,True,False,Original SAMHSA directory code; meaning and availability may vary by year.
2020,2019,original_code,F91,F91,True,False,Original SAMHSA directory code; meaning and availability may vary by year.
2020,2019,original_code,F92,F92,True,False,Original SAMHSA directory code; meaning and availability may vary by year.
2020,2019,original_code,F94,F94,True,False,Original SAMHSA directory code; meaning and availability may vary by year.
2020,2019,original_code,F96,F96,True,False,Original SAMHSA directory code; meaning and availability may vary by year.
2020,2019,original_code,F98,Dari F46 Kinyarwanda F179 Portuguese Creole F139 Uyghur,True,False,Original SAMHSA directory code; meaning and availability may vary by year.
2020,2019,original_code,F99,F99,True,False,Original SAMHSA directory code; meaning and availability may vary by year.
2020,2019,original_code,FCO,FCO,True,False,Original SAMHSA directory code; meaning and availability may vary by year.
2020,2019,original_code,FEM,Female,True,False,Original SAMHSA directory code; meaning and availability may vary by year.
2020,2019,original_code,FQHC,Federally Qualified Health Center,True,False,Original SAMHSA directory code; meaning and availability may vary by year.
2020,2019,original_code,FSA,FSA,True,False,Original SAMHSA directory code; meaning and availability may vary by year.
2020,2019,original_code,GCO,GCO,True,False,Original SAMHSA directory code; meaning and availability may vary by year.
2020,2019,original_code,GH,General Hospital (including VA hospital) ACM Acamprosate (Campral®),True,False,Original SAMHSA directory code; meaning and availability may vary by year.
2020,2019,original_code,GL,"Lesbian, gay, bisexual, or transgender (LGBT)",True,False,Original SAMHSA directory code; meaning and availability may vary by year.
2020,2019,original_code,HAEC,HAEC,True,False,Original SAMHSA directory code; meaning and availability may vary by year.
2020,2019,original_code,HAV,HAV,True,False,Original SAMHSA directory code; meaning and availability may vary by year.
2020,2019,original_code,HBV,HBV,True,False,Original SAMHSA directory code; meaning and availability may vary by year.
2020,2019,original_code,HEOH,HEOH,True,False,Original SAMHSA directory code; meaning and availability may vary by year.
2020,2019,original_code,HFAP,Healthcare Facilities Accreditation Program HV Persons with HIV or AIDS,True,False,Original SAMHSA directory code; meaning and availability may vary by year.
2020,2019,original_code,HH,Transitional housing or halfway house,True,False,Original SAMHSA directory code; meaning and availability may vary by year.
2020,2019,original_code,HI,Hospital inpatient,True,False,Original SAMHSA directory code; meaning and availability may vary by year.
2020,2019,original_code,HID,Hospital inpatient detoxification,True,False,Original SAMHSA directory code; meaning and availability may vary by year.
2020,2019,original_code,HIT,Hospital inpatient treatment,True,False,Original SAMHSA directory code; meaning and availability may vary by year.
2020,2019,original_code,HIVT,HIV testing FCO Family counseling,True,False,Original SAMHSA directory code; meaning and availability may vary by year.
2020,2019,original_code,HLA,Hospital licensing authority XA Persons who have experienced sexual abuse,True,False,Original SAMHSA directory code; meaning and availability may vary by year.
2020,2019,original_code,HS,Housing services SMOP Smoking permitted without restriction,True,False,Original SAMHSA directory code; meaning and availability may vary by year.
2020,2019,original_code,HV,HV,True,False,Original SAMHSA directory code; meaning and availability may vary by year.
2020,2019,original_code,ICO,ICO,True,False,Original SAMHSA directory code; meaning and availability may vary by year.
2020,2019,original_code,ID,ID,True,False,Original SAMHSA directory code; meaning and availability may vary by year.
2020,2019,original_code,IH,Indian Health Service,True,False,Original SAMHSA directory code; meaning and availability may vary by year.
2020,2019,original_code,INPE,"In-network prescribing entity VTRL Naltrexone (extended-release, injectable naltrexone",True,False,Original SAMHSA directory code; meaning and availability may vary by year.
2020,2019,original_code,IO,IO,True,False,Original SAMHSA directory code; meaning and availability may vary by year.
2020,2019,original_code,IR,IR,True,False,Original SAMHSA directory code; meaning and availability may vary by year.
2020,2019,original_code,ISC,Interim services for clients,True,False,Original SAMHSA directory code; meaning and availability may vary by year.
2020,2019,original_code,ITU,IHS/Tribal/Urban (ITU) funds,True,False,Original SAMHSA directory code; meaning and availability may vary by year.
2020,2019,original_code,JC,The Joint Commission DV Persons who have experienced intimate partner,True,False,Original SAMHSA directory code; meaning and availability may vary by year.
2020,2019,original_code,LCCG,"Local, county, or community government",True,False,Original SAMHSA directory code; meaning and availability may vary by year.
2020,2019,original_code,LFXD,Lofexidine,True,False,Original SAMHSA directory code; meaning and availability may vary by year.
2020,2019,original_code,MALE,Male,True,False,Original SAMHSA directory code; meaning and availability may vary by year.
2020,2019,original_code,MC,Medicare,True,False,Original SAMHSA directory code; meaning and availability may vary by year.
2020,2019,original_code,MCO,MCO,True,False,Original SAMHSA directory code; meaning and availability may vary by year.
2020,2019,original_code,MD,Medicaid,True,False,Original SAMHSA directory code; meaning and availability may vary by year.
2020,2019,original_code,MDET,Routinely uses medication for detoxification,True,False,Original SAMHSA directory code; meaning and availability may vary by year.
2020,2019,original_code,MDTX,Methamphetamines detoxification,True,False,Original SAMHSA directory code; meaning and availability may vary by year.
2020,2019,original_code,METH,Methadone,True,False,Original SAMHSA directory code; meaning and availability may vary by year.
2020,2019,original_code,MF,MF,True,False,Original SAMHSA directory code; meaning and availability may vary by year.
2020,2019,original_code,MH,MH,True,False,Original SAMHSA directory code; meaning and availability may vary by year.
2020,2019,original_code,MHCV,MHCV,True,False,Original SAMHSA directory code; meaning and availability may vary by year.
2020,2019,original_code,MHIV,Medications for HIV treatment,True,False,Original SAMHSA directory code; meaning and availability may vary by year.
2020,2019,original_code,MHS,Mental health services SMPD Smoking permitted in designated area,True,False,Original SAMHSA directory code; meaning and availability may vary by year.
2020,2019,original_code,MI,Military insurance,True,False,Original SAMHSA directory code; meaning and availability may vary by year.
2020,2019,original_code,MM,Methadone maintenance,True,False,Original SAMHSA directory code; meaning and availability may vary by year.
2020,2019,original_code,MMW,Methadone maintenance for predetermined time,True,False,Original SAMHSA directory code; meaning and availability may vary by year.
2020,2019,original_code,MN,MN,True,False,Original SAMHSA directory code; meaning and availability may vary by year.
2020,2019,original_code,MO,Methadone clients only,True,False,Original SAMHSA directory code; meaning and availability may vary by year.
2020,2019,original_code,MOA,Accepts clients on opioid medication but prescribed,True,False,Original SAMHSA directory code; meaning and availability may vary by year.
2020,2019,original_code,MOTI,Motivational interviewing,True,False,Original SAMHSA directory code; meaning and availability may vary by year.
2020,2019,original_code,MPD,Medications for psychiatric disorders,True,False,Original SAMHSA directory code; meaning and availability may vary by year.
2020,2019,original_code,MST,Testing for metabolic syndrome,True,False,Original SAMHSA directory code; meaning and availability may vary by year.
2020,2019,original_code,MU,Methadone used in treatment,True,False,Original SAMHSA directory code; meaning and availability may vary by year.
2020,2019,original_code,MXM,Matrix Model,True,False,Original SAMHSA directory code; meaning and availability may vary by year.
2020,2019,original_code,N1,Achumaw N76 Gwichin N21 Maricopa N62 Teke-Eboo,True,False,Original SAMHSA directory code; meaning and availability may vary by year.
2020,2019,original_code,N10,Dakota N43 Maidu N31 Seminole,True,False,Original SAMHSA directory code; meaning and availability may vary by year.
2020,2019,original_code,N13,N13,True,False,Original SAMHSA directory code; meaning and availability may vary by year.
2020,2019,original_code,N16,N16,True,False,Original SAMHSA directory code; meaning and availability may vary by year.
2020,2019,original_code,N18,N18,True,False,Original SAMHSA directory code; meaning and availability may vary by year.
2020,2019,original_code,N2,Apache N47 Hidatsa N22 Mohawk N34 Tlingit,True,False,Original SAMHSA directory code; meaning and availability may vary by year.
2020,2019,original_code,N23,N23,True,False,Original SAMHSA directory code; meaning and availability may vary by year.
2020,2019,original_code,N24,N24,True,False,Original SAMHSA directory code; meaning and availability may vary by year.
2020,2019,original_code,N3,Athabascan N70 Inupiaq N24 Ojibwa N69 Tututni,True,False,Original SAMHSA directory code; meaning and availability may vary by year.
2020,2019,original_code,N32,N32,True,False,Original SAMHSA directory code; meaning and availability may vary by year.
2020,2019,original_code,N35,N35,True,False,Original SAMHSA directory code; meaning and availability may vary by year.
2020,2019,original_code,N39,N39,True,False,Original SAMHSA directory code; meaning and availability may vary by year.
2020,2019,original_code,N4,Cherokee N16 Keres N53 Osage N71 Unangax,True,False,Original SAMHSA directory code; meaning and availability may vary by year.
2020,2019,original_code,N40,N40,True,False,Original SAMHSA directory code; meaning and availability may vary by year.
2020,2019,original_code,N41,N41,True,False,Original SAMHSA directory code; meaning and availability may vary by year.
2020,2019,original_code,N44,Chippewa N17 Koyukon N28 Passamaquoddy N66 Wasco-Wishram,True,False,Original SAMHSA directory code; meaning and availability may vary by year.
2020,2019,original_code,N45,Assiniboine N14 Hualapai N23 Navajo N79 Tsimshian,True,False,Original SAMHSA directory code; meaning and availability may vary by year.
2020,2019,original_code,N48,Arikara N13 Hopi N50 Muskogee N36 Towa,True,False,Original SAMHSA directory code; meaning and availability may vary by year.
2020,2019,original_code,N49,N49,True,False,Original SAMHSA directory code; meaning and availability may vary by year.
2020,2019,original_code,N5,Cheyenne N57 Kiowa N26 Ottawa N37 Ute,True,False,Original SAMHSA directory code; meaning and availability may vary by year.
2020,2019,original_code,N52,Arapaho N12 Ho-Chunk N56 Mohegan N35 Tohono O'Odham,True,False,Original SAMHSA directory code; meaning and availability may vary by year.
2020,2019,original_code,N6,Choctaw N77 Kutenai N58 Pawnee N38 Yakima,True,False,Original SAMHSA directory code; meaning and availability may vary by year.
2020,2019,original_code,N60,Gros Ventre N20 Maliseet N32 Shoshoni,True,False,Original SAMHSA directory code; meaning and availability may vary by year.
2020,2019,original_code,N63,Ahtena N42 Haida N46 Micmac N54 Tenino,True,False,Original SAMHSA directory code; meaning and availability may vary by year.
2020,2019,original_code,N64,Blackfoot N15 Inupiatun N25 Omaha N61 Unami,True,False,Original SAMHSA directory code; meaning and availability may vary by year.
2020,2019,original_code,N65,Aleut N67 Havasupai N72 Mikasuki N33 Tewa,True,False,Original SAMHSA directory code; meaning and availability may vary by year.
2020,2019,original_code,N7,Cocopah N18 Lakota N29 Pima N39 Yaqui,True,False,Original SAMHSA directory code; meaning and availability may vary by year.
2020,2019,original_code,N70,N70,True,False,Original SAMHSA directory code; meaning and availability may vary by year.
2020,2019,original_code,N73,Anishinaabemowin N68 Havasupai-Walapai-Yavapai N80 Miwok N49 Tiwa,True,False,Original SAMHSA directory code; meaning and availability may vary by year.
2020,2019,original_code,N75,Chickasaw N78 Kootenai N27 Paiute N55 Wasco,True,False,Original SAMHSA directory code; meaning and availability may vary by year.
2020,2019,original_code,N8,Cree N74 Lumbee N59 Potawatomi N40 Yupik,True,False,Original SAMHSA directory code; meaning and availability may vary by year.
2020,2019,original_code,N80,N80,True,False,Original SAMHSA directory code; meaning and availability may vary by year.
2020,2019,original_code,N9,Crow N19 Lushootseed N30 Salish N41 Zuni,True,False,Original SAMHSA directory code; meaning and availability may vary by year.
2020,2019,original_code,NAUT,Does not treat alcohol use disorder,True,False,Original SAMHSA directory code; meaning and availability may vary by year.
2020,2019,original_code,NCQA,National Committee for Quality Assurance,True,False,Original SAMHSA directory code; meaning and availability may vary by year.
2020,2019,original_code,NMAUT,Does not use medication for alcohol use disorder,True,False,Original SAMHSA directory code; meaning and availability may vary by year.
2020,2019,original_code,NMOA,NMOA,True,False,Original SAMHSA directory code; meaning and availability may vary by year.
2020,2019,original_code,NOE,Naloxone and overdose education HBV Hepatitis B vaccination,True,False,Original SAMHSA directory code; meaning and availability may vary by year.
2020,2019,original_code,NOOP,NOOP,True,False,Original SAMHSA directory code; meaning and availability may vary by year.
2020,2019,original_code,NP,No payment accepted,True,False,Original SAMHSA directory code; meaning and availability may vary by year.
2020,2019,original_code,NRT,Nicotine replacement therapy,True,False,Original SAMHSA directory code; meaning and availability may vary by year.
2020,2019,original_code,NSC,NSC,True,False,Original SAMHSA directory code; meaning and availability may vary by year.
2020,2019,original_code,NU,Naltrexone used in treatment,True,False,Original SAMHSA directory code; meaning and availability may vary by year.
2020,2019,original_code,NXN,NXN,True,False,Original SAMHSA directory code; meaning and availability may vary by year.
2020,2019,original_code,OD,Outpatient detoxification,True,False,Original SAMHSA directory code; meaning and availability may vary by year.
2020,2019,original_code,ODT,Outpatient day treatment,True,False,Original SAMHSA directory code; meaning and availability may vary by year.
2020,2019,original_code,ODTX,Opioid Detoxification,True,False,Original SAMHSA directory code; meaning and availability may vary by year.
2020,2019,original_code,OFD,Outcome follow-up after discharge,True,False,Original SAMHSA directory code; meaning and availability may vary by year.
2020,2019,original_code,OH,OH,True,False,Original SAMHSA directory code; meaning and availability may vary by year.
2020,2019,original_code,OIT,Intensive outpatient treatment,True,False,Original SAMHSA directory code; meaning and availability may vary by year.
2020,2019,original_code,OMB,Outpatient medication treatment,True,False,Original SAMHSA directory code; meaning and availability may vary by year.
2020,2019,original_code,OP,Outpatient,True,False,Original SAMHSA directory code; meaning and availability may vary by year.
2020,2019,original_code,OPC,Outreach to persons in the community,True,False,Original SAMHSA directory code; meaning and availability may vary by year.
2020,2019,original_code,OR,OR,True,False,Original SAMHSA directory code; meaning and availability may vary by year.
2020,2019,original_code,ORT,Regular outpatient treatment,True,False,Original SAMHSA directory code; meaning and availability may vary by year.
2020,2019,original_code,OS,OS,True,False,Original SAMHSA directory code; meaning and availability may vary by year.
2020,2019,original_code,OTP,SAMHSA-certified opioid treatment program,True,False,Original SAMHSA directory code; meaning and availability may vary by year.
2020,2019,original_code,OTPA,All Clients in Opioid Treatment Program,True,False,Original SAMHSA directory code; meaning and availability may vary by year.
2020,2019,original_code,OW,OW,True,False,Original SAMHSA directory code; meaning and availability may vary by year.
2020,2019,original_code,PA,Payment assistance,True,False,Original SAMHSA directory code; meaning and availability may vary by year.
2020,2019,original_code,PAIN,Use methadone/buprenorphine for pain,True,False,Original SAMHSA directory code; meaning and availability may vary by year.
2020,2019,original_code,PC,Personal physician/health care provider,True,False,Original SAMHSA directory code; meaning and availability may vary by year.
2020,2019,original_code,PEER,Mentoring/peer support/consumer-run services,True,False,Original SAMHSA directory code; meaning and availability may vary by year.
2020,2019,original_code,PI,Private health insurance,True,False,Original SAMHSA directory code; meaning and availability may vary by year.
2020,2019,original_code,PIEC,Professional interventionist/educational consultant,True,False,Original SAMHSA directory code; meaning and availability may vary by year.
2020,2019,original_code,PMAT,This facility administers/prescribes medication for,True,False,Original SAMHSA directory code; meaning and availability may vary by year.
2020,2019,original_code,PSYH,Psychiatric hospital DSF Disulfiram (Antabuse®),True,False,Original SAMHSA directory code; meaning and availability may vary by year.
2020,2019,original_code,PVTN,Private non-profit organization,True,False,Original SAMHSA directory code; meaning and availability may vary by year.
2020,2019,original_code,PVTP,Private for-profit organization,True,False,Original SAMHSA directory code; meaning and availability may vary by year.
2020,2019,original_code,PW,PW,True,False,Original SAMHSA directory code; meaning and availability may vary by year.
2020,2019,original_code,RC,Recovery coach,True,False,Original SAMHSA directory code; meaning and availability may vary by year.
2020,2019,original_code,RD,Residential detoxification,True,False,Original SAMHSA directory code; meaning and availability may vary by year.
2020,2019,original_code,REBT,Rational emotive behavioral therapy,True,False,Original SAMHSA directory code; meaning and availability may vary by year.
2020,2019,original_code,RELP,Relapse prevention,True,False,Original SAMHSA directory code; meaning and availability may vary by year.
2020,2019,original_code,RES,Residential,True,False,Original SAMHSA directory code; meaning and availability may vary by year.
2020,2019,original_code,RL,Long-term residential,True,False,Original SAMHSA directory code; meaning and availability may vary by year.
2020,2019,original_code,RPE,Other contracted prescribing entity,True,False,Original SAMHSA directory code; meaning and availability may vary by year.
2020,2019,original_code,RPN,Relapse prevention from naltrexone,True,False,Original SAMHSA directory code; meaning and availability may vary by year.
2020,2019,original_code,RR,RR,True,False,Original SAMHSA directory code; meaning and availability may vary by year.
2020,2019,original_code,RS,Short-term residential,True,False,Original SAMHSA directory code; meaning and availability may vary by year.
2020,2019,original_code,SA,Substance use treatment,True,False,Original SAMHSA directory code; meaning and availability may vary by year.
2020,2019,original_code,SACA,Substance use counseling approach,True,False,Original SAMHSA directory code; meaning and availability may vary by year.
2020,2019,original_code,SAE,SAE,True,False,Original SAMHSA directory code; meaning and availability may vary by year.
2020,2019,original_code,SC,SC,True,False,Original SAMHSA directory code; meaning and availability may vary by year.
2020,2019,original_code,SE,SE,True,False,Original SAMHSA directory code; meaning and availability may vary by year.
2020,2019,original_code,SF,Cash or self-payment,True,False,Original SAMHSA directory code; meaning and availability may vary by year.
2020,2019,original_code,SHB,Screening for Hepatitis B MCO Marital/couples counseling,True,False,Original SAMHSA directory code; meaning and availability may vary by year.
2020,2019,original_code,SHC,Screening for Hepatitis C SAE Substance use education,True,False,Original SAMHSA directory code; meaning and availability may vary by year.
2020,2019,original_code,SHG,Self-help groups,True,False,Original SAMHSA directory code; meaning and availability may vary by year.
2020,2019,original_code,SI,State-financed insurance,True,False,Original SAMHSA directory code; meaning and availability may vary by year.
2020,2019,original_code,SMHD,"Screening for mental disorders TAEC Hepatitis education, counseling, or support",True,False,Original SAMHSA directory code; meaning and availability may vary by year.
2020,2019,original_code,SMON,SMON,True,False,Original SAMHSA directory code; meaning and availability may vary by year.
2020,2019,original_code,SMOP,SMOP,True,False,Original SAMHSA directory code; meaning and availability may vary by year.
2020,2019,original_code,SMPD,SMPD,True,False,Original SAMHSA directory code; meaning and availability may vary by year.
2020,2019,original_code,SNR,Seniors (65 or older),True,False,Original SAMHSA directory code; meaning and availability may vary by year.
2020,2019,original_code,SP,Spanish,True,False,Original SAMHSA directory code; meaning and availability may vary by year.
2020,2019,original_code,SS,Sliding fee scale,True,False,Original SAMHSA directory code; meaning and availability may vary by year.
2020,2019,original_code,SSA,"Screening for substance use HAEC HIV or AIDS education, counseling, or support",True,False,Original SAMHSA directory code; meaning and availability may vary by year.
2020,2019,original_code,SSD,Social skills development,True,False,Original SAMHSA directory code; meaning and availability may vary by year.
2020,2019,original_code,STAG,State substance abuse agency VET Veterans,True,False,Original SAMHSA directory code; meaning and availability may vary by year.
2020,2019,original_code,STDH,State department of health ADM Active duty military,True,False,Original SAMHSA directory code; meaning and availability may vary by year.
2020,2019,original_code,STDT,STD testing HEOH Health education services other than HIV/AIDS or,True,False,Original SAMHSA directory code; meaning and availability may vary by year.
2020,2019,original_code,STG,State government,True,False,Original SAMHSA directory code; meaning and availability may vary by year.
2020,2019,original_code,STMH,State mental health department MF Military families,True,False,Original SAMHSA directory code; meaning and availability may vary by year.
2020,2019,original_code,STU,STU,True,False,Original SAMHSA directory code; meaning and availability may vary by year.
2020,2019,original_code,SUMH,Co-occurring mental health and substance use treatment,True,False,Original SAMHSA directory code; meaning and availability may vary by year.
2020,2019,original_code,TA,Transportation assistance,True,False,Original SAMHSA directory code; meaning and availability may vary by year.
2020,2019,original_code,TAEC,TAEC,True,False,Original SAMHSA directory code; meaning and availability may vary by year.
2020,2019,original_code,TAY,TAY,True,False,Original SAMHSA directory code; meaning and availability may vary by year.
2020,2019,original_code,TBG,Tribal government,True,False,Original SAMHSA directory code; meaning and availability may vary by year.
2020,2019,original_code,TBS,TB screening,True,False,Original SAMHSA directory code; meaning and availability may vary by year.
2020,2019,original_code,TC,TC,True,False,Original SAMHSA directory code; meaning and availability may vary by year.
2020,2019,original_code,TCC,TCC,True,False,Original SAMHSA directory code; meaning and availability may vary by year.
2020,2019,original_code,TELE,Telemedicine/telehealth,True,False,Original SAMHSA directory code; meaning and availability may vary by year.
2020,2019,original_code,TGD,Treatment for gambling disorder,True,False,Original SAMHSA directory code; meaning and availability may vary by year.
2020,2019,original_code,TID,Treatment for internet use disorder,True,False,Original SAMHSA directory code; meaning and availability may vary by year.
2020,2019,original_code,TRC,Trauma-related counseling 14 PPaayymmeenntt AAssssiissttaannccee AAvvaaiillaabbllee,True,False,Original SAMHSA directory code; meaning and availability may vary by year.
2020,2019,original_code,TRMA,Persons who have experienced trauma,True,False,Original SAMHSA directory code; meaning and availability may vary by year.
2020,2019,original_code,TWFA,12-step facilitation,True,False,Original SAMHSA directory code; meaning and availability may vary by year.
2020,2019,original_code,UB,Prescribes buprenorphine,True,False,Original SAMHSA directory code; meaning and availability may vary by year.
2020,2019,original_code,ULC,ULC,True,False,Original SAMHSA directory code; meaning and availability may vary by year.
2020,2019,original_code,UN,Administers naltrexone,True,False,Original SAMHSA directory code; meaning and availability may vary by year.
2020,2019,original_code,VAMC,Department of Veterans Affairs,True,False,Original SAMHSA directory code; meaning and availability may vary by year.
2020,2019,original_code,VET,VET,True,False,Original SAMHSA directory code; meaning and availability may vary by year.
2020,2019,original_code,VO,Serves Veterans only,True,False,Original SAMHSA directory code; meaning and availability may vary by year.
2020,2019,original_code,VOC,Vocational training or educational support (for,True,False,Original SAMHSA directory code; meaning and availability may vary by year.
2020,2019,original_code,VTRL,VTRL,True,False,Original SAMHSA directory code; meaning and availability may vary by year.
2020,2019,original_code,WN,WN,True,False,Original SAMHSA directory code; meaning and availability may vary by year.
2020,2019,original_code,WO,WO,True,False,Original SAMHSA directory code; meaning and availability may vary by year.
2020,2019,original_code,XA,XA,True,False,Original SAMHSA directory code; meaning and availability may vary by year.
2020,2019,original_code,YAD,Young adults,True,False,Original SAMHSA directory code; meaning and availability may vary by year.
2021,2020,ownership,private_unspecified,Private (type unspecified),False,False,Earlier directories do not consistently separate private ownership type.
2021,2020,ownership,private_nonprofit,Private nonprofit,True,True,
2021,2020,ownership,private_forprofit,Private for-profit,True,True,
2021,2020,ownership,local_government,Local/county government,True,True,
2021,2020,ownership,state_government,State government,True,True,
2021,2020,ownership,tribal_government,Tribal government,True,True,
2021,2020,ownership,federal_dod,Federal: Department of Defense,True,True,
2021,2020,ownership,federal_ihs,Federal: Indian Health Service,True,True,
2021,2020,ownership,federal_va,Federal: Veterans Affairs,True,True,
2021,2020,center_type,substance_use,Substance use treatment,True,True,
2021,2020,center_type,detoxification,Detoxification,True,True,
2021,2020,center_type,transitional_housing,Transitional housing/halfway house,True,True,
2021,2020,center_type,mental_health,Mental health treatment,True,True,
2021,2020,center_type,cooccurring,Co-occurring mental health and substance use,True,True,
2021,2020,setting,outpatient,Outpatient,True,True,
2021,2020,setting,residential,Residential,True,True,
2021,2020,setting,hospital_inpatient,Hospital inpatient,True,True,
2021,2020,payment,medicare,Medicare,True,True,
2021,2020,payment,medicaid,Medicaid,True,True,
2021,2020,payment,military_insurance,Military insurance,True,True,
2021,2020,payment,private_insurance,Private health insurance,True,True,
2021,2020,payment,self_pay,Cash or self-payment,True,True,
2021,2020,payment,state_financed,State-financed insurance,True,True,
2021,2020,payment,payment_assistance,Payment assistance,True,True,
2021,2020,payment,sliding_fee,Sliding fee scale,True,True,
2021,2020,service_family,substance_use_treatment,Substance use treatment,True,True,
2021,2020,service_family,detoxification,Detoxification,True,True,
2021,2020,service_family,transitional_housing,Transitional housing/halfway house,True,True,
2021,2020,service_family,cooccurring,Co-occurring mental health and substance use treatment,True,True,
2021,2020,service_family,outpatient_treatment,Outpatient treatment,True,True,
2021,2020,service_family,residential_treatment,Residential treatment,True,True,
2021,2020,service_family,hospital_inpatient,Hospital inpatient treatment,True,True,
2021,2020,service_family,opioid_treatment_program,SAMHSA-certified opioid treatment program,True,True,
2021,2020,service_family,methadone,Methadone services,True,True,
2021,2020,service_family,buprenorphine,Buprenorphine services,True,True,
2021,2020,service_family,naltrexone,Naltrexone services,True,True,
2021,2020,service_family,telehealth,Telehealth/telemedicine,True,True,
2021,2020,original_code,ACC,Aftercare/continuing care 24 MMeeddiiccaall SSeerrvviicceess,True,False,Original SAMHSA directory code; meaning and availability may vary by year.
2021,2020,original_code,ACM,Acamprosate (Campral®),True,False,Original SAMHSA directory code; meaning and availability may vary by year.
2021,2020,original_code,ACMA,Accepts clients using medication assisted treatment,True,False,Original SAMHSA directory code; meaning and availability may vary by year.
2021,2020,original_code,ACU,Acupuncture NSC Non-nicotine smoking/tobacco cessation,True,False,Original SAMHSA directory code; meaning and availability may vary by year.
2021,2020,original_code,AD,AD,True,False,Original SAMHSA directory code; meaning and availability may vary by year.
2021,2020,original_code,ADD,Treatment for non-substance use addiction disorder,True,False,Original SAMHSA directory code; meaning and availability may vary by year.
2021,2020,original_code,ADLT,Adults,True,False,Original SAMHSA directory code; meaning and availability may vary by year.
2021,2020,original_code,ADM,ADM,True,False,Original SAMHSA directory code; meaning and availability may vary by year.
2021,2020,original_code,ADTX,Alcohol Detoxification,True,False,Original SAMHSA directory code; meaning and availability may vary by year.
2021,2020,original_code,AH,Services for deaf and hard of hearing,True,False,Original SAMHSA directory code; meaning and availability may vary by year.
2021,2020,original_code,ANG,"Anger management FSA Federal, or any government funding for substance",True,False,Original SAMHSA directory code; meaning and availability may vary by year.
2021,2020,original_code,AOSS,Assistance with obtaining social services medications,True,False,Original SAMHSA directory code; meaning and availability may vary by year.
2021,2020,original_code,AR,AR,True,False,Original SAMHSA directory code; meaning and availability may vary by year.
2021,2020,original_code,AUDO,Alcohol use disorder clients only,True,False,Original SAMHSA directory code; meaning and availability may vary by year.
2021,2020,original_code,AUINPE,In-network prescribing entity,True,False,Original SAMHSA directory code; meaning and availability may vary by year.
2021,2020,original_code,AUPC,No formal relationship with prescribing entity,True,False,Original SAMHSA directory code; meaning and availability may vary by year.
2021,2020,original_code,AURPE,Other contracted prescribing entity,True,False,Original SAMHSA directory code; meaning and availability may vary by year.
2021,2020,original_code,BABA,Breathalyzer or blood alcohol testing ICO Individual counseling,True,False,Original SAMHSA directory code; meaning and availability may vary by year.
2021,2020,original_code,BC,Residential beds for clients' children STU Screening for tobacco use,True,False,Original SAMHSA directory code; meaning and availability may vary by year.
2021,2020,original_code,BDTX,Benzodiazepines Detoxification,True,False,Original SAMHSA directory code; meaning and availability may vary by year.
2021,2020,original_code,BERI,BERI,True,False,Original SAMHSA directory code; meaning and availability may vary by year.
2021,2020,original_code,BIA,Brief intervention,True,False,Original SAMHSA directory code; meaning and availability may vary by year.
2021,2020,original_code,BMO,BMO,True,False,Original SAMHSA directory code; meaning and availability may vary by year.
2021,2020,original_code,BMW,Buprenorphine maintenance for predetermined,True,False,Original SAMHSA directory code; meaning and availability may vary by year.
2021,2020,original_code,BSDM,BSDM,True,False,Original SAMHSA directory code; meaning and availability may vary by year.
2021,2020,original_code,BU,Buprenorphine used in treatment,True,False,Original SAMHSA directory code; meaning and availability may vary by year.
2021,2020,original_code,BUM,BUM,True,False,Original SAMHSA directory code; meaning and availability may vary by year.
2021,2020,original_code,BWN,Buprenorphine with naloxone (Ex. Suboxone®),True,False,Original SAMHSA directory code; meaning and availability may vary by year.
2021,2020,original_code,BWON,Buprenorphine without naloxone,True,False,Original SAMHSA directory code; meaning and availability may vary by year.
2021,2020,original_code,CARF,Commission on Accreditation of Rehabilitation CJ Clients referred from the court/judicial system,True,False,Original SAMHSA directory code; meaning and availability may vary by year.
2021,2020,original_code,CBT,Cognitive behavioral therapy,True,False,Original SAMHSA directory code; meaning and availability may vary by year.
2021,2020,original_code,CCC,Child care for clients' children TCC Smoking/tobacco cessation counseling,True,False,Original SAMHSA directory code; meaning and availability may vary by year.
2021,2020,original_code,CDTX,Cocaine Detoxification,True,False,Original SAMHSA directory code; meaning and availability may vary by year.
2021,2020,original_code,CH,CH,True,False,Original SAMHSA directory code; meaning and availability may vary by year.
2021,2020,original_code,CHLD,Children/adolescents,True,False,Original SAMHSA directory code; meaning and availability may vary by year.
2021,2020,original_code,CJ,CJ,True,False,Original SAMHSA directory code; meaning and availability may vary by year.
2021,2020,original_code,CLND,CLND,True,False,Original SAMHSA directory code; meaning and availability may vary by year.
2021,2020,original_code,CM,Case management,True,False,Original SAMHSA directory code; meaning and availability may vary by year.
2021,2020,original_code,CMHA,Comprehensive mental health assessment,True,False,Original SAMHSA directory code; meaning and availability may vary by year.
2021,2020,original_code,CMI,Contingency management/motivational incentives,True,False,Original SAMHSA directory code; meaning and availability may vary by year.
2021,2020,original_code,CO,CO,True,False,Original SAMHSA directory code; meaning and availability may vary by year.
2021,2020,original_code,COA,Council on Accreditation disorders,True,False,Original SAMHSA directory code; meaning and availability may vary by year.
2021,2020,original_code,COPSU,COPSU,True,False,Original SAMHSA directory code; meaning and availability may vary by year.
2021,2020,original_code,CRV,Community reinforcement plus vouchers,True,False,Original SAMHSA directory code; meaning and availability may vary by year.
2021,2020,original_code,CSAA,Comprehensive substance use assessment,True,False,Original SAMHSA directory code; meaning and availability may vary by year.
2021,2020,original_code,DAOF,Drug and alcohol oral fluid testing GCO Group counseling,True,False,Original SAMHSA directory code; meaning and availability may vary by year.
2021,2020,original_code,DAUT,Drug or alcohol urine screening FCO Family counseling,True,False,Original SAMHSA directory code; meaning and availability may vary by year.
2021,2020,original_code,DB,Buprenorphine detoxification,True,False,Original SAMHSA directory code; meaning and availability may vary by year.
2021,2020,original_code,DBT,Dialectical behavior therapy,True,False,Original SAMHSA directory code; meaning and availability may vary by year.
2021,2020,original_code,DD,DD,True,False,Original SAMHSA directory code; meaning and availability may vary by year.
2021,2020,original_code,DDF,Department of Defense,True,False,Original SAMHSA directory code; meaning and availability may vary by year.
2021,2020,original_code,DM,Methadone detoxification,True,False,Original SAMHSA directory code; meaning and availability may vary by year.
2021,2020,original_code,DP,Discharge Planning HAV Hepatitis A vaccination,True,False,Original SAMHSA directory code; meaning and availability may vary by year.
2021,2020,original_code,DSF,Disulfiram (Antabuse®),True,False,Original SAMHSA directory code; meaning and availability may vary by year.
2021,2020,original_code,DT,Detoxification,True,False,Original SAMHSA directory code; meaning and availability may vary by year.
2021,2020,original_code,DU,Specially designed program for DUI/DWI clients,True,False,Original SAMHSA directory code; meaning and availability may vary by year.
2021,2020,original_code,DUO,Serves only DUI/DWI clients,True,False,Original SAMHSA directory code; meaning and availability may vary by year.
2021,2020,original_code,DV,DV,True,False,Original SAMHSA directory code; meaning and availability may vary by year.
2021,2020,original_code,DVFP,Domestic violence services—family or partner,True,False,Original SAMHSA directory code; meaning and availability may vary by year.
2021,2020,original_code,EIH,Early intervention for HIV SMON Smoking not permitted,True,False,Original SAMHSA directory code; meaning and availability may vary by year.
2021,2020,original_code,EMP,Employment counseling or training,True,False,Original SAMHSA directory code; meaning and availability may vary by year.
2021,2020,original_code,F1,Afrikaans F165 Fula F136 Luganda F117 Serer-Sine,True,False,Original SAMHSA directory code; meaning and availability may vary by year.
2021,2020,original_code,F10,Bosnian F38 Hungarian F175 Mon F81 Tagalog,True,False,Original SAMHSA directory code; meaning and availability may vary by year.
2021,2020,original_code,F102,Edo F47 Korean F122 Romani F144 Visayan,True,False,Original SAMHSA directory code; meaning and availability may vary by year.
2021,2020,original_code,F104,F104,True,False,Original SAMHSA directory code; meaning and availability may vary by year.
2021,2020,original_code,F105,Cebuano F128 Inuktitut F167 Nuer F148 Tibetan,True,False,Original SAMHSA directory code; meaning and availability may vary by year.
2021,2020,original_code,F11,Bulgarian F147 Ibibio F60 Mongolian F166 Taishanese,True,False,Original SAMHSA directory code; meaning and availability may vary by year.
2021,2020,original_code,F110,Akan F29 Gaelic F51 Luo F181 Sesotho,True,False,Original SAMHSA directory code; meaning and availability may vary by year.
2021,2020,original_code,F115,"French, Cajun F99 Lithuanian F73 Serbian",True,False,Original SAMHSA directory code; meaning and availability may vary by year.
2021,2020,original_code,F119,F119,True,False,Original SAMHSA directory code; meaning and availability may vary by year.
2021,2020,original_code,F12,Burmese F116 Icelandic F172 Napoletano-Calabrese F154 Taiwanese,True,False,Original SAMHSA directory code; meaning and availability may vary by year.
2021,2020,original_code,F126,Algonquin F157 Georgian F53 Malay F169 Sindhi,True,False,Original SAMHSA directory code; meaning and availability may vary by year.
2021,2020,original_code,F13,Cantonese F40 Ilocano F61 Nepali F82 Tamil,True,False,Original SAMHSA directory code; meaning and availability may vary by year.
2021,2020,original_code,F131,Bambara F106 Guyanese Creole English F134 Marshallese F183 Southern Highland language,True,False,Original SAMHSA directory code; meaning and availability may vary by year.
2021,2020,original_code,F132,Dzongkha F170 Konkani F68 Quiche F92 Vietnamese,True,False,Original SAMHSA directory code; meaning and availability may vary by year.
2021,2020,original_code,F14,Cape Verdean F164 Ilonggo F62 Nigerian F85 Telugu,True,False,Original SAMHSA directory code; meaning and availability may vary by year.
2021,2020,original_code,F140,Akha F129 Ganda F52 Macedonian F182 Setswana,True,False,Original SAMHSA directory code; meaning and availability may vary by year.
2021,2020,original_code,F141,F141,True,False,Original SAMHSA directory code; meaning and availability may vary by year.
2021,2020,original_code,F145,Annang F173 Gisu F55 Maltese F75 Slavic,True,False,Original SAMHSA directory code; meaning and availability may vary by year.
2021,2020,original_code,F146,Efik F109 Krio F69 Romanian F93 Woleaian,True,False,Original SAMHSA directory code; meaning and availability may vary by year.
2021,2020,original_code,F149,Chin F43 Japanese F64 Palauan F187 Triqui,True,False,Original SAMHSA directory code; meaning and availability may vary by year.
2021,2020,original_code,F15,Chaldean F42 Italian F177 Oriya F141 Tigrinya,True,False,Original SAMHSA directory code; meaning and availability may vary by year.
2021,2020,original_code,F151,Burundi F39 Igbo F176 Ndebele F138 Tajik,True,False,Original SAMHSA directory code; meaning and availability may vary by year.
2021,2020,original_code,F153,F153,True,False,Original SAMHSA directory code; meaning and availability may vary by year.
2021,2020,original_code,F154,F154,True,False,Original SAMHSA directory code; meaning and availability may vary by year.
2021,2020,original_code,F156,Bantu F108 Hausa F155 Mayan SP Spanish,True,False,Original SAMHSA directory code; meaning and availability may vary by year.
2021,2020,original_code,F158,Flemish F50 Liberian F124 Sanskrit F97 Zapotec,True,False,Original SAMHSA directory code; meaning and availability may vary by year.
2021,2020,original_code,F16,Chamorro F123 Jamaican Creole English F153 Oromo F87 Tongan,True,False,Original SAMHSA directory code; meaning and availability may vary by year.
2021,2020,original_code,F161,Bisaya F37 Hmong F59 Mixtec F80 Swedish,True,False,Original SAMHSA directory code; meaning and availability may vary by year.
2021,2020,original_code,F168,Filipino F48 Lao F71 Samoan F95 Yiddish,True,False,Original SAMHSA directory code; meaning and availability may vary by year.
2021,2020,original_code,F17,Chinese F113 Kannada F118 Pashto F88 Turkish,True,False,Original SAMHSA directory code; meaning and availability may vary by year.
2021,2020,original_code,F174,F174,True,False,Original SAMHSA directory code; meaning and availability may vary by year.
2021,2020,original_code,F18,Chuukese F142 Karen F130 Pengo F184 Twi,True,False,Original SAMHSA directory code; meaning and availability may vary by year.
2021,2020,original_code,F183,F183,True,False,Original SAMHSA directory code; meaning and availability may vary by year.
2021,2020,original_code,F184,F184,True,False,Original SAMHSA directory code; meaning and availability may vary by year.
2021,2020,original_code,F188,Carolinian F41 Indonesian F63 Norwegian F86 Thai,True,False,Original SAMHSA directory code; meaning and availability may vary by year.
2021,2020,original_code,F19,Creole F186 Karenni F178 Pennsylvania Dutch F89 Ukrainian,True,False,Original SAMHSA directory code; meaning and availability may vary by year.
2021,2020,original_code,F2,Albanian F103 Garifuna F163 Mai Mai F107 Shona,True,False,Original SAMHSA directory code; meaning and availability may vary by year.
2021,2020,original_code,F20,Croatian F100 Kewa F137 Pidgin F90 Ulithian,True,False,Original SAMHSA directory code; meaning and availability may vary by year.
2021,2020,original_code,F21,Czech F44 Khmer F66 Polish F91 Urdu,True,False,Original SAMHSA directory code; meaning and availability may vary by year.
2021,2020,original_code,F22,Danish F45 Khmu F67 Portuguese F127 Uru,True,False,Original SAMHSA directory code; meaning and availability may vary by year.
2021,2020,original_code,F23,Dutch F152 Kirundi F65 Punjabi F101 Uzbek,True,False,Original SAMHSA directory code; meaning and availability may vary by year.
2021,2020,original_code,F24,Estonian F135 Kurdish F133 Rundi F114 Wolof,True,False,Original SAMHSA directory code; meaning and availability may vary by year.
2021,2020,original_code,F25,Farsi F174 Kwa F150 Runyankole F185 Xhosa,True,False,Original SAMHSA directory code; meaning and availability may vary by year.
2021,2020,original_code,F26,Fijian F143 Kyrgyz F70 Russian F94 Yapese,True,False,Original SAMHSA directory code; meaning and availability may vary by year.
2021,2020,original_code,F27,Finnish F49 Latvian F180 Sango F96 Yoruba,True,False,Original SAMHSA directory code; meaning and availability may vary by year.
2021,2020,original_code,F28,French F160 Lingala F72 Satawalese F159 Zulu,True,False,Original SAMHSA directory code; meaning and availability may vary by year.
2021,2020,original_code,F3,Amharic F30 German F54 Malayalam F125 Sinhala,True,False,Original SAMHSA directory code; meaning and availability may vary by year.
2021,2020,original_code,F30,F30,True,False,Original SAMHSA directory code; meaning and availability may vary by year.
2021,2020,original_code,F31,F31,True,False,Original SAMHSA directory code; meaning and availability may vary by year.
2021,2020,original_code,F33,F33,True,False,Original SAMHSA directory code; meaning and availability may vary by year.
2021,2020,original_code,F35,F35,True,False,Original SAMHSA directory code; meaning and availability may vary by year.
2021,2020,original_code,F36,F36,True,False,Original SAMHSA directory code; meaning and availability may vary by year.
2021,2020,original_code,F37,F37,True,False,Original SAMHSA directory code; meaning and availability may vary by year.
2021,2020,original_code,F38,F38,True,False,Original SAMHSA directory code; meaning and availability may vary by year.
2021,2020,original_code,F39,F39,True,False,Original SAMHSA directory code; meaning and availability may vary by year.
2021,2020,original_code,F4,Arabic F31 Greek F56 Mandarin F76 Slovak,True,False,Original SAMHSA directory code; meaning and availability may vary by year.
2021,2020,original_code,F40,F40,True,False,Original SAMHSA directory code; meaning and availability may vary by year.
2021,2020,original_code,F42,F42,True,False,Original SAMHSA directory code; meaning and availability may vary by year.
2021,2020,original_code,F43,F43,True,False,Original SAMHSA directory code; meaning and availability may vary by year.
2021,2020,original_code,F44,F44,True,False,Original SAMHSA directory code; meaning and availability may vary by year.
2021,2020,original_code,F47,F47,True,False,Original SAMHSA directory code; meaning and availability may vary by year.
2021,2020,original_code,F48,F48,True,False,Original SAMHSA directory code; meaning and availability may vary by year.
2021,2020,original_code,F5,Armenian F32 Guarani F120 Mandinka F77 Slovenian,True,False,Original SAMHSA directory code; meaning and availability may vary by year.
2021,2020,original_code,F52,F52,True,False,Original SAMHSA directory code; meaning and availability may vary by year.
2021,2020,original_code,F53,F53,True,False,Original SAMHSA directory code; meaning and availability may vary by year.
2021,2020,original_code,F6,Assyrian F33 Gujarati F119 Marathi F104 Somali,True,False,Original SAMHSA directory code; meaning and availability may vary by year.
2021,2020,original_code,F61,F61,True,False,Original SAMHSA directory code; meaning and availability may vary by year.
2021,2020,original_code,F62,F62,True,False,Original SAMHSA directory code; meaning and availability may vary by year.
2021,2020,original_code,F63,F63,True,False,Original SAMHSA directory code; meaning and availability may vary by year.
2021,2020,original_code,F64,F64,True,False,Original SAMHSA directory code; meaning and availability may vary by year.
2021,2020,original_code,F65,F65,True,False,Original SAMHSA directory code; meaning and availability may vary by year.
2021,2020,original_code,F66,F66,True,False,Original SAMHSA directory code; meaning and availability may vary by year.
2021,2020,original_code,F67,F67,True,False,Original SAMHSA directory code; meaning and availability may vary by year.
2021,2020,original_code,F69,F69,True,False,Original SAMHSA directory code; meaning and availability may vary by year.
2021,2020,original_code,F7,Basque F34 Hawaiian F171 Mende F78 Sudanese,True,False,Original SAMHSA directory code; meaning and availability may vary by year.
2021,2020,original_code,F70,F70,True,False,Original SAMHSA directory code; meaning and availability may vary by year.
2021,2020,original_code,F71,F71,True,False,Original SAMHSA directory code; meaning and availability may vary by year.
2021,2020,original_code,F73,F73,True,False,Original SAMHSA directory code; meaning and availability may vary by year.
2021,2020,original_code,F79,F79,True,False,Original SAMHSA directory code; meaning and availability may vary by year.
2021,2020,original_code,F8,Belarusan F35 Hebrew F57 Micronesian F112 Sunda,True,False,Original SAMHSA directory code; meaning and availability may vary by year.
2021,2020,original_code,F81,F81,True,False,Original SAMHSA directory code; meaning and availability may vary by year.
2021,2020,original_code,F82,F82,True,False,Original SAMHSA directory code; meaning and availability may vary by year.
2021,2020,original_code,F85,F85,True,False,Original SAMHSA directory code; meaning and availability may vary by year.
2021,2020,original_code,F87,F87,True,False,Original SAMHSA directory code; meaning and availability may vary by year.
2021,2020,original_code,F88,F88,True,False,Original SAMHSA directory code; meaning and availability may vary by year.
2021,2020,original_code,F89,F89,True,False,Original SAMHSA directory code; meaning and availability may vary by year.
2021,2020,original_code,F9,Bengali F36 Hindi F58 Mien F79 Swahili,True,False,Original SAMHSA directory code; meaning and availability may vary by year.
2021,2020,original_code,F91,F91,True,False,Original SAMHSA directory code; meaning and availability may vary by year.
2021,2020,original_code,F92,F92,True,False,Original SAMHSA directory code; meaning and availability may vary by year.
2021,2020,original_code,F94,F94,True,False,Original SAMHSA directory code; meaning and availability may vary by year.
2021,2020,original_code,F95,F95,True,False,Original SAMHSA directory code; meaning and availability may vary by year.
2021,2020,original_code,F96,F96,True,False,Original SAMHSA directory code; meaning and availability may vary by year.
2021,2020,original_code,F98,Dari F46 Kinyarwanda F179 Portuguese Creole F139 Uyghur,True,False,Original SAMHSA directory code; meaning and availability may vary by year.
2021,2020,original_code,F99,F99,True,False,Original SAMHSA directory code; meaning and availability may vary by year.
2021,2020,original_code,FCO,FCO,True,False,Original SAMHSA directory code; meaning and availability may vary by year.
2021,2020,original_code,FEM,Female,True,False,Original SAMHSA directory code; meaning and availability may vary by year.
2021,2020,original_code,FQHC,Federally Qualified Health Center,True,False,Original SAMHSA directory code; meaning and availability may vary by year.
2021,2020,original_code,FSA,FSA,True,False,Original SAMHSA directory code; meaning and availability may vary by year.
2021,2020,original_code,GCO,GCO,True,False,Original SAMHSA directory code; meaning and availability may vary by year.
2021,2020,original_code,GH,General Hospital (including VA hospital) METH Methadone,True,False,Original SAMHSA directory code; meaning and availability may vary by year.
2021,2020,original_code,GL,"Lesbian, gay, bisexual, transgender, or",True,False,Original SAMHSA directory code; meaning and availability may vary by year.
2021,2020,original_code,HAEC,HAEC,True,False,Original SAMHSA directory code; meaning and availability may vary by year.
2021,2020,original_code,HAV,HAV,True,False,Original SAMHSA directory code; meaning and availability may vary by year.
2021,2020,original_code,HBV,HBV,True,False,Original SAMHSA directory code; meaning and availability may vary by year.
2021,2020,original_code,HEOH,HEOH,True,False,Original SAMHSA directory code; meaning and availability may vary by year.
2021,2020,original_code,HFAP,Healthcare Facilities Accreditation Program COPSU Persons with co-occurring pain and substance use,True,False,Original SAMHSA directory code; meaning and availability may vary by year.
2021,2020,original_code,HH,Transitional housing or halfway house,True,False,Original SAMHSA directory code; meaning and availability may vary by year.
2021,2020,original_code,HI,Hospital inpatient,True,False,Original SAMHSA directory code; meaning and availability may vary by year.
2021,2020,original_code,HID,Hospital inpatient detoxification,True,False,Original SAMHSA directory code; meaning and availability may vary by year.
2021,2020,original_code,HIT,Hospital inpatient treatment,True,False,Original SAMHSA directory code; meaning and availability may vary by year.
2021,2020,original_code,HIVT,HIV testing MCO Marital/couples counseling,True,False,Original SAMHSA directory code; meaning and availability may vary by year.
2021,2020,original_code,HLA,Hospital licensing authority HV Persons with HIV or AIDS,True,False,Original SAMHSA directory code; meaning and availability may vary by year.
2021,2020,original_code,HS,Housing services SMOP Smoking permitted without restriction,True,False,Original SAMHSA directory code; meaning and availability may vary by year.
2021,2020,original_code,HV,HV,True,False,Original SAMHSA directory code; meaning and availability may vary by year.
2021,2020,original_code,ICO,ICO,True,False,Original SAMHSA directory code; meaning and availability may vary by year.
2021,2020,original_code,ID,ID,True,False,Original SAMHSA directory code; meaning and availability may vary by year.
2021,2020,original_code,IH,Indian Health Service,True,False,Original SAMHSA directory code; meaning and availability may vary by year.
2021,2020,original_code,INPE,In-network prescribing entity,True,False,Original SAMHSA directory code; meaning and availability may vary by year.
2021,2020,original_code,IO,IO,True,False,Original SAMHSA directory code; meaning and availability may vary by year.
2021,2020,original_code,IR,IR,True,False,Original SAMHSA directory code; meaning and availability may vary by year.
2021,2020,original_code,ISC,Interim services for clients,True,False,Original SAMHSA directory code; meaning and availability may vary by year.
2021,2020,original_code,ITU,IHS/Tribal/Urban (ITU) funds,True,False,Original SAMHSA directory code; meaning and availability may vary by year.
2021,2020,original_code,JC,The Joint Commission XA Persons who have experienced sexual abuse,True,False,Original SAMHSA directory code; meaning and availability may vary by year.
2021,2020,original_code,LCCG,"Local, county, or community government",True,False,Original SAMHSA directory code; meaning and availability may vary by year.
2021,2020,original_code,LFXD,Lofexidine,True,False,Original SAMHSA directory code; meaning and availability may vary by year.
2021,2020,original_code,MALE,Male,True,False,Original SAMHSA directory code; meaning and availability may vary by year.
2021,2020,original_code,MC,Medicare,True,False,Original SAMHSA directory code; meaning and availability may vary by year.
2021,2020,original_code,MCO,MCO,True,False,Original SAMHSA directory code; meaning and availability may vary by year.
2021,2020,original_code,MD,Medicaid,True,False,Original SAMHSA directory code; meaning and availability may vary by year.
2021,2020,original_code,MDET,Routinely uses medication for detoxification,True,False,Original SAMHSA directory code; meaning and availability may vary by year.
2021,2020,original_code,MDTX,Methamphetamines detoxification,True,False,Original SAMHSA directory code; meaning and availability may vary by year.
2021,2020,original_code,METH,METH,True,False,Original SAMHSA directory code; meaning and availability may vary by year.
2021,2020,original_code,MF,MF,True,False,Original SAMHSA directory code; meaning and availability may vary by year.
2021,2020,original_code,MH,MH,True,False,Original SAMHSA directory code; meaning and availability may vary by year.
2021,2020,original_code,MHCV,Medications for Hepatitis C treatment,True,False,Original SAMHSA directory code; meaning and availability may vary by year.
2021,2020,original_code,MHIV,Medications for HIV treatment,True,False,Original SAMHSA directory code; meaning and availability may vary by year.
2021,2020,original_code,MHS,Mental health services SMPD Smoking permitted in designated area,True,False,Original SAMHSA directory code; meaning and availability may vary by year.
2021,2020,original_code,MI,Military insurance,True,False,Original SAMHSA directory code; meaning and availability may vary by year.
2021,2020,original_code,MM,Methadone maintenance,True,False,Original SAMHSA directory code; meaning and availability may vary by year.
2021,2020,original_code,MMW,Methadone maintenance for predetermined time,True,False,Original SAMHSA directory code; meaning and availability may vary by year.
2021,2020,original_code,MN,MN,True,False,Original SAMHSA directory code; meaning and availability may vary by year.
2021,2020,original_code,MO,Methadone clients only,True,False,Original SAMHSA directory code; meaning and availability may vary by year.
2021,2020,original_code,MOA,MOA,True,False,Original SAMHSA directory code; meaning and availability may vary by year.
2021,2020,original_code,MOTI,Motivational interviewing,True,False,Original SAMHSA directory code; meaning and availability may vary by year.
2021,2020,original_code,MPD,Medications for psychiatric disorders,True,False,Original SAMHSA directory code; meaning and availability may vary by year.
2021,2020,original_code,MST,Testing for metabolic syndrome,True,False,Original SAMHSA directory code; meaning and availability may vary by year.
2021,2020,original_code,MU,Methadone used in treatment,True,False,Original SAMHSA directory code; meaning and availability may vary by year.
2021,2020,original_code,MXM,Matrix Model,True,False,Original SAMHSA directory code; meaning and availability may vary by year.
2021,2020,original_code,N1,Achumaw N76 Gwichin N21 Maricopa N62 Teke-Eboo,True,False,Original SAMHSA directory code; meaning and availability may vary by year.
2021,2020,original_code,N10,Dakota N43 Maidu N31 Seminole,True,False,Original SAMHSA directory code; meaning and availability may vary by year.
2021,2020,original_code,N13,N13,True,False,Original SAMHSA directory code; meaning and availability may vary by year.
2021,2020,original_code,N16,N16,True,False,Original SAMHSA directory code; meaning and availability may vary by year.
2021,2020,original_code,N18,N18,True,False,Original SAMHSA directory code; meaning and availability may vary by year.
2021,2020,original_code,N2,Apache N47 Hidatsa N22 Mohawk N34 Tlingit,True,False,Original SAMHSA directory code; meaning and availability may vary by year.
2021,2020,original_code,N23,N23,True,False,Original SAMHSA directory code; meaning and availability may vary by year.
2021,2020,original_code,N24,N24,True,False,Original SAMHSA directory code; meaning and availability may vary by year.
2021,2020,original_code,N3,Athabascan N70 Inupiaq N24 Ojibwa N69 Tututni,True,False,Original SAMHSA directory code; meaning and availability may vary by year.
2021,2020,original_code,N30,N30,True,False,Original SAMHSA directory code; meaning and availability may vary by year.
2021,2020,original_code,N32,N32,True,False,Original SAMHSA directory code; meaning and availability may vary by year.
2021,2020,original_code,N35,N35,True,False,Original SAMHSA directory code; meaning and availability may vary by year.
2021,2020,original_code,N37,N37,True,False,Original SAMHSA directory code; meaning and availability may vary by year.
2021,2020,original_code,N39,N39,True,False,Original SAMHSA directory code; meaning and availability may vary by year.
2021,2020,original_code,N4,Cherokee N16 Keres N53 Osage N71 Unangax,True,False,Original SAMHSA directory code; meaning and availability may vary by year.
2021,2020,original_code,N40,N40,True,False,Original SAMHSA directory code; meaning and availability may vary by year.
2021,2020,original_code,N41,N41,True,False,Original SAMHSA directory code; meaning and availability may vary by year.
2021,2020,original_code,N44,Chippewa N17 Koyukon N28 Passamaquoddy N66 Wasco-Wishram,True,False,Original SAMHSA directory code; meaning and availability may vary by year.
2021,2020,original_code,N45,Assiniboine N14 Hualapai N23 Navajo N79 Tsimshian,True,False,Original SAMHSA directory code; meaning and availability may vary by year.
2021,2020,original_code,N48,Arikara N13 Hopi N50 Muskogee N36 Towa,True,False,Original SAMHSA directory code; meaning and availability may vary by year.
2021,2020,original_code,N49,N49,True,False,Original SAMHSA directory code; meaning and availability may vary by year.
2021,2020,original_code,N5,Cheyenne N57 Kiowa N26 Ottawa N37 Ute,True,False,Original SAMHSA directory code; meaning and availability may vary by year.
2021,2020,original_code,N52,Arapaho N12 Ho-Chunk N56 Mohegan N35 Tohono O'Odham,True,False,Original SAMHSA directory code; meaning and availability may vary by year.
2021,2020,original_code,N6,Choctaw N77 Kutenai N58 Pawnee N38 Yakima,True,False,Original SAMHSA directory code; meaning and availability may vary by year.
2021,2020,original_code,N60,Gros Ventre N20 Maliseet N32 Shoshoni,True,False,Original SAMHSA directory code; meaning and availability may vary by year.
2021,2020,original_code,N63,Ahtena N42 Haida N46 Micmac N54 Tenino,True,False,Original SAMHSA directory code; meaning and availability may vary by year.
2021,2020,original_code,N64,Blackfoot N15 Inupiatun N25 Omaha N61 Unami,True,False,Original SAMHSA directory code; meaning and availability may vary by year.
2021,2020,original_code,N65,Aleut N67 Havasupai N72 Mikasuki N33 Tewa,True,False,Original SAMHSA directory code; meaning and availability may vary by year.
2021,2020,original_code,N7,Cocopah N18 Lakota N29 Pima N39 Yaqui,True,False,Original SAMHSA directory code; meaning and availability may vary by year.
2021,2020,original_code,N70,N70,True,False,Original SAMHSA directory code; meaning and availability may vary by year.
2021,2020,original_code,N73,Anishinaabemowin N68 Havasupai-Walapai-Yavapai N80 Miwok N49 Tiwa,True,False,Original SAMHSA directory code; meaning and availability may vary by year.
2021,2020,original_code,N75,Chickasaw N78 Kootenai N27 Paiute N55 Wasco,True,False,Original SAMHSA directory code; meaning and availability may vary by year.
2021,2020,original_code,N8,Cree N74 Lumbee N59 Potawatomi N40 Yupik,True,False,Original SAMHSA directory code; meaning and availability may vary by year.
2021,2020,original_code,N9,Crow N19 Lushootseed N30 Salish N41 Zuni,True,False,Original SAMHSA directory code; meaning and availability may vary by year.
2021,2020,original_code,NAUT,Does not treat alcohol use disorder,True,False,Original SAMHSA directory code; meaning and availability may vary by year.
2021,2020,original_code,NCQA,National Committee for Quality Assurance DV Persons who have experienced intimate partner,True,False,Original SAMHSA directory code; meaning and availability may vary by year.
2021,2020,original_code,NMAUT,Does not use medication assisted treatment for,True,False,Original SAMHSA directory code; meaning and availability may vary by year.
2021,2020,original_code,NMOA,NMOA,True,False,Original SAMHSA directory code; meaning and availability may vary by year.
2021,2020,original_code,NOE,Naloxone and overdose education HBV Hepatitis B vaccination,True,False,Original SAMHSA directory code; meaning and availability may vary by year.
2021,2020,original_code,NOOP,NOOP,True,False,Original SAMHSA directory code; meaning and availability may vary by year.
2021,2020,original_code,NP,No payment accepted,True,False,Original SAMHSA directory code; meaning and availability may vary by year.
2021,2020,original_code,NRT,Nicotine replacement therapy,True,False,Original SAMHSA directory code; meaning and availability may vary by year.
2021,2020,original_code,NSC,NSC,True,False,Original SAMHSA directory code; meaning and availability may vary by year.
2021,2020,original_code,NU,Naltrexone used in treatment,True,False,Original SAMHSA directory code; meaning and availability may vary by year.
2021,2020,original_code,NXN,NXN,True,False,Original SAMHSA directory code; meaning and availability may vary by year.
2021,2020,original_code,OD,Outpatient detoxification,True,False,Original SAMHSA directory code; meaning and availability may vary by year.
2021,2020,original_code,ODT,Outpatient day treatment,True,False,Original SAMHSA directory code; meaning and availability may vary by year.
2021,2020,original_code,ODTX,Opioid Detoxification,True,False,Original SAMHSA directory code; meaning and availability may vary by year.
2021,2020,original_code,OFD,Outcome follow-up after discharge,True,False,Original SAMHSA directory code; meaning and availability may vary by year.
2021,2020,original_code,OH,OH,True,False,Original SAMHSA directory code; meaning and availability may vary by year.
2021,2020,original_code,OIT,Intensive outpatient treatment,True,False,Original SAMHSA directory code; meaning and availability may vary by year.
2021,2020,original_code,OMB,Outpatient medication treatment,True,False,Original SAMHSA directory code; meaning and availability may vary by year.
2021,2020,original_code,OP,Outpatient,True,False,Original SAMHSA directory code; meaning and availability may vary by year.
2021,2020,original_code,OPC,Outreach to persons in the community,True,False,Original SAMHSA directory code; meaning and availability may vary by year.
2021,2020,original_code,OR,OR,True,False,Original SAMHSA directory code; meaning and availability may vary by year.
2021,2020,original_code,ORT,Regular outpatient treatment,True,False,Original SAMHSA directory code; meaning and availability may vary by year.
2021,2020,original_code,OS,OS,True,False,Original SAMHSA directory code; meaning and availability may vary by year.
2021,2020,original_code,OTP,SAMHSA-certified opioid treatment program,True,False,Original SAMHSA directory code; meaning and availability may vary by year.
2021,2020,original_code,OTPA,All Clients in Opioid Treatment Program,True,False,Original SAMHSA directory code; meaning and availability may vary by year.
2021,2020,original_code,OW,OW,True,False,Original SAMHSA directory code; meaning and availability may vary by year.
2021,2020,original_code,PA,Payment assistance,True,False,Original SAMHSA directory code; meaning and availability may vary by year.
2021,2020,original_code,PAIN,Use methadone/buprenorphine for pain,True,False,Original SAMHSA directory code; meaning and availability may vary by year.
2021,2020,original_code,PC,No formal relationship with prescribing entity,True,False,Original SAMHSA directory code; meaning and availability may vary by year.
2021,2020,original_code,PEER,Mentoring/peer support/consumer-run services,True,False,Original SAMHSA directory code; meaning and availability may vary by year.
2021,2020,original_code,PI,Private health insurance,True,False,Original SAMHSA directory code; meaning and availability may vary by year.
2021,2020,original_code,PIEC,Professional interventionist/educational consultant,True,False,Original SAMHSA directory code; meaning and availability may vary by year.
2021,2020,original_code,PMAT,This facility administers/prescribes medication for,True,False,Original SAMHSA directory code; meaning and availability may vary by year.
2021,2020,original_code,PSYH,Psychiatric hospital BSDM Buprenorphine sub-dermal implant (Probuphine®),True,False,Original SAMHSA directory code; meaning and availability may vary by year.
2021,2020,original_code,PVTN,Private non-profit organization,True,False,Original SAMHSA directory code; meaning and availability may vary by year.
2021,2020,original_code,PVTP,Private for-profit organization,True,False,Original SAMHSA directory code; meaning and availability may vary by year.
2021,2020,original_code,PW,PW,True,False,Original SAMHSA directory code; meaning and availability may vary by year.
2021,2020,original_code,RC,Recovery coach,True,False,Original SAMHSA directory code; meaning and availability may vary by year.
2021,2020,original_code,RD,Residential detoxification,True,False,Original SAMHSA directory code; meaning and availability may vary by year.
2021,2020,original_code,REBT,Rational emotive behavioral therapy,True,False,Original SAMHSA directory code; meaning and availability may vary by year.
2021,2020,original_code,RELP,Relapse prevention,True,False,Original SAMHSA directory code; meaning and availability may vary by year.
2021,2020,original_code,RES,Residential,True,False,Original SAMHSA directory code; meaning and availability may vary by year.
2021,2020,original_code,RL,Long-term residential,True,False,Original SAMHSA directory code; meaning and availability may vary by year.
2021,2020,original_code,RPE,Other contracted prescribing entity,True,False,Original SAMHSA directory code; meaning and availability may vary by year.
2021,2020,original_code,RPN,Relapse prevention with naltrexone,True,False,Original SAMHSA directory code; meaning and availability may vary by year.
2021,2020,original_code,RR,RR,True,False,Original SAMHSA directory code; meaning and availability may vary by year.
2021,2020,original_code,RS,Short-term residential,True,False,Original SAMHSA directory code; meaning and availability may vary by year.
2021,2020,original_code,SA,Substance use treatment,True,False,Original SAMHSA directory code; meaning and availability may vary by year.
2021,2020,original_code,SACA,Substance abuse counseling,True,False,Original SAMHSA directory code; meaning and availability may vary by year.
2021,2020,original_code,SAE,SAE,True,False,Original SAMHSA directory code; meaning and availability may vary by year.
2021,2020,original_code,SC,SC,True,False,Original SAMHSA directory code; meaning and availability may vary by year.
2021,2020,original_code,SE,SE,True,False,Original SAMHSA directory code; meaning and availability may vary by year.
2021,2020,original_code,SF,Cash or self-payment,True,False,Original SAMHSA directory code; meaning and availability may vary by year.
2021,2020,original_code,SHB,Screening for Hepatitis B SAE Substance use education,True,False,Original SAMHSA directory code; meaning and availability may vary by year.
2021,2020,original_code,SHC,"Screening for Hepatitis C TAEC Hepatitis education, counseling, or support",True,False,Original SAMHSA directory code; meaning and availability may vary by year.
2021,2020,original_code,SHG,Self-help groups,True,False,Original SAMHSA directory code; meaning and availability may vary by year.
2021,2020,original_code,SI,State-financed insurance,True,False,Original SAMHSA directory code; meaning and availability may vary by year.
2021,2020,original_code,SMHD,"Screening for mental disorders HAEC HIV or AIDS education, counseling, or support",True,False,Original SAMHSA directory code; meaning and availability may vary by year.
2021,2020,original_code,SMON,SMON,True,False,Original SAMHSA directory code; meaning and availability may vary by year.
2021,2020,original_code,SMOP,SMOP,True,False,Original SAMHSA directory code; meaning and availability may vary by year.
2021,2020,original_code,SMPD,SMPD,True,False,Original SAMHSA directory code; meaning and availability may vary by year.
2021,2020,original_code,SNR,Seniors (65 or older),True,False,Original SAMHSA directory code; meaning and availability may vary by year.
2021,2020,original_code,SP,Spanish,True,False,Original SAMHSA directory code; meaning and availability may vary by year.
2021,2020,original_code,SS,Sliding fee scale,True,False,Original SAMHSA directory code; meaning and availability may vary by year.
2021,2020,original_code,SSA,Screening for substance use HEOH Health education services other than HIV/AIDS or,True,False,Original SAMHSA directory code; meaning and availability may vary by year.
2021,2020,original_code,SSD,Social skills development,True,False,Original SAMHSA directory code; meaning and availability may vary by year.
2021,2020,original_code,STAG,State Substance Abuse agency VET Veterans,True,False,Original SAMHSA directory code; meaning and availability may vary by year.
2021,2020,original_code,STDH,State department of health MF Military families,True,False,Original SAMHSA directory code; meaning and availability may vary by year.
2021,2020,original_code,STDT,STD testing,True,False,Original SAMHSA directory code; meaning and availability may vary by year.
2021,2020,original_code,STG,State government,True,False,Original SAMHSA directory code; meaning and availability may vary by year.
2021,2020,original_code,STMH,State mental health department ADM Active duty military,True,False,Original SAMHSA directory code; meaning and availability may vary by year.
2021,2020,original_code,STU,STU,True,False,Original SAMHSA directory code; meaning and availability may vary by year.
2021,2020,original_code,SUMH,Co-occurring mental health and substance use treatment,True,False,Original SAMHSA directory code; meaning and availability may vary by year.
2021,2020,original_code,TA,Transportation assistance,True,False,Original SAMHSA directory code; meaning and availability may vary by year.
2021,2020,original_code,TAEC,TAEC,True,False,Original SAMHSA directory code; meaning and availability may vary by year.
2021,2020,original_code,TAY,TAY,True,False,Original SAMHSA directory code; meaning and availability may vary by year.
2021,2020,original_code,TBG,Tribal government,True,False,Original SAMHSA directory code; meaning and availability may vary by year.
2021,2020,original_code,TBS,TB screening,True,False,Original SAMHSA directory code; meaning and availability may vary by year.
2021,2020,original_code,TC,TC,True,False,Original SAMHSA directory code; meaning and availability may vary by year.
2021,2020,original_code,TCC,TCC,True,False,Original SAMHSA directory code; meaning and availability may vary by year.
2021,2020,original_code,TELE,Telemedicine/telehealth,True,False,Original SAMHSA directory code; meaning and availability may vary by year.
2021,2020,original_code,TGD,Treatment for gambling disorder,True,False,Original SAMHSA directory code; meaning and availability may vary by year.
2021,2020,original_code,TID,Treatment for internet use disorder,True,False,Original SAMHSA directory code; meaning and availability may vary by year.
2021,2020,original_code,TRC,Trauma-related counseling 15 PPaayymmeenntt AAssssiissttaannccee AAvvaaiillaabbllee,True,False,Original SAMHSA directory code; meaning and availability may vary by year.
2021,2020,original_code,TRMA,Persons who have experienced trauma,True,False,Original SAMHSA directory code; meaning and availability may vary by year.
2021,2020,original_code,TWFA,12-step facilitation,True,False,Original SAMHSA directory code; meaning and availability may vary by year.
2021,2020,original_code,TX,Substance abuse treatment,True,False,Original SAMHSA directory code; meaning and availability may vary by year.
2021,2020,original_code,UB,Prescribes buprenorphine,True,False,Original SAMHSA directory code; meaning and availability may vary by year.
2021,2020,original_code,ULC,ULC,True,False,Original SAMHSA directory code; meaning and availability may vary by year.
2021,2020,original_code,UN,Prescribes naltrexone,True,False,Original SAMHSA directory code; meaning and availability may vary by year.
2021,2020,original_code,VAMC,Department of Veterans Affairs,True,False,Original SAMHSA directory code; meaning and availability may vary by year.
2021,2020,original_code,VET,VET,True,False,Original SAMHSA directory code; meaning and availability may vary by year.
2021,2020,original_code,VO,Serves Veterans only,True,False,Original SAMHSA directory code; meaning and availability may vary by year.
2021,2020,original_code,VOC,Vocational training or educational support (for,True,False,Original SAMHSA directory code; meaning and availability may vary by year.
2021,2020,original_code,VTRL,"Naltrexone (extended-release, injectable naltrexone",True,False,Original SAMHSA directory code; meaning and availability may vary by year.
2021,2020,original_code,WN,WN,True,False,Original SAMHSA directory code; meaning and availability may vary by year.
2021,2020,original_code,WO,WO,True,False,Original SAMHSA directory code; meaning and availability may vary by year.
2021,2020,original_code,XA,XA,True,False,Original SAMHSA directory code; meaning and availability may vary by year.
2021,2020,original_code,YAD,Young adults,True,False,Original SAMHSA directory code; meaning and availability may vary by year.
