survey_year,state,state_fips,population,source,vintage
1998,AL,01,4404701,https://www2.census.gov/programs-surveys/popest/tables/1990-2000/intercensal/st-co/stch-icen1998.txt,1990-2000 intercensal
1998,AK,02,619932,https://www2.census.gov/programs-surveys/popest/tables/1990-2000/intercensal/st-co/stch-icen1998.txt,1990-2000 intercensal
1998,AZ,04,4883342,https://www2.census.gov/programs-surveys/popest/tables/1990-2000/intercensal/st-co/stch-icen1998.txt,1990-2000 intercensal
1998,AR,05,2626289,https://www2.census.gov/programs-surveys/popest/tables/1990-2000/intercensal/st-co/stch-icen1998.txt,1990-2000 intercensal
1998,CA,06,32987675,https://www2.census.gov/programs-surveys/popest/tables/1990-2000/intercensal/st-co/stch-icen1998.txt,1990-2000 intercensal
1998,CO,08,4116639,https://www2.census.gov/programs-surveys/popest/tables/1990-2000/intercensal/st-co/stch-icen1998.txt,1990-2000 intercensal
1998,CT,09,3365352,https://www2.census.gov/programs-surveys/popest/tables/1990-2000/intercensal/st-co/stch-icen1998.txt,1990-2000 intercensal
1998,DE,10,763335,https://www2.census.gov/programs-surveys/popest/tables/1990-2000/intercensal/st-co/stch-icen1998.txt,1990-2000 intercensal
1998,DC,11,565230,https://www2.census.gov/programs-surveys/popest/tables/1990-2000/intercensal/st-co/stch-icen1998.txt,1990-2000 intercensal
1998,FL,12,15486559,https://www2.census.gov/programs-surveys/popest/tables/1990-2000/intercensal/st-co/stch-icen1998.txt,1990-2000 intercensal
1998,GA,13,7863536,https://www2.census.gov/programs-surveys/popest/tables/1990-2000/intercensal/st-co/stch-icen1998.txt,1990-2000 intercensal
1998,HI,15,1215233,https://www2.census.gov/programs-surveys/popest/tables/1990-2000/intercensal/st-co/stch-icen1998.txt,1990-2000 intercensal
1998,ID,16,1252330,https://www2.census.gov/programs-surveys/popest/tables/1990-2000/intercensal/st-co/stch-icen1998.txt,1990-2000 intercensal
1998,IL,17,12271847,https://www2.census.gov/programs-surveys/popest/tables/1990-2000/intercensal/st-co/stch-icen1998.txt,1990-2000 intercensal
1998,IN,18,5998880,https://www2.census.gov/programs-surveys/popest/tables/1990-2000/intercensal/st-co/stch-icen1998.txt,1990-2000 intercensal
1998,IA,19,2902872,https://www2.census.gov/programs-surveys/popest/tables/1990-2000/intercensal/st-co/stch-icen1998.txt,1990-2000 intercensal
1998,KS,20,2660598,https://www2.census.gov/programs-surveys/popest/tables/1990-2000/intercensal/st-co/stch-icen1998.txt,1990-2000 intercensal
1998,KY,21,3985390,https://www2.census.gov/programs-surveys/popest/tables/1990-2000/intercensal/st-co/stch-icen1998.txt,1990-2000 intercensal
1998,LA,22,4440344,https://www2.census.gov/programs-surveys/popest/tables/1990-2000/intercensal/st-co/stch-icen1998.txt,1990-2000 intercensal
1998,ME,23,1259127,https://www2.census.gov/programs-surveys/popest/tables/1990-2000/intercensal/st-co/stch-icen1998.txt,1990-2000 intercensal
1998,MD,24,5204464,https://www2.census.gov/programs-surveys/popest/tables/1990-2000/intercensal/st-co/stch-icen1998.txt,1990-2000 intercensal
1998,MA,25,6271838,https://www2.census.gov/programs-surveys/popest/tables/1990-2000/intercensal/st-co/stch-icen1998.txt,1990-2000 intercensal
1998,MI,26,9847942,https://www2.census.gov/programs-surveys/popest/tables/1990-2000/intercensal/st-co/stch-icen1998.txt,1990-2000 intercensal
1998,MN,27,4813412,https://www2.census.gov/programs-surveys/popest/tables/1990-2000/intercensal/st-co/stch-icen1998.txt,1990-2000 intercensal
1998,MS,28,2804834,https://www2.census.gov/programs-surveys/popest/tables/1990-2000/intercensal/st-co/stch-icen1998.txt,1990-2000 intercensal
1998,MO,29,5521765,https://www2.census.gov/programs-surveys/popest/tables/1990-2000/intercensal/st-co/stch-icen1998.txt,1990-2000 intercensal
1998,MT,30,892431,https://www2.census.gov/programs-surveys/popest/tables/1990-2000/intercensal/st-co/stch-icen1998.txt,1990-2000 intercensal
1998,NE,31,1695816,https://www2.census.gov/programs-surveys/popest/tables/1990-2000/intercensal/st-co/stch-icen1998.txt,1990-2000 intercensal
1998,NV,32,1853191,https://www2.census.gov/programs-surveys/popest/tables/1990-2000/intercensal/st-co/stch-icen1998.txt,1990-2000 intercensal
1998,NH,33,1205940,https://www2.census.gov/programs-surveys/popest/tables/1990-2000/intercensal/st-co/stch-icen1998.txt,1990-2000 intercensal
1998,NJ,34,8287418,https://www2.census.gov/programs-surveys/popest/tables/1990-2000/intercensal/st-co/stch-icen1998.txt,1990-2000 intercensal
1998,NM,35,1793484,https://www2.census.gov/programs-surveys/popest/tables/1990-2000/intercensal/st-co/stch-icen1998.txt,1990-2000 intercensal
1998,NY,36,18755906,https://www2.census.gov/programs-surveys/popest/tables/1990-2000/intercensal/st-co/stch-icen1998.txt,1990-2000 intercensal
1998,NC,37,7809121,https://www2.census.gov/programs-surveys/popest/tables/1990-2000/intercensal/st-co/stch-icen1998.txt,1990-2000 intercensal
1998,ND,38,647532,https://www2.census.gov/programs-surveys/popest/tables/1990-2000/intercensal/st-co/stch-icen1998.txt,1990-2000 intercensal
1998,OH,39,11311536,https://www2.census.gov/programs-surveys/popest/tables/1990-2000/intercensal/st-co/stch-icen1998.txt,1990-2000 intercensal
1998,OK,40,3405194,https://www2.census.gov/programs-surveys/popest/tables/1990-2000/intercensal/st-co/stch-icen1998.txt,1990-2000 intercensal
1998,OR,41,3352449,https://www2.census.gov/programs-surveys/popest/tables/1990-2000/intercensal/st-co/stch-icen1998.txt,1990-2000 intercensal
1998,PA,42,12245672,https://www2.census.gov/programs-surveys/popest/tables/1990-2000/intercensal/st-co/stch-icen1998.txt,1990-2000 intercensal
1998,RI,44,1031155,https://www2.census.gov/programs-surveys/popest/tables/1990-2000/intercensal/st-co/stch-icen1998.txt,1990-2000 intercensal
1998,SC,45,3919235,https://www2.census.gov/programs-surveys/popest/tables/1990-2000/intercensal/st-co/stch-icen1998.txt,1990-2000 intercensal
1998,SD,46,746058,https://www2.census.gov/programs-surveys/popest/tables/1990-2000/intercensal/st-co/stch-icen1998.txt,1990-2000 intercensal
1998,TN,47,5570045,https://www2.census.gov/programs-surveys/popest/tables/1990-2000/intercensal/st-co/stch-icen1998.txt,1990-2000 intercensal
1998,TX,48,20157531,https://www2.census.gov/programs-surveys/popest/tables/1990-2000/intercensal/st-co/stch-icen1998.txt,1990-2000 intercensal
1998,UT,49,2165960,https://www2.census.gov/programs-surveys/popest/tables/1990-2000/intercensal/st-co/stch-icen1998.txt,1990-2000 intercensal
1998,VT,50,600416,https://www2.census.gov/programs-surveys/popest/tables/1990-2000/intercensal/st-co/stch-icen1998.txt,1990-2000 intercensal
1998,VA,51,6900918,https://www2.census.gov/programs-surveys/popest/tables/1990-2000/intercensal/st-co/stch-icen1998.txt,1990-2000 intercensal
1998,WA,53,5769562,https://www2.census.gov/programs-surveys/popest/tables/1990-2000/intercensal/st-co/stch-icen1998.txt,1990-2000 intercensal
1998,WV,54,1815609,https://www2.census.gov/programs-surveys/popest/tables/1990-2000/intercensal/st-co/stch-icen1998.txt,1990-2000 intercensal
1998,WI,55,5297672,https://www2.census.gov/programs-surveys/popest/tables/1990-2000/intercensal/st-co/stch-icen1998.txt,1990-2000 intercensal
1998,WY,56,490787,https://www2.census.gov/programs-surveys/popest/tables/1990-2000/intercensal/st-co/stch-icen1998.txt,1990-2000 intercensal
1999,AL,01,4430141,https://www2.census.gov/programs-surveys/popest/tables/1990-2000/intercensal/st-co/stch-icen1999.txt,1990-2000 intercensal
1999,AK,02,624779,https://www2.census.gov/programs-surveys/popest/tables/1990-2000/intercensal/st-co/stch-icen1999.txt,1990-2000 intercensal
1999,AZ,04,5023823,https://www2.census.gov/programs-surveys/popest/tables/1990-2000/intercensal/st-co/stch-icen1999.txt,1990-2000 intercensal
1999,AR,05,2651860,https://www2.census.gov/programs-surveys/popest/tables/1990-2000/intercensal/st-co/stch-icen1999.txt,1990-2000 intercensal
1999,CA,06,33499204,https://www2.census.gov/programs-surveys/popest/tables/1990-2000/intercensal/st-co/stch-icen1999.txt,1990-2000 intercensal
1999,CO,08,4226018,https://www2.census.gov/programs-surveys/popest/tables/1990-2000/intercensal/st-co/stch-icen1999.txt,1990-2000 intercensal
1999,CT,09,3386401,https://www2.census.gov/programs-surveys/popest/tables/1990-2000/intercensal/st-co/stch-icen1999.txt,1990-2000 intercensal
1999,DE,10,774990,https://www2.census.gov/programs-surveys/popest/tables/1990-2000/intercensal/st-co/stch-icen1999.txt,1990-2000 intercensal
1999,DC,11,570213,https://www2.census.gov/programs-surveys/popest/tables/1990-2000/intercensal/st-co/stch-icen1999.txt,1990-2000 intercensal
1999,FL,12,15759421,https://www2.census.gov/programs-surveys/popest/tables/1990-2000/intercensal/st-co/stch-icen1999.txt,1990-2000 intercensal
1999,GA,13,8045965,https://www2.census.gov/programs-surveys/popest/tables/1990-2000/intercensal/st-co/stch-icen1999.txt,1990-2000 intercensal
1999,HI,15,1210300,https://www2.census.gov/programs-surveys/popest/tables/1990-2000/intercensal/st-co/stch-icen1999.txt,1990-2000 intercensal
1999,ID,16,1275674,https://www2.census.gov/programs-surveys/popest/tables/1990-2000/intercensal/st-co/stch-icen1999.txt,1990-2000 intercensal
1999,IL,17,12359020,https://www2.census.gov/programs-surveys/popest/tables/1990-2000/intercensal/st-co/stch-icen1999.txt,1990-2000 intercensal
1999,IN,18,6044969,https://www2.census.gov/programs-surveys/popest/tables/1990-2000/intercensal/st-co/stch-icen1999.txt,1990-2000 intercensal
1999,IA,19,2917634,https://www2.census.gov/programs-surveys/popest/tables/1990-2000/intercensal/st-co/stch-icen1999.txt,1990-2000 intercensal
1999,KS,20,2678338,https://www2.census.gov/programs-surveys/popest/tables/1990-2000/intercensal/st-co/stch-icen1999.txt,1990-2000 intercensal
1999,KY,21,4018053,https://www2.census.gov/programs-surveys/popest/tables/1990-2000/intercensal/st-co/stch-icen1999.txt,1990-2000 intercensal
1999,LA,22,4460811,https://www2.census.gov/programs-surveys/popest/tables/1990-2000/intercensal/st-co/stch-icen1999.txt,1990-2000 intercensal
1999,ME,23,1266808,https://www2.census.gov/programs-surveys/popest/tables/1990-2000/intercensal/st-co/stch-icen1999.txt,1990-2000 intercensal
1999,MD,24,5254509,https://www2.census.gov/programs-surveys/popest/tables/1990-2000/intercensal/st-co/stch-icen1999.txt,1990-2000 intercensal
1999,MA,25,6317345,https://www2.census.gov/programs-surveys/popest/tables/1990-2000/intercensal/st-co/stch-icen1999.txt,1990-2000 intercensal
1999,MI,26,9897116,https://www2.census.gov/programs-surveys/popest/tables/1990-2000/intercensal/st-co/stch-icen1999.txt,1990-2000 intercensal
1999,MN,27,4873481,https://www2.census.gov/programs-surveys/popest/tables/1990-2000/intercensal/st-co/stch-icen1999.txt,1990-2000 intercensal
1999,MS,28,2828408,https://www2.census.gov/programs-surveys/popest/tables/1990-2000/intercensal/st-co/stch-icen1999.txt,1990-2000 intercensal
1999,MO,29,5561948,https://www2.census.gov/programs-surveys/popest/tables/1990-2000/intercensal/st-co/stch-icen1999.txt,1990-2000 intercensal
1999,MT,30,897507,https://www2.census.gov/programs-surveys/popest/tables/1990-2000/intercensal/st-co/stch-icen1999.txt,1990-2000 intercensal
1999,NE,31,1704764,https://www2.census.gov/programs-surveys/popest/tables/1990-2000/intercensal/st-co/stch-icen1999.txt,1990-2000 intercensal
1999,NV,32,1934718,https://www2.census.gov/programs-surveys/popest/tables/1990-2000/intercensal/st-co/stch-icen1999.txt,1990-2000 intercensal
1999,NH,33,1222014,https://www2.census.gov/programs-surveys/popest/tables/1990-2000/intercensal/st-co/stch-icen1999.txt,1990-2000 intercensal
1999,NJ,34,8359592,https://www2.census.gov/programs-surveys/popest/tables/1990-2000/intercensal/st-co/stch-icen1999.txt,1990-2000 intercensal
1999,NM,35,1808082,https://www2.census.gov/programs-surveys/popest/tables/1990-2000/intercensal/st-co/stch-icen1999.txt,1990-2000 intercensal
1999,NY,36,18882725,https://www2.census.gov/programs-surveys/popest/tables/1990-2000/intercensal/st-co/stch-icen1999.txt,1990-2000 intercensal
1999,NC,37,7949361,https://www2.census.gov/programs-surveys/popest/tables/1990-2000/intercensal/st-co/stch-icen1999.txt,1990-2000 intercensal
1999,ND,38,644259,https://www2.census.gov/programs-surveys/popest/tables/1990-2000/intercensal/st-co/stch-icen1999.txt,1990-2000 intercensal
1999,OH,39,11335454,https://www2.census.gov/programs-surveys/popest/tables/1990-2000/intercensal/st-co/stch-icen1999.txt,1990-2000 intercensal
1999,OK,40,3437147,https://www2.census.gov/programs-surveys/popest/tables/1990-2000/intercensal/st-co/stch-icen1999.txt,1990-2000 intercensal
1999,OR,41,3393941,https://www2.census.gov/programs-surveys/popest/tables/1990-2000/intercensal/st-co/stch-icen1999.txt,1990-2000 intercensal
1999,PA,42,12263805,https://www2.census.gov/programs-surveys/popest/tables/1990-2000/intercensal/st-co/stch-icen1999.txt,1990-2000 intercensal
1999,RI,44,1040402,https://www2.census.gov/programs-surveys/popest/tables/1990-2000/intercensal/st-co/stch-icen1999.txt,1990-2000 intercensal
1999,SC,45,3974682,https://www2.census.gov/programs-surveys/popest/tables/1990-2000/intercensal/st-co/stch-icen1999.txt,1990-2000 intercensal
1999,SD,46,750412,https://www2.census.gov/programs-surveys/popest/tables/1990-2000/intercensal/st-co/stch-icen1999.txt,1990-2000 intercensal
1999,TN,47,5638706,https://www2.census.gov/programs-surveys/popest/tables/1990-2000/intercensal/st-co/stch-icen1999.txt,1990-2000 intercensal
1999,TX,48,20558220,https://www2.census.gov/programs-surveys/popest/tables/1990-2000/intercensal/st-co/stch-icen1999.txt,1990-2000 intercensal
1999,UT,49,2203482,https://www2.census.gov/programs-surveys/popest/tables/1990-2000/intercensal/st-co/stch-icen1999.txt,1990-2000 intercensal
1999,VT,50,604683,https://www2.census.gov/programs-surveys/popest/tables/1990-2000/intercensal/st-co/stch-icen1999.txt,1990-2000 intercensal
1999,VA,51,7000174,https://www2.census.gov/programs-surveys/popest/tables/1990-2000/intercensal/st-co/stch-icen1999.txt,1990-2000 intercensal
1999,WA,53,5842564,https://www2.census.gov/programs-surveys/popest/tables/1990-2000/intercensal/st-co/stch-icen1999.txt,1990-2000 intercensal
1999,WV,54,1811799,https://www2.census.gov/programs-surveys/popest/tables/1990-2000/intercensal/st-co/stch-icen1999.txt,1990-2000 intercensal
1999,WI,55,5332666,https://www2.census.gov/programs-surveys/popest/tables/1990-2000/intercensal/st-co/stch-icen1999.txt,1990-2000 intercensal
1999,WY,56,491780,https://www2.census.gov/programs-surveys/popest/tables/1990-2000/intercensal/st-co/stch-icen1999.txt,1990-2000 intercensal
2000,AL,01,4452173,https://www2.census.gov/programs-surveys/popest/datasets/2000-2010/intercensal/state/st-est00int-alldata.csv,2000-2010 intercensal
2000,AK,02,627963,https://www2.census.gov/programs-surveys/popest/datasets/2000-2010/intercensal/state/st-est00int-alldata.csv,2000-2010 intercensal
2000,AZ,04,5160586,https://www2.census.gov/programs-surveys/popest/datasets/2000-2010/intercensal/state/st-est00int-alldata.csv,2000-2010 intercensal
2000,AR,05,2678588,https://www2.census.gov/programs-surveys/popest/datasets/2000-2010/intercensal/state/st-est00int-alldata.csv,2000-2010 intercensal
2000,CA,06,33987977,https://www2.census.gov/programs-surveys/popest/datasets/2000-2010/intercensal/state/st-est00int-alldata.csv,2000-2010 intercensal
2000,CO,08,4326921,https://www2.census.gov/programs-surveys/popest/datasets/2000-2010/intercensal/state/st-est00int-alldata.csv,2000-2010 intercensal
2000,CT,09,3411777,https://www2.census.gov/programs-surveys/popest/datasets/2000-2010/intercensal/state/st-est00int-alldata.csv,2000-2010 intercensal
2000,DE,10,786373,https://www2.census.gov/programs-surveys/popest/datasets/2000-2010/intercensal/state/st-est00int-alldata.csv,2000-2010 intercensal
2000,DC,11,572046,https://www2.census.gov/programs-surveys/popest/datasets/2000-2010/intercensal/state/st-est00int-alldata.csv,2000-2010 intercensal
2000,FL,12,16047515,https://www2.census.gov/programs-surveys/popest/datasets/2000-2010/intercensal/state/st-est00int-alldata.csv,2000-2010 intercensal
2000,GA,13,8227303,https://www2.census.gov/programs-surveys/popest/datasets/2000-2010/intercensal/state/st-est00int-alldata.csv,2000-2010 intercensal
2000,HI,15,1213519,https://www2.census.gov/programs-surveys/popest/datasets/2000-2010/intercensal/state/st-est00int-alldata.csv,2000-2010 intercensal
2000,ID,16,1299430,https://www2.census.gov/programs-surveys/popest/datasets/2000-2010/intercensal/state/st-est00int-alldata.csv,2000-2010 intercensal
2000,IL,17,12434161,https://www2.census.gov/programs-surveys/popest/datasets/2000-2010/intercensal/state/st-est00int-alldata.csv,2000-2010 intercensal
2000,IN,18,6091866,https://www2.census.gov/programs-surveys/popest/datasets/2000-2010/intercensal/state/st-est00int-alldata.csv,2000-2010 intercensal
2000,IA,19,2929067,https://www2.census.gov/programs-surveys/popest/datasets/2000-2010/intercensal/state/st-est00int-alldata.csv,2000-2010 intercensal
2000,KS,20,2693681,https://www2.census.gov/programs-surveys/popest/datasets/2000-2010/intercensal/state/st-est00int-alldata.csv,2000-2010 intercensal
2000,KY,21,4049021,https://www2.census.gov/programs-surveys/popest/datasets/2000-2010/intercensal/state/st-est00int-alldata.csv,2000-2010 intercensal
2000,LA,22,4471885,https://www2.census.gov/programs-surveys/popest/datasets/2000-2010/intercensal/state/st-est00int-alldata.csv,2000-2010 intercensal
2000,ME,23,1277072,https://www2.census.gov/programs-surveys/popest/datasets/2000-2010/intercensal/state/st-est00int-alldata.csv,2000-2010 intercensal
2000,MD,24,5311034,https://www2.census.gov/programs-surveys/popest/datasets/2000-2010/intercensal/state/st-est00int-alldata.csv,2000-2010 intercensal
2000,MA,25,6361104,https://www2.census.gov/programs-surveys/popest/datasets/2000-2010/intercensal/state/st-est00int-alldata.csv,2000-2010 intercensal
2000,MI,26,9952450,https://www2.census.gov/programs-surveys/popest/datasets/2000-2010/intercensal/state/st-est00int-alldata.csv,2000-2010 intercensal
2000,MN,27,4933692,https://www2.census.gov/programs-surveys/popest/datasets/2000-2010/intercensal/state/st-est00int-alldata.csv,2000-2010 intercensal
2000,MS,28,2848353,https://www2.census.gov/programs-surveys/popest/datasets/2000-2010/intercensal/state/st-est00int-alldata.csv,2000-2010 intercensal
2000,MO,29,5607285,https://www2.census.gov/programs-surveys/popest/datasets/2000-2010/intercensal/state/st-est00int-alldata.csv,2000-2010 intercensal
2000,MT,30,903773,https://www2.census.gov/programs-surveys/popest/datasets/2000-2010/intercensal/state/st-est00int-alldata.csv,2000-2010 intercensal
2000,NE,31,1713820,https://www2.census.gov/programs-surveys/popest/datasets/2000-2010/intercensal/state/st-est00int-alldata.csv,2000-2010 intercensal
2000,NV,32,2018741,https://www2.census.gov/programs-surveys/popest/datasets/2000-2010/intercensal/state/st-est00int-alldata.csv,2000-2010 intercensal
2000,NH,33,1239882,https://www2.census.gov/programs-surveys/popest/datasets/2000-2010/intercensal/state/st-est00int-alldata.csv,2000-2010 intercensal
2000,NJ,34,8430621,https://www2.census.gov/programs-surveys/popest/datasets/2000-2010/intercensal/state/st-est00int-alldata.csv,2000-2010 intercensal
2000,NM,35,1821204,https://www2.census.gov/programs-surveys/popest/datasets/2000-2010/intercensal/state/st-est00int-alldata.csv,2000-2010 intercensal
2000,NY,36,19001780,https://www2.census.gov/programs-surveys/popest/datasets/2000-2010/intercensal/state/st-est00int-alldata.csv,2000-2010 intercensal
2000,NC,37,8081614,https://www2.census.gov/programs-surveys/popest/datasets/2000-2010/intercensal/state/st-est00int-alldata.csv,2000-2010 intercensal
2000,ND,38,642023,https://www2.census.gov/programs-surveys/popest/datasets/2000-2010/intercensal/state/st-est00int-alldata.csv,2000-2010 intercensal
2000,OH,39,11363543,https://www2.census.gov/programs-surveys/popest/datasets/2000-2010/intercensal/state/st-est00int-alldata.csv,2000-2010 intercensal
2000,OK,40,3454365,https://www2.census.gov/programs-surveys/popest/datasets/2000-2010/intercensal/state/st-est00int-alldata.csv,2000-2010 intercensal
2000,OR,41,3429708,https://www2.census.gov/programs-surveys/popest/datasets/2000-2010/intercensal/state/st-est00int-alldata.csv,2000-2010 intercensal
2000,PA,42,12284173,https://www2.census.gov/programs-surveys/popest/datasets/2000-2010/intercensal/state/st-est00int-alldata.csv,2000-2010 intercensal
2000,RI,44,1050268,https://www2.census.gov/programs-surveys/popest/datasets/2000-2010/intercensal/state/st-est00int-alldata.csv,2000-2010 intercensal
2000,SC,45,4024223,https://www2.census.gov/programs-surveys/popest/datasets/2000-2010/intercensal/state/st-est00int-alldata.csv,2000-2010 intercensal
2000,SD,46,755844,https://www2.census.gov/programs-surveys/popest/datasets/2000-2010/intercensal/state/st-est00int-alldata.csv,2000-2010 intercensal
2000,TN,47,5703719,https://www2.census.gov/programs-surveys/popest/datasets/2000-2010/intercensal/state/st-est00int-alldata.csv,2000-2010 intercensal
2000,TX,48,20944499,https://www2.census.gov/programs-surveys/popest/datasets/2000-2010/intercensal/state/st-est00int-alldata.csv,2000-2010 intercensal
2000,UT,49,2244502,https://www2.census.gov/programs-surveys/popest/datasets/2000-2010/intercensal/state/st-est00int-alldata.csv,2000-2010 intercensal
2000,VT,50,609618,https://www2.census.gov/programs-surveys/popest/datasets/2000-2010/intercensal/state/st-est00int-alldata.csv,2000-2010 intercensal
2000,VA,51,7105817,https://www2.census.gov/programs-surveys/popest/datasets/2000-2010/intercensal/state/st-est00int-alldata.csv,2000-2010 intercensal
2000,WA,53,5910512,https://www2.census.gov/programs-surveys/popest/datasets/2000-2010/intercensal/state/st-est00int-alldata.csv,2000-2010 intercensal
2000,WV,54,1807021,https://www2.census.gov/programs-surveys/popest/datasets/2000-2010/intercensal/state/st-est00int-alldata.csv,2000-2010 intercensal
2000,WI,55,5373999,https://www2.census.gov/programs-surveys/popest/datasets/2000-2010/intercensal/state/st-est00int-alldata.csv,2000-2010 intercensal
2000,WY,56,494300,https://www2.census.gov/programs-surveys/popest/datasets/2000-2010/intercensal/state/st-est00int-alldata.csv,2000-2010 intercensal
2002,AL,01,4480089,https://www2.census.gov/programs-surveys/popest/datasets/2000-2010/intercensal/state/st-est00int-alldata.csv,2000-2010 intercensal
2002,AK,02,642337,https://www2.census.gov/programs-surveys/popest/datasets/2000-2010/intercensal/state/st-est00int-alldata.csv,2000-2010 intercensal
2002,AZ,04,5396255,https://www2.census.gov/programs-surveys/popest/datasets/2000-2010/intercensal/state/st-est00int-alldata.csv,2000-2010 intercensal
2002,AR,05,2705927,https://www2.census.gov/programs-surveys/popest/datasets/2000-2010/intercensal/state/st-est00int-alldata.csv,2000-2010 intercensal
2002,CA,06,34871843,https://www2.census.gov/programs-surveys/popest/datasets/2000-2010/intercensal/state/st-est00int-alldata.csv,2000-2010 intercensal
2002,CO,08,4490406,https://www2.census.gov/programs-surveys/popest/datasets/2000-2010/intercensal/state/st-est00int-alldata.csv,2000-2010 intercensal
2002,CT,09,3458749,https://www2.census.gov/programs-surveys/popest/datasets/2000-2010/intercensal/state/st-est00int-alldata.csv,2000-2010 intercensal
2002,DE,10,806169,https://www2.census.gov/programs-surveys/popest/datasets/2000-2010/intercensal/state/st-est00int-alldata.csv,2000-2010 intercensal
2002,DC,11,573158,https://www2.census.gov/programs-surveys/popest/datasets/2000-2010/intercensal/state/st-est00int-alldata.csv,2000-2010 intercensal
2002,FL,12,16689370,https://www2.census.gov/programs-surveys/popest/datasets/2000-2010/intercensal/state/st-est00int-alldata.csv,2000-2010 intercensal
2002,GA,13,8508256,https://www2.census.gov/programs-surveys/popest/datasets/2000-2010/intercensal/state/st-est00int-alldata.csv,2000-2010 intercensal
2002,HI,15,1239613,https://www2.census.gov/programs-surveys/popest/datasets/2000-2010/intercensal/state/st-est00int-alldata.csv,2000-2010 intercensal
2002,ID,16,1340372,https://www2.census.gov/programs-surveys/popest/datasets/2000-2010/intercensal/state/st-est00int-alldata.csv,2000-2010 intercensal
2002,IL,17,12525556,https://www2.census.gov/programs-surveys/popest/datasets/2000-2010/intercensal/state/st-est00int-alldata.csv,2000-2010 intercensal
2002,IN,18,6155967,https://www2.census.gov/programs-surveys/popest/datasets/2000-2010/intercensal/state/st-est00int-alldata.csv,2000-2010 intercensal
2002,IA,19,2934234,https://www2.census.gov/programs-surveys/popest/datasets/2000-2010/intercensal/state/st-est00int-alldata.csv,2000-2010 intercensal
2002,KS,20,2713535,https://www2.census.gov/programs-surveys/popest/datasets/2000-2010/intercensal/state/st-est00int-alldata.csv,2000-2010 intercensal
2002,KY,21,4089875,https://www2.census.gov/programs-surveys/popest/datasets/2000-2010/intercensal/state/st-est00int-alldata.csv,2000-2010 intercensal
2002,LA,22,4497267,https://www2.census.gov/programs-surveys/popest/datasets/2000-2010/intercensal/state/st-est00int-alldata.csv,2000-2010 intercensal
2002,ME,23,1295960,https://www2.census.gov/programs-surveys/popest/datasets/2000-2010/intercensal/state/st-est00int-alldata.csv,2000-2010 intercensal
2002,MD,24,5440389,https://www2.census.gov/programs-surveys/popest/datasets/2000-2010/intercensal/state/st-est00int-alldata.csv,2000-2010 intercensal
2002,MA,25,6417206,https://www2.census.gov/programs-surveys/popest/datasets/2000-2010/intercensal/state/st-est00int-alldata.csv,2000-2010 intercensal
2002,MI,26,10015710,https://www2.census.gov/programs-surveys/popest/datasets/2000-2010/intercensal/state/st-est00int-alldata.csv,2000-2010 intercensal
2002,MN,27,5018935,https://www2.census.gov/programs-surveys/popest/datasets/2000-2010/intercensal/state/st-est00int-alldata.csv,2000-2010 intercensal
2002,MS,28,2858681,https://www2.census.gov/programs-surveys/popest/datasets/2000-2010/intercensal/state/st-est00int-alldata.csv,2000-2010 intercensal
2002,MO,29,5674825,https://www2.census.gov/programs-surveys/popest/datasets/2000-2010/intercensal/state/st-est00int-alldata.csv,2000-2010 intercensal
2002,MT,30,911667,https://www2.census.gov/programs-surveys/popest/datasets/2000-2010/intercensal/state/st-est00int-alldata.csv,2000-2010 intercensal
2002,NE,31,1728292,https://www2.census.gov/programs-surveys/popest/datasets/2000-2010/intercensal/state/st-est00int-alldata.csv,2000-2010 intercensal
2002,NV,32,2173791,https://www2.census.gov/programs-surveys/popest/datasets/2000-2010/intercensal/state/st-est00int-alldata.csv,2000-2010 intercensal
2002,NH,33,1269089,https://www2.census.gov/programs-surveys/popest/datasets/2000-2010/intercensal/state/st-est00int-alldata.csv,2000-2010 intercensal
2002,NJ,34,8552643,https://www2.census.gov/programs-surveys/popest/datasets/2000-2010/intercensal/state/st-est00int-alldata.csv,2000-2010 intercensal
2002,NM,35,1855309,https://www2.census.gov/programs-surveys/popest/datasets/2000-2010/intercensal/state/st-est00int-alldata.csv,2000-2010 intercensal
2002,NY,36,19137800,https://www2.census.gov/programs-surveys/popest/datasets/2000-2010/intercensal/state/st-est00int-alldata.csv,2000-2010 intercensal
2002,NC,37,8326201,https://www2.census.gov/programs-surveys/popest/datasets/2000-2010/intercensal/state/st-est00int-alldata.csv,2000-2010 intercensal
2002,ND,38,638168,https://www2.census.gov/programs-surveys/popest/datasets/2000-2010/intercensal/state/st-est00int-alldata.csv,2000-2010 intercensal
2002,OH,39,11407889,https://www2.census.gov/programs-surveys/popest/datasets/2000-2010/intercensal/state/st-est00int-alldata.csv,2000-2010 intercensal
2002,OK,40,3489080,https://www2.census.gov/programs-surveys/popest/datasets/2000-2010/intercensal/state/st-est00int-alldata.csv,2000-2010 intercensal
2002,OR,41,3513424,https://www2.census.gov/programs-surveys/popest/datasets/2000-2010/intercensal/state/st-est00int-alldata.csv,2000-2010 intercensal
2002,PA,42,12331031,https://www2.census.gov/programs-surveys/popest/datasets/2000-2010/intercensal/state/st-est00int-alldata.csv,2000-2010 intercensal
2002,RI,44,1065995,https://www2.census.gov/programs-surveys/popest/datasets/2000-2010/intercensal/state/st-est00int-alldata.csv,2000-2010 intercensal
2002,SC,45,4107795,https://www2.census.gov/programs-surveys/popest/datasets/2000-2010/intercensal/state/st-est00int-alldata.csv,2000-2010 intercensal
2002,SD,46,760020,https://www2.census.gov/programs-surveys/popest/datasets/2000-2010/intercensal/state/st-est00int-alldata.csv,2000-2010 intercensal
2002,TN,47,5795918,https://www2.census.gov/programs-surveys/popest/datasets/2000-2010/intercensal/state/st-est00int-alldata.csv,2000-2010 intercensal
2002,TX,48,21690325,https://www2.census.gov/programs-surveys/popest/datasets/2000-2010/intercensal/state/st-est00int-alldata.csv,2000-2010 intercensal
2002,UT,49,2324815,https://www2.census.gov/programs-surveys/popest/datasets/2000-2010/intercensal/state/st-est00int-alldata.csv,2000-2010 intercensal
2002,VT,50,615442,https://www2.census.gov/programs-surveys/popest/datasets/2000-2010/intercensal/state/st-est00int-alldata.csv,2000-2010 intercensal
2002,VA,51,7286873,https://www2.census.gov/programs-surveys/popest/datasets/2000-2010/intercensal/state/st-est00int-alldata.csv,2000-2010 intercensal
2002,WA,53,6052349,https://www2.census.gov/programs-surveys/popest/datasets/2000-2010/intercensal/state/st-est00int-alldata.csv,2000-2010 intercensal
2002,WV,54,1805414,https://www2.census.gov/programs-surveys/popest/datasets/2000-2010/intercensal/state/st-est00int-alldata.csv,2000-2010 intercensal
2002,WI,55,5445162,https://www2.census.gov/programs-surveys/popest/datasets/2000-2010/intercensal/state/st-est00int-alldata.csv,2000-2010 intercensal
2002,WY,56,500017,https://www2.census.gov/programs-surveys/popest/datasets/2000-2010/intercensal/state/st-est00int-alldata.csv,2000-2010 intercensal
2003,AL,01,4503491,https://www2.census.gov/programs-surveys/popest/datasets/2000-2010/intercensal/state/st-est00int-alldata.csv,2000-2010 intercensal
2003,AK,02,648414,https://www2.census.gov/programs-surveys/popest/datasets/2000-2010/intercensal/state/st-est00int-alldata.csv,2000-2010 intercensal
2003,AZ,04,5510364,https://www2.census.gov/programs-surveys/popest/datasets/2000-2010/intercensal/state/st-est00int-alldata.csv,2000-2010 intercensal
2003,AR,05,2724816,https://www2.census.gov/programs-surveys/popest/datasets/2000-2010/intercensal/state/st-est00int-alldata.csv,2000-2010 intercensal
2003,CA,06,35253159,https://www2.census.gov/programs-surveys/popest/datasets/2000-2010/intercensal/state/st-est00int-alldata.csv,2000-2010 intercensal
2003,CO,08,4528732,https://www2.census.gov/programs-surveys/popest/datasets/2000-2010/intercensal/state/st-est00int-alldata.csv,2000-2010 intercensal
2003,CT,09,3484336,https://www2.census.gov/programs-surveys/popest/datasets/2000-2010/intercensal/state/st-est00int-alldata.csv,2000-2010 intercensal
2003,DE,10,818003,https://www2.census.gov/programs-surveys/popest/datasets/2000-2010/intercensal/state/st-est00int-alldata.csv,2000-2010 intercensal
2003,DC,11,568502,https://www2.census.gov/programs-surveys/popest/datasets/2000-2010/intercensal/state/st-est00int-alldata.csv,2000-2010 intercensal
2003,FL,12,17004085,https://www2.census.gov/programs-surveys/popest/datasets/2000-2010/intercensal/state/st-est00int-alldata.csv,2000-2010 intercensal
2003,GA,13,8622793,https://www2.census.gov/programs-surveys/popest/datasets/2000-2010/intercensal/state/st-est00int-alldata.csv,2000-2010 intercensal
2003,HI,15,1251154,https://www2.census.gov/programs-surveys/popest/datasets/2000-2010/intercensal/state/st-est00int-alldata.csv,2000-2010 intercensal
2003,ID,16,1363380,https://www2.census.gov/programs-surveys/popest/datasets/2000-2010/intercensal/state/st-est00int-alldata.csv,2000-2010 intercensal
2003,IL,17,12556006,https://www2.census.gov/programs-surveys/popest/datasets/2000-2010/intercensal/state/st-est00int-alldata.csv,2000-2010 intercensal
2003,IN,18,6196638,https://www2.census.gov/programs-surveys/popest/datasets/2000-2010/intercensal/state/st-est00int-alldata.csv,2000-2010 intercensal
2003,IA,19,2941999,https://www2.census.gov/programs-surveys/popest/datasets/2000-2010/intercensal/state/st-est00int-alldata.csv,2000-2010 intercensal
2003,KS,20,2723004,https://www2.census.gov/programs-surveys/popest/datasets/2000-2010/intercensal/state/st-est00int-alldata.csv,2000-2010 intercensal
2003,KY,21,4117170,https://www2.census.gov/programs-surveys/popest/datasets/2000-2010/intercensal/state/st-est00int-alldata.csv,2000-2010 intercensal
2003,LA,22,4521042,https://www2.census.gov/programs-surveys/popest/datasets/2000-2010/intercensal/state/st-est00int-alldata.csv,2000-2010 intercensal
2003,ME,23,1306513,https://www2.census.gov/programs-surveys/popest/datasets/2000-2010/intercensal/state/st-est00int-alldata.csv,2000-2010 intercensal
2003,MD,24,5496269,https://www2.census.gov/programs-surveys/popest/datasets/2000-2010/intercensal/state/st-est00int-alldata.csv,2000-2010 intercensal
2003,MA,25,6422565,https://www2.census.gov/programs-surveys/popest/datasets/2000-2010/intercensal/state/st-est00int-alldata.csv,2000-2010 intercensal
2003,MI,26,10041152,https://www2.census.gov/programs-surveys/popest/datasets/2000-2010/intercensal/state/st-est00int-alldata.csv,2000-2010 intercensal
2003,MN,27,5053572,https://www2.census.gov/programs-surveys/popest/datasets/2000-2010/intercensal/state/st-est00int-alldata.csv,2000-2010 intercensal
2003,MS,28,2868312,https://www2.census.gov/programs-surveys/popest/datasets/2000-2010/intercensal/state/st-est00int-alldata.csv,2000-2010 intercensal
2003,MO,29,5709403,https://www2.census.gov/programs-surveys/popest/datasets/2000-2010/intercensal/state/st-est00int-alldata.csv,2000-2010 intercensal
2003,MT,30,919630,https://www2.census.gov/programs-surveys/popest/datasets/2000-2010/intercensal/state/st-est00int-alldata.csv,2000-2010 intercensal
2003,NE,31,1738643,https://www2.census.gov/programs-surveys/popest/datasets/2000-2010/intercensal/state/st-est00int-alldata.csv,2000-2010 intercensal
2003,NV,32,2248850,https://www2.census.gov/programs-surveys/popest/datasets/2000-2010/intercensal/state/st-est00int-alldata.csv,2000-2010 intercensal
2003,NH,33,1279840,https://www2.census.gov/programs-surveys/popest/datasets/2000-2010/intercensal/state/st-est00int-alldata.csv,2000-2010 intercensal
2003,NJ,34,8601402,https://www2.census.gov/programs-surveys/popest/datasets/2000-2010/intercensal/state/st-est00int-alldata.csv,2000-2010 intercensal
2003,NM,35,1877574,https://www2.census.gov/programs-surveys/popest/datasets/2000-2010/intercensal/state/st-est00int-alldata.csv,2000-2010 intercensal
2003,NY,36,19175939,https://www2.census.gov/programs-surveys/popest/datasets/2000-2010/intercensal/state/st-est00int-alldata.csv,2000-2010 intercensal
2003,NC,37,8422501,https://www2.census.gov/programs-surveys/popest/datasets/2000-2010/intercensal/state/st-est00int-alldata.csv,2000-2010 intercensal
2003,ND,38,638817,https://www2.census.gov/programs-surveys/popest/datasets/2000-2010/intercensal/state/st-est00int-alldata.csv,2000-2010 intercensal
2003,OH,39,11434788,https://www2.census.gov/programs-surveys/popest/datasets/2000-2010/intercensal/state/st-est00int-alldata.csv,2000-2010 intercensal
2003,OK,40,3504892,https://www2.census.gov/programs-surveys/popest/datasets/2000-2010/intercensal/state/st-est00int-alldata.csv,2000-2010 intercensal
2003,OR,41,3547376,https://www2.census.gov/programs-surveys/popest/datasets/2000-2010/intercensal/state/st-est00int-alldata.csv,2000-2010 intercensal
2003,PA,42,12374658,https://www2.census.gov/programs-surveys/popest/datasets/2000-2010/intercensal/state/st-est00int-alldata.csv,2000-2010 intercensal
2003,RI,44,1071342,https://www2.census.gov/programs-surveys/popest/datasets/2000-2010/intercensal/state/st-est00int-alldata.csv,2000-2010 intercensal
2003,SC,45,4150297,https://www2.census.gov/programs-surveys/popest/datasets/2000-2010/intercensal/state/st-est00int-alldata.csv,2000-2010 intercensal
2003,SD,46,763729,https://www2.census.gov/programs-surveys/popest/datasets/2000-2010/intercensal/state/st-est00int-alldata.csv,2000-2010 intercensal
2003,TN,47,5847812,https://www2.census.gov/programs-surveys/popest/datasets/2000-2010/intercensal/state/st-est00int-alldata.csv,2000-2010 intercensal
2003,TX,48,22030931,https://www2.census.gov/programs-surveys/popest/datasets/2000-2010/intercensal/state/st-est00int-alldata.csv,2000-2010 intercensal
2003,UT,49,2360137,https://www2.census.gov/programs-surveys/popest/datasets/2000-2010/intercensal/state/st-est00int-alldata.csv,2000-2010 intercensal
2003,VT,50,617858,https://www2.census.gov/programs-surveys/popest/datasets/2000-2010/intercensal/state/st-est00int-alldata.csv,2000-2010 intercensal
2003,VA,51,7366977,https://www2.census.gov/programs-surveys/popest/datasets/2000-2010/intercensal/state/st-est00int-alldata.csv,2000-2010 intercensal
2003,WA,53,6104115,https://www2.census.gov/programs-surveys/popest/datasets/2000-2010/intercensal/state/st-est00int-alldata.csv,2000-2010 intercensal
2003,WV,54,1812295,https://www2.census.gov/programs-surveys/popest/datasets/2000-2010/intercensal/state/st-est00int-alldata.csv,2000-2010 intercensal
2003,WI,55,5479203,https://www2.census.gov/programs-surveys/popest/datasets/2000-2010/intercensal/state/st-est00int-alldata.csv,2000-2010 intercensal
2003,WY,56,503453,https://www2.census.gov/programs-surveys/popest/datasets/2000-2010/intercensal/state/st-est00int-alldata.csv,2000-2010 intercensal
2004,AL,01,4530729,https://www2.census.gov/programs-surveys/popest/datasets/2000-2010/intercensal/state/st-est00int-alldata.csv,2000-2010 intercensal
2004,AK,02,659286,https://www2.census.gov/programs-surveys/popest/datasets/2000-2010/intercensal/state/st-est00int-alldata.csv,2000-2010 intercensal
2004,AZ,04,5652404,https://www2.census.gov/programs-surveys/popest/datasets/2000-2010/intercensal/state/st-est00int-alldata.csv,2000-2010 intercensal
2004,AR,05,2749686,https://www2.census.gov/programs-surveys/popest/datasets/2000-2010/intercensal/state/st-est00int-alldata.csv,2000-2010 intercensal
2004,CA,06,35574576,https://www2.census.gov/programs-surveys/popest/datasets/2000-2010/intercensal/state/st-est00int-alldata.csv,2000-2010 intercensal
2004,CO,08,4575013,https://www2.census.gov/programs-surveys/popest/datasets/2000-2010/intercensal/state/st-est00int-alldata.csv,2000-2010 intercensal
2004,CT,09,3496094,https://www2.census.gov/programs-surveys/popest/datasets/2000-2010/intercensal/state/st-est00int-alldata.csv,2000-2010 intercensal
2004,DE,10,830803,https://www2.census.gov/programs-surveys/popest/datasets/2000-2010/intercensal/state/st-est00int-alldata.csv,2000-2010 intercensal
2004,DC,11,567754,https://www2.census.gov/programs-surveys/popest/datasets/2000-2010/intercensal/state/st-est00int-alldata.csv,2000-2010 intercensal
2004,FL,12,17415318,https://www2.census.gov/programs-surveys/popest/datasets/2000-2010/intercensal/state/st-est00int-alldata.csv,2000-2010 intercensal
2004,GA,13,8769252,https://www2.census.gov/programs-surveys/popest/datasets/2000-2010/intercensal/state/st-est00int-alldata.csv,2000-2010 intercensal
2004,HI,15,1273569,https://www2.census.gov/programs-surveys/popest/datasets/2000-2010/intercensal/state/st-est00int-alldata.csv,2000-2010 intercensal
2004,ID,16,1391802,https://www2.census.gov/programs-surveys/popest/datasets/2000-2010/intercensal/state/st-est00int-alldata.csv,2000-2010 intercensal
2004,IL,17,12589773,https://www2.census.gov/programs-surveys/popest/datasets/2000-2010/intercensal/state/st-est00int-alldata.csv,2000-2010 intercensal
2004,IN,18,6233007,https://www2.census.gov/programs-surveys/popest/datasets/2000-2010/intercensal/state/st-est00int-alldata.csv,2000-2010 intercensal
2004,IA,19,2953635,https://www2.census.gov/programs-surveys/popest/datasets/2000-2010/intercensal/state/st-est00int-alldata.csv,2000-2010 intercensal
2004,KS,20,2734373,https://www2.census.gov/programs-surveys/popest/datasets/2000-2010/intercensal/state/st-est00int-alldata.csv,2000-2010 intercensal
2004,KY,21,4146101,https://www2.census.gov/programs-surveys/popest/datasets/2000-2010/intercensal/state/st-est00int-alldata.csv,2000-2010 intercensal
2004,LA,22,4552238,https://www2.census.gov/programs-surveys/popest/datasets/2000-2010/intercensal/state/st-est00int-alldata.csv,2000-2010 intercensal
2004,ME,23,1313688,https://www2.census.gov/programs-surveys/popest/datasets/2000-2010/intercensal/state/st-est00int-alldata.csv,2000-2010 intercensal
2004,MD,24,5546935,https://www2.census.gov/programs-surveys/popest/datasets/2000-2010/intercensal/state/st-est00int-alldata.csv,2000-2010 intercensal
2004,MA,25,6412281,https://www2.census.gov/programs-surveys/popest/datasets/2000-2010/intercensal/state/st-est00int-alldata.csv,2000-2010 intercensal
2004,MI,26,10055315,https://www2.census.gov/programs-surveys/popest/datasets/2000-2010/intercensal/state/st-est00int-alldata.csv,2000-2010 intercensal
2004,MN,27,5087713,https://www2.census.gov/programs-surveys/popest/datasets/2000-2010/intercensal/state/st-est00int-alldata.csv,2000-2010 intercensal
2004,MS,28,2889010,https://www2.census.gov/programs-surveys/popest/datasets/2000-2010/intercensal/state/st-est00int-alldata.csv,2000-2010 intercensal
2004,MO,29,5747741,https://www2.census.gov/programs-surveys/popest/datasets/2000-2010/intercensal/state/st-est00int-alldata.csv,2000-2010 intercensal
2004,MT,30,930009,https://www2.census.gov/programs-surveys/popest/datasets/2000-2010/intercensal/state/st-est00int-alldata.csv,2000-2010 intercensal
2004,NE,31,1749370,https://www2.census.gov/programs-surveys/popest/datasets/2000-2010/intercensal/state/st-est00int-alldata.csv,2000-2010 intercensal
2004,NV,32,2346222,https://www2.census.gov/programs-surveys/popest/datasets/2000-2010/intercensal/state/st-est00int-alldata.csv,2000-2010 intercensal
2004,NH,33,1290121,https://www2.census.gov/programs-surveys/popest/datasets/2000-2010/intercensal/state/st-est00int-alldata.csv,2000-2010 intercensal
2004,NJ,34,8634561,https://www2.census.gov/programs-surveys/popest/datasets/2000-2010/intercensal/state/st-est00int-alldata.csv,2000-2010 intercensal
2004,NM,35,1903808,https://www2.census.gov/programs-surveys/popest/datasets/2000-2010/intercensal/state/st-est00int-alldata.csv,2000-2010 intercensal
2004,NY,36,19171567,https://www2.census.gov/programs-surveys/popest/datasets/2000-2010/intercensal/state/st-est00int-alldata.csv,2000-2010 intercensal
2004,NC,37,8553152,https://www2.census.gov/programs-surveys/popest/datasets/2000-2010/intercensal/state/st-est00int-alldata.csv,2000-2010 intercensal
2004,ND,38,644705,https://www2.census.gov/programs-surveys/popest/datasets/2000-2010/intercensal/state/st-est00int-alldata.csv,2000-2010 intercensal
2004,OH,39,11452251,https://www2.census.gov/programs-surveys/popest/datasets/2000-2010/intercensal/state/st-est00int-alldata.csv,2000-2010 intercensal
2004,OK,40,3525233,https://www2.census.gov/programs-surveys/popest/datasets/2000-2010/intercensal/state/st-est00int-alldata.csv,2000-2010 intercensal
2004,OR,41,3569463,https://www2.census.gov/programs-surveys/popest/datasets/2000-2010/intercensal/state/st-est00int-alldata.csv,2000-2010 intercensal
2004,PA,42,12410722,https://www2.census.gov/programs-surveys/popest/datasets/2000-2010/intercensal/state/st-est00int-alldata.csv,2000-2010 intercensal
2004,RI,44,1074579,https://www2.census.gov/programs-surveys/popest/datasets/2000-2010/intercensal/state/st-est00int-alldata.csv,2000-2010 intercensal
2004,SC,45,4210921,https://www2.census.gov/programs-surveys/popest/datasets/2000-2010/intercensal/state/st-est00int-alldata.csv,2000-2010 intercensal
2004,SD,46,770396,https://www2.census.gov/programs-surveys/popest/datasets/2000-2010/intercensal/state/st-est00int-alldata.csv,2000-2010 intercensal
2004,TN,47,5910809,https://www2.census.gov/programs-surveys/popest/datasets/2000-2010/intercensal/state/st-est00int-alldata.csv,2000-2010 intercensal
2004,TX,48,22394023,https://www2.census.gov/programs-surveys/popest/datasets/2000-2010/intercensal/state/st-est00int-alldata.csv,2000-2010 intercensal
2004,UT,49,2401580,https://www2.census.gov/programs-surveys/popest/datasets/2000-2010/intercensal/state/st-est00int-alldata.csv,2000-2010 intercensal
2004,VT,50,619920,https://www2.census.gov/programs-surveys/popest/datasets/2000-2010/intercensal/state/st-est00int-alldata.csv,2000-2010 intercensal
2004,VA,51,7475575,https://www2.census.gov/programs-surveys/popest/datasets/2000-2010/intercensal/state/st-est00int-alldata.csv,2000-2010 intercensal
2004,WA,53,6178645,https://www2.census.gov/programs-surveys/popest/datasets/2000-2010/intercensal/state/st-est00int-alldata.csv,2000-2010 intercensal
2004,WV,54,1816438,https://www2.census.gov/programs-surveys/popest/datasets/2000-2010/intercensal/state/st-est00int-alldata.csv,2000-2010 intercensal
2004,WI,55,5514026,https://www2.census.gov/programs-surveys/popest/datasets/2000-2010/intercensal/state/st-est00int-alldata.csv,2000-2010 intercensal
2004,WY,56,509106,https://www2.census.gov/programs-surveys/popest/datasets/2000-2010/intercensal/state/st-est00int-alldata.csv,2000-2010 intercensal
2005,AL,01,4569805,https://www2.census.gov/programs-surveys/popest/datasets/2000-2010/intercensal/state/st-est00int-alldata.csv,2000-2010 intercensal
2005,AK,02,666946,https://www2.census.gov/programs-surveys/popest/datasets/2000-2010/intercensal/state/st-est00int-alldata.csv,2000-2010 intercensal
2005,AZ,04,5839077,https://www2.census.gov/programs-surveys/popest/datasets/2000-2010/intercensal/state/st-est00int-alldata.csv,2000-2010 intercensal
2005,AR,05,2781097,https://www2.census.gov/programs-surveys/popest/datasets/2000-2010/intercensal/state/st-est00int-alldata.csv,2000-2010 intercensal
2005,CA,06,35827943,https://www2.census.gov/programs-surveys/popest/datasets/2000-2010/intercensal/state/st-est00int-alldata.csv,2000-2010 intercensal
2005,CO,08,4631888,https://www2.census.gov/programs-surveys/popest/datasets/2000-2010/intercensal/state/st-est00int-alldata.csv,2000-2010 intercensal
2005,CT,09,3506956,https://www2.census.gov/programs-surveys/popest/datasets/2000-2010/intercensal/state/st-est00int-alldata.csv,2000-2010 intercensal
2005,DE,10,845150,https://www2.census.gov/programs-surveys/popest/datasets/2000-2010/intercensal/state/st-est00int-alldata.csv,2000-2010 intercensal
2005,DC,11,567136,https://www2.census.gov/programs-surveys/popest/datasets/2000-2010/intercensal/state/st-est00int-alldata.csv,2000-2010 intercensal
2005,FL,12,17842038,https://www2.census.gov/programs-surveys/popest/datasets/2000-2010/intercensal/state/st-est00int-alldata.csv,2000-2010 intercensal
2005,GA,13,8925922,https://www2.census.gov/programs-surveys/popest/datasets/2000-2010/intercensal/state/st-est00int-alldata.csv,2000-2010 intercensal
2005,HI,15,1292729,https://www2.census.gov/programs-surveys/popest/datasets/2000-2010/intercensal/state/st-est00int-alldata.csv,2000-2010 intercensal
2005,ID,16,1428241,https://www2.census.gov/programs-surveys/popest/datasets/2000-2010/intercensal/state/st-est00int-alldata.csv,2000-2010 intercensal
2005,IL,17,12609903,https://www2.census.gov/programs-surveys/popest/datasets/2000-2010/intercensal/state/st-est00int-alldata.csv,2000-2010 intercensal
2005,IN,18,6278616,https://www2.census.gov/programs-surveys/popest/datasets/2000-2010/intercensal/state/st-est00int-alldata.csv,2000-2010 intercensal
2005,IA,19,2964454,https://www2.census.gov/programs-surveys/popest/datasets/2000-2010/intercensal/state/st-est00int-alldata.csv,2000-2010 intercensal
2005,KS,20,2745299,https://www2.census.gov/programs-surveys/popest/datasets/2000-2010/intercensal/state/st-est00int-alldata.csv,2000-2010 intercensal
2005,KY,21,4182742,https://www2.census.gov/programs-surveys/popest/datasets/2000-2010/intercensal/state/st-est00int-alldata.csv,2000-2010 intercensal
2005,LA,22,4576628,https://www2.census.gov/programs-surveys/popest/datasets/2000-2010/intercensal/state/st-est00int-alldata.csv,2000-2010 intercensal
2005,ME,23,1318787,https://www2.census.gov/programs-surveys/popest/datasets/2000-2010/intercensal/state/st-est00int-alldata.csv,2000-2010 intercensal
2005,MD,24,5592379,https://www2.census.gov/programs-surveys/popest/datasets/2000-2010/intercensal/state/st-est00int-alldata.csv,2000-2010 intercensal
2005,MA,25,6403290,https://www2.census.gov/programs-surveys/popest/datasets/2000-2010/intercensal/state/st-est00int-alldata.csv,2000-2010 intercensal
2005,MI,26,10051137,https://www2.census.gov/programs-surveys/popest/datasets/2000-2010/intercensal/state/st-est00int-alldata.csv,2000-2010 intercensal
2005,MN,27,5119598,https://www2.census.gov/programs-surveys/popest/datasets/2000-2010/intercensal/state/st-est00int-alldata.csv,2000-2010 intercensal
2005,MS,28,2905943,https://www2.census.gov/programs-surveys/popest/datasets/2000-2010/intercensal/state/st-est00int-alldata.csv,2000-2010 intercensal
2005,MO,29,5790300,https://www2.census.gov/programs-surveys/popest/datasets/2000-2010/intercensal/state/st-est00int-alldata.csv,2000-2010 intercensal
2005,MT,30,940102,https://www2.census.gov/programs-surveys/popest/datasets/2000-2010/intercensal/state/st-est00int-alldata.csv,2000-2010 intercensal
2005,NE,31,1761497,https://www2.census.gov/programs-surveys/popest/datasets/2000-2010/intercensal/state/st-est00int-alldata.csv,2000-2010 intercensal
2005,NV,32,2432143,https://www2.census.gov/programs-surveys/popest/datasets/2000-2010/intercensal/state/st-est00int-alldata.csv,2000-2010 intercensal
2005,NH,33,1298492,https://www2.census.gov/programs-surveys/popest/datasets/2000-2010/intercensal/state/st-est00int-alldata.csv,2000-2010 intercensal
2005,NJ,34,8651974,https://www2.census.gov/programs-surveys/popest/datasets/2000-2010/intercensal/state/st-est00int-alldata.csv,2000-2010 intercensal
2005,NM,35,1932274,https://www2.census.gov/programs-surveys/popest/datasets/2000-2010/intercensal/state/st-est00int-alldata.csv,2000-2010 intercensal
2005,NY,36,19132610,https://www2.census.gov/programs-surveys/popest/datasets/2000-2010/intercensal/state/st-est00int-alldata.csv,2000-2010 intercensal
2005,NC,37,8705407,https://www2.census.gov/programs-surveys/popest/datasets/2000-2010/intercensal/state/st-est00int-alldata.csv,2000-2010 intercensal
2005,ND,38,646089,https://www2.census.gov/programs-surveys/popest/datasets/2000-2010/intercensal/state/st-est00int-alldata.csv,2000-2010 intercensal
2005,OH,39,11463320,https://www2.census.gov/programs-surveys/popest/datasets/2000-2010/intercensal/state/st-est00int-alldata.csv,2000-2010 intercensal
2005,OK,40,3548597,https://www2.census.gov/programs-surveys/popest/datasets/2000-2010/intercensal/state/st-est00int-alldata.csv,2000-2010 intercensal
2005,OR,41,3613202,https://www2.census.gov/programs-surveys/popest/datasets/2000-2010/intercensal/state/st-est00int-alldata.csv,2000-2010 intercensal
2005,PA,42,12449990,https://www2.census.gov/programs-surveys/popest/datasets/2000-2010/intercensal/state/st-est00int-alldata.csv,2000-2010 intercensal
2005,RI,44,1067916,https://www2.census.gov/programs-surveys/popest/datasets/2000-2010/intercensal/state/st-est00int-alldata.csv,2000-2010 intercensal
2005,SC,45,4270150,https://www2.census.gov/programs-surveys/popest/datasets/2000-2010/intercensal/state/st-est00int-alldata.csv,2000-2010 intercensal
2005,SD,46,775493,https://www2.census.gov/programs-surveys/popest/datasets/2000-2010/intercensal/state/st-est00int-alldata.csv,2000-2010 intercensal
2005,TN,47,5991057,https://www2.census.gov/programs-surveys/popest/datasets/2000-2010/intercensal/state/st-est00int-alldata.csv,2000-2010 intercensal
2005,TX,48,22778123,https://www2.census.gov/programs-surveys/popest/datasets/2000-2010/intercensal/state/st-est00int-alldata.csv,2000-2010 intercensal
2005,UT,49,2457719,https://www2.census.gov/programs-surveys/popest/datasets/2000-2010/intercensal/state/st-est00int-alldata.csv,2000-2010 intercensal
2005,VT,50,621215,https://www2.census.gov/programs-surveys/popest/datasets/2000-2010/intercensal/state/st-est00int-alldata.csv,2000-2010 intercensal
2005,VA,51,7577105,https://www2.census.gov/programs-surveys/popest/datasets/2000-2010/intercensal/state/st-est00int-alldata.csv,2000-2010 intercensal
2005,WA,53,6257305,https://www2.census.gov/programs-surveys/popest/datasets/2000-2010/intercensal/state/st-est00int-alldata.csv,2000-2010 intercensal
2005,WV,54,1820492,https://www2.census.gov/programs-surveys/popest/datasets/2000-2010/intercensal/state/st-est00int-alldata.csv,2000-2010 intercensal
2005,WI,55,5546166,https://www2.census.gov/programs-surveys/popest/datasets/2000-2010/intercensal/state/st-est00int-alldata.csv,2000-2010 intercensal
2005,WY,56,514157,https://www2.census.gov/programs-surveys/popest/datasets/2000-2010/intercensal/state/st-est00int-alldata.csv,2000-2010 intercensal
2006,AL,01,4628981,https://www2.census.gov/programs-surveys/popest/datasets/2000-2010/intercensal/state/st-est00int-alldata.csv,2000-2010 intercensal
2006,AK,02,675302,https://www2.census.gov/programs-surveys/popest/datasets/2000-2010/intercensal/state/st-est00int-alldata.csv,2000-2010 intercensal
2006,AZ,04,6029141,https://www2.census.gov/programs-surveys/popest/datasets/2000-2010/intercensal/state/st-est00int-alldata.csv,2000-2010 intercensal
2006,AR,05,2821761,https://www2.census.gov/programs-surveys/popest/datasets/2000-2010/intercensal/state/st-est00int-alldata.csv,2000-2010 intercensal
2006,CA,06,36021202,https://www2.census.gov/programs-surveys/popest/datasets/2000-2010/intercensal/state/st-est00int-alldata.csv,2000-2010 intercensal
2006,CO,08,4720423,https://www2.census.gov/programs-surveys/popest/datasets/2000-2010/intercensal/state/st-est00int-alldata.csv,2000-2010 intercensal
2006,CT,09,3517460,https://www2.census.gov/programs-surveys/popest/datasets/2000-2010/intercensal/state/st-est00int-alldata.csv,2000-2010 intercensal
2006,DE,10,859268,https://www2.census.gov/programs-surveys/popest/datasets/2000-2010/intercensal/state/st-est00int-alldata.csv,2000-2010 intercensal
2006,DC,11,570681,https://www2.census.gov/programs-surveys/popest/datasets/2000-2010/intercensal/state/st-est00int-alldata.csv,2000-2010 intercensal
2006,FL,12,18166990,https://www2.census.gov/programs-surveys/popest/datasets/2000-2010/intercensal/state/st-est00int-alldata.csv,2000-2010 intercensal
2006,GA,13,9155813,https://www2.census.gov/programs-surveys/popest/datasets/2000-2010/intercensal/state/st-est00int-alldata.csv,2000-2010 intercensal
2006,HI,15,1309731,https://www2.census.gov/programs-surveys/popest/datasets/2000-2010/intercensal/state/st-est00int-alldata.csv,2000-2010 intercensal
2006,ID,16,1468669,https://www2.census.gov/programs-surveys/popest/datasets/2000-2010/intercensal/state/st-est00int-alldata.csv,2000-2010 intercensal
2006,IL,17,12643955,https://www2.census.gov/programs-surveys/popest/datasets/2000-2010/intercensal/state/st-est00int-alldata.csv,2000-2010 intercensal
2006,IN,18,6332669,https://www2.census.gov/programs-surveys/popest/datasets/2000-2010/intercensal/state/st-est00int-alldata.csv,2000-2010 intercensal
2006,IA,19,2982644,https://www2.census.gov/programs-surveys/popest/datasets/2000-2010/intercensal/state/st-est00int-alldata.csv,2000-2010 intercensal
2006,KS,20,2762931,https://www2.census.gov/programs-surveys/popest/datasets/2000-2010/intercensal/state/st-est00int-alldata.csv,2000-2010 intercensal
2006,KY,21,4219239,https://www2.census.gov/programs-surveys/popest/datasets/2000-2010/intercensal/state/st-est00int-alldata.csv,2000-2010 intercensal
2006,LA,22,4302665,https://www2.census.gov/programs-surveys/popest/datasets/2000-2010/intercensal/state/st-est00int-alldata.csv,2000-2010 intercensal
2006,ME,23,1323619,https://www2.census.gov/programs-surveys/popest/datasets/2000-2010/intercensal/state/st-est00int-alldata.csv,2000-2010 intercensal
2006,MD,24,5627367,https://www2.census.gov/programs-surveys/popest/datasets/2000-2010/intercensal/state/st-est00int-alldata.csv,2000-2010 intercensal
2006,MA,25,6410084,https://www2.census.gov/programs-surveys/popest/datasets/2000-2010/intercensal/state/st-est00int-alldata.csv,2000-2010 intercensal
2006,MI,26,10036081,https://www2.census.gov/programs-surveys/popest/datasets/2000-2010/intercensal/state/st-est00int-alldata.csv,2000-2010 intercensal
2006,MN,27,5163555,https://www2.census.gov/programs-surveys/popest/datasets/2000-2010/intercensal/state/st-est00int-alldata.csv,2000-2010 intercensal
2006,MS,28,2904978,https://www2.census.gov/programs-surveys/popest/datasets/2000-2010/intercensal/state/st-est00int-alldata.csv,2000-2010 intercensal
2006,MO,29,5842704,https://www2.census.gov/programs-surveys/popest/datasets/2000-2010/intercensal/state/st-est00int-alldata.csv,2000-2010 intercensal
2006,MT,30,952692,https://www2.census.gov/programs-surveys/popest/datasets/2000-2010/intercensal/state/st-est00int-alldata.csv,2000-2010 intercensal
2006,NE,31,1772693,https://www2.census.gov/programs-surveys/popest/datasets/2000-2010/intercensal/state/st-est00int-alldata.csv,2000-2010 intercensal
2006,NV,32,2522658,https://www2.census.gov/programs-surveys/popest/datasets/2000-2010/intercensal/state/st-est00int-alldata.csv,2000-2010 intercensal
2006,NH,33,1308389,https://www2.census.gov/programs-surveys/popest/datasets/2000-2010/intercensal/state/st-est00int-alldata.csv,2000-2010 intercensal
2006,NJ,34,8661679,https://www2.census.gov/programs-surveys/popest/datasets/2000-2010/intercensal/state/st-est00int-alldata.csv,2000-2010 intercensal
2006,NM,35,1962137,https://www2.census.gov/programs-surveys/popest/datasets/2000-2010/intercensal/state/st-est00int-alldata.csv,2000-2010 intercensal
2006,NY,36,19104631,https://www2.census.gov/programs-surveys/popest/datasets/2000-2010/intercensal/state/st-est00int-alldata.csv,2000-2010 intercensal
2006,NC,37,8917270,https://www2.census.gov/programs-surveys/popest/datasets/2000-2010/intercensal/state/st-est00int-alldata.csv,2000-2010 intercensal
2006,ND,38,649422,https://www2.census.gov/programs-surveys/popest/datasets/2000-2010/intercensal/state/st-est00int-alldata.csv,2000-2010 intercensal
2006,OH,39,11481213,https://www2.census.gov/programs-surveys/popest/datasets/2000-2010/intercensal/state/st-est00int-alldata.csv,2000-2010 intercensal
2006,OK,40,3594090,https://www2.census.gov/programs-surveys/popest/datasets/2000-2010/intercensal/state/st-est00int-alldata.csv,2000-2010 intercensal
2006,OR,41,3670883,https://www2.census.gov/programs-surveys/popest/datasets/2000-2010/intercensal/state/st-est00int-alldata.csv,2000-2010 intercensal
2006,PA,42,12510809,https://www2.census.gov/programs-surveys/popest/datasets/2000-2010/intercensal/state/st-est00int-alldata.csv,2000-2010 intercensal
2006,RI,44,1063096,https://www2.census.gov/programs-surveys/popest/datasets/2000-2010/intercensal/state/st-est00int-alldata.csv,2000-2010 intercensal
2006,SC,45,4357847,https://www2.census.gov/programs-surveys/popest/datasets/2000-2010/intercensal/state/st-est00int-alldata.csv,2000-2010 intercensal
2006,SD,46,783033,https://www2.census.gov/programs-surveys/popest/datasets/2000-2010/intercensal/state/st-est00int-alldata.csv,2000-2010 intercensal
2006,TN,47,6088766,https://www2.census.gov/programs-surveys/popest/datasets/2000-2010/intercensal/state/st-est00int-alldata.csv,2000-2010 intercensal
2006,TX,48,23359580,https://www2.census.gov/programs-surveys/popest/datasets/2000-2010/intercensal/state/st-est00int-alldata.csv,2000-2010 intercensal
2006,UT,49,2525507,https://www2.census.gov/programs-surveys/popest/datasets/2000-2010/intercensal/state/st-est00int-alldata.csv,2000-2010 intercensal
2006,VT,50,622892,https://www2.census.gov/programs-surveys/popest/datasets/2000-2010/intercensal/state/st-est00int-alldata.csv,2000-2010 intercensal
2006,VA,51,7673725,https://www2.census.gov/programs-surveys/popest/datasets/2000-2010/intercensal/state/st-est00int-alldata.csv,2000-2010 intercensal
2006,WA,53,6370753,https://www2.census.gov/programs-surveys/popest/datasets/2000-2010/intercensal/state/st-est00int-alldata.csv,2000-2010 intercensal
2006,WV,54,1827912,https://www2.census.gov/programs-surveys/popest/datasets/2000-2010/intercensal/state/st-est00int-alldata.csv,2000-2010 intercensal
2006,WI,55,5577655,https://www2.census.gov/programs-surveys/popest/datasets/2000-2010/intercensal/state/st-est00int-alldata.csv,2000-2010 intercensal
2006,WY,56,522667,https://www2.census.gov/programs-surveys/popest/datasets/2000-2010/intercensal/state/st-est00int-alldata.csv,2000-2010 intercensal
2007,AL,01,4672840,https://www2.census.gov/programs-surveys/popest/datasets/2000-2010/intercensal/state/st-est00int-alldata.csv,2000-2010 intercensal
2007,AK,02,680300,https://www2.census.gov/programs-surveys/popest/datasets/2000-2010/intercensal/state/st-est00int-alldata.csv,2000-2010 intercensal
2007,AZ,04,6167681,https://www2.census.gov/programs-surveys/popest/datasets/2000-2010/intercensal/state/st-est00int-alldata.csv,2000-2010 intercensal
2007,AR,05,2848650,https://www2.census.gov/programs-surveys/popest/datasets/2000-2010/intercensal/state/st-est00int-alldata.csv,2000-2010 intercensal
2007,CA,06,36250311,https://www2.census.gov/programs-surveys/popest/datasets/2000-2010/intercensal/state/st-est00int-alldata.csv,2000-2010 intercensal
2007,CO,08,4803868,https://www2.census.gov/programs-surveys/popest/datasets/2000-2010/intercensal/state/st-est00int-alldata.csv,2000-2010 intercensal
2007,CT,09,3527270,https://www2.census.gov/programs-surveys/popest/datasets/2000-2010/intercensal/state/st-est00int-alldata.csv,2000-2010 intercensal
2007,DE,10,871749,https://www2.census.gov/programs-surveys/popest/datasets/2000-2010/intercensal/state/st-est00int-alldata.csv,2000-2010 intercensal
2007,DC,11,574404,https://www2.census.gov/programs-surveys/popest/datasets/2000-2010/intercensal/state/st-est00int-alldata.csv,2000-2010 intercensal
2007,FL,12,18367842,https://www2.census.gov/programs-surveys/popest/datasets/2000-2010/intercensal/state/st-est00int-alldata.csv,2000-2010 intercensal
2007,GA,13,9349988,https://www2.census.gov/programs-surveys/popest/datasets/2000-2010/intercensal/state/st-est00int-alldata.csv,2000-2010 intercensal
2007,HI,15,1315675,https://www2.census.gov/programs-surveys/popest/datasets/2000-2010/intercensal/state/st-est00int-alldata.csv,2000-2010 intercensal
2007,ID,16,1505105,https://www2.census.gov/programs-surveys/popest/datasets/2000-2010/intercensal/state/st-est00int-alldata.csv,2000-2010 intercensal
2007,IL,17,12695866,https://www2.census.gov/programs-surveys/popest/datasets/2000-2010/intercensal/state/st-est00int-alldata.csv,2000-2010 intercensal
2007,IN,18,6379599,https://www2.census.gov/programs-surveys/popest/datasets/2000-2010/intercensal/state/st-est00int-alldata.csv,2000-2010 intercensal
2007,IA,19,2999212,https://www2.census.gov/programs-surveys/popest/datasets/2000-2010/intercensal/state/st-est00int-alldata.csv,2000-2010 intercensal
2007,KS,20,2783785,https://www2.census.gov/programs-surveys/popest/datasets/2000-2010/intercensal/state/st-est00int-alldata.csv,2000-2010 intercensal
2007,KY,21,4256672,https://www2.census.gov/programs-surveys/popest/datasets/2000-2010/intercensal/state/st-est00int-alldata.csv,2000-2010 intercensal
2007,LA,22,4375581,https://www2.census.gov/programs-surveys/popest/datasets/2000-2010/intercensal/state/st-est00int-alldata.csv,2000-2010 intercensal
2007,ME,23,1327040,https://www2.census.gov/programs-surveys/popest/datasets/2000-2010/intercensal/state/st-est00int-alldata.csv,2000-2010 intercensal
2007,MD,24,5653408,https://www2.census.gov/programs-surveys/popest/datasets/2000-2010/intercensal/state/st-est00int-alldata.csv,2000-2010 intercensal
2007,MA,25,6431559,https://www2.census.gov/programs-surveys/popest/datasets/2000-2010/intercensal/state/st-est00int-alldata.csv,2000-2010 intercensal
2007,MI,26,10001284,https://www2.census.gov/programs-surveys/popest/datasets/2000-2010/intercensal/state/st-est00int-alldata.csv,2000-2010 intercensal
2007,MN,27,5207203,https://www2.census.gov/programs-surveys/popest/datasets/2000-2010/intercensal/state/st-est00int-alldata.csv,2000-2010 intercensal
2007,MS,28,2928350,https://www2.census.gov/programs-surveys/popest/datasets/2000-2010/intercensal/state/st-est00int-alldata.csv,2000-2010 intercensal
2007,MO,29,5887612,https://www2.census.gov/programs-surveys/popest/datasets/2000-2010/intercensal/state/st-est00int-alldata.csv,2000-2010 intercensal
2007,MT,30,964706,https://www2.census.gov/programs-surveys/popest/datasets/2000-2010/intercensal/state/st-est00int-alldata.csv,2000-2010 intercensal
2007,NE,31,1783440,https://www2.census.gov/programs-surveys/popest/datasets/2000-2010/intercensal/state/st-est00int-alldata.csv,2000-2010 intercensal
2007,NV,32,2601072,https://www2.census.gov/programs-surveys/popest/datasets/2000-2010/intercensal/state/st-est00int-alldata.csv,2000-2010 intercensal
2007,NH,33,1312540,https://www2.census.gov/programs-surveys/popest/datasets/2000-2010/intercensal/state/st-est00int-alldata.csv,2000-2010 intercensal
2007,NJ,34,8677885,https://www2.census.gov/programs-surveys/popest/datasets/2000-2010/intercensal/state/st-est00int-alldata.csv,2000-2010 intercensal
2007,NM,35,1990070,https://www2.census.gov/programs-surveys/popest/datasets/2000-2010/intercensal/state/st-est00int-alldata.csv,2000-2010 intercensal
2007,NY,36,19132335,https://www2.census.gov/programs-surveys/popest/datasets/2000-2010/intercensal/state/st-est00int-alldata.csv,2000-2010 intercensal
2007,NC,37,9118037,https://www2.census.gov/programs-surveys/popest/datasets/2000-2010/intercensal/state/st-est00int-alldata.csv,2000-2010 intercensal
2007,ND,38,652822,https://www2.census.gov/programs-surveys/popest/datasets/2000-2010/intercensal/state/st-est00int-alldata.csv,2000-2010 intercensal
2007,OH,39,11500468,https://www2.census.gov/programs-surveys/popest/datasets/2000-2010/intercensal/state/st-est00int-alldata.csv,2000-2010 intercensal
2007,OK,40,3634349,https://www2.census.gov/programs-surveys/popest/datasets/2000-2010/intercensal/state/st-est00int-alldata.csv,2000-2010 intercensal
2007,OR,41,3722417,https://www2.census.gov/programs-surveys/popest/datasets/2000-2010/intercensal/state/st-est00int-alldata.csv,2000-2010 intercensal
2007,PA,42,12563937,https://www2.census.gov/programs-surveys/popest/datasets/2000-2010/intercensal/state/st-est00int-alldata.csv,2000-2010 intercensal
2007,RI,44,1057315,https://www2.census.gov/programs-surveys/popest/datasets/2000-2010/intercensal/state/st-est00int-alldata.csv,2000-2010 intercensal
2007,SC,45,4444110,https://www2.census.gov/programs-surveys/popest/datasets/2000-2010/intercensal/state/st-est00int-alldata.csv,2000-2010 intercensal
2007,SD,46,791623,https://www2.census.gov/programs-surveys/popest/datasets/2000-2010/intercensal/state/st-est00int-alldata.csv,2000-2010 intercensal
2007,TN,47,6175727,https://www2.census.gov/programs-surveys/popest/datasets/2000-2010/intercensal/state/st-est00int-alldata.csv,2000-2010 intercensal
2007,TX,48,23831983,https://www2.census.gov/programs-surveys/popest/datasets/2000-2010/intercensal/state/st-est00int-alldata.csv,2000-2010 intercensal
2007,UT,49,2597746,https://www2.census.gov/programs-surveys/popest/datasets/2000-2010/intercensal/state/st-est00int-alldata.csv,2000-2010 intercensal
2007,VT,50,623481,https://www2.census.gov/programs-surveys/popest/datasets/2000-2010/intercensal/state/st-est00int-alldata.csv,2000-2010 intercensal
2007,VA,51,7751000,https://www2.census.gov/programs-surveys/popest/datasets/2000-2010/intercensal/state/st-est00int-alldata.csv,2000-2010 intercensal
2007,WA,53,6461587,https://www2.census.gov/programs-surveys/popest/datasets/2000-2010/intercensal/state/st-est00int-alldata.csv,2000-2010 intercensal
2007,WV,54,1834052,https://www2.census.gov/programs-surveys/popest/datasets/2000-2010/intercensal/state/st-est00int-alldata.csv,2000-2010 intercensal
2007,WI,55,5610775,https://www2.census.gov/programs-surveys/popest/datasets/2000-2010/intercensal/state/st-est00int-alldata.csv,2000-2010 intercensal
2007,WY,56,534876,https://www2.census.gov/programs-surveys/popest/datasets/2000-2010/intercensal/state/st-est00int-alldata.csv,2000-2010 intercensal
2008,AL,01,4718206,https://www2.census.gov/programs-surveys/popest/datasets/2000-2010/intercensal/state/st-est00int-alldata.csv,2000-2010 intercensal
2008,AK,02,687455,https://www2.census.gov/programs-surveys/popest/datasets/2000-2010/intercensal/state/st-est00int-alldata.csv,2000-2010 intercensal
2008,AZ,04,6280362,https://www2.census.gov/programs-surveys/popest/datasets/2000-2010/intercensal/state/st-est00int-alldata.csv,2000-2010 intercensal
2008,AR,05,2874554,https://www2.census.gov/programs-surveys/popest/datasets/2000-2010/intercensal/state/st-est00int-alldata.csv,2000-2010 intercensal
2008,CA,06,36604337,https://www2.census.gov/programs-surveys/popest/datasets/2000-2010/intercensal/state/st-est00int-alldata.csv,2000-2010 intercensal
2008,CO,08,4889730,https://www2.census.gov/programs-surveys/popest/datasets/2000-2010/intercensal/state/st-est00int-alldata.csv,2000-2010 intercensal
2008,CT,09,3545579,https://www2.census.gov/programs-surveys/popest/datasets/2000-2010/intercensal/state/st-est00int-alldata.csv,2000-2010 intercensal
2008,DE,10,883874,https://www2.census.gov/programs-surveys/popest/datasets/2000-2010/intercensal/state/st-est00int-alldata.csv,2000-2010 intercensal
2008,DC,11,580236,https://www2.census.gov/programs-surveys/popest/datasets/2000-2010/intercensal/state/st-est00int-alldata.csv,2000-2010 intercensal
2008,FL,12,18527305,https://www2.census.gov/programs-surveys/popest/datasets/2000-2010/intercensal/state/st-est00int-alldata.csv,2000-2010 intercensal
2008,GA,13,9504843,https://www2.census.gov/programs-surveys/popest/datasets/2000-2010/intercensal/state/st-est00int-alldata.csv,2000-2010 intercensal
2008,HI,15,1332213,https://www2.census.gov/programs-surveys/popest/datasets/2000-2010/intercensal/state/st-est00int-alldata.csv,2000-2010 intercensal
2008,ID,16,1534320,https://www2.census.gov/programs-surveys/popest/datasets/2000-2010/intercensal/state/st-est00int-alldata.csv,2000-2010 intercensal
2008,IL,17,12747038,https://www2.census.gov/programs-surveys/popest/datasets/2000-2010/intercensal/state/st-est00int-alldata.csv,2000-2010 intercensal
2008,IN,18,6424806,https://www2.census.gov/programs-surveys/popest/datasets/2000-2010/intercensal/state/st-est00int-alldata.csv,2000-2010 intercensal
2008,IA,19,3016734,https://www2.census.gov/programs-surveys/popest/datasets/2000-2010/intercensal/state/st-est00int-alldata.csv,2000-2010 intercensal
2008,KS,20,2808076,https://www2.census.gov/programs-surveys/popest/datasets/2000-2010/intercensal/state/st-est00int-alldata.csv,2000-2010 intercensal
2008,KY,21,4289878,https://www2.census.gov/programs-surveys/popest/datasets/2000-2010/intercensal/state/st-est00int-alldata.csv,2000-2010 intercensal
2008,LA,22,4435586,https://www2.census.gov/programs-surveys/popest/datasets/2000-2010/intercensal/state/st-est00int-alldata.csv,2000-2010 intercensal
2008,ME,23,1330509,https://www2.census.gov/programs-surveys/popest/datasets/2000-2010/intercensal/state/st-est00int-alldata.csv,2000-2010 intercensal
2008,MD,24,5684965,https://www2.census.gov/programs-surveys/popest/datasets/2000-2010/intercensal/state/st-est00int-alldata.csv,2000-2010 intercensal
2008,MA,25,6468967,https://www2.census.gov/programs-surveys/popest/datasets/2000-2010/intercensal/state/st-est00int-alldata.csv,2000-2010 intercensal
2008,MI,26,9946889,https://www2.census.gov/programs-surveys/popest/datasets/2000-2010/intercensal/state/st-est00int-alldata.csv,2000-2010 intercensal
2008,MN,27,5247018,https://www2.census.gov/programs-surveys/popest/datasets/2000-2010/intercensal/state/st-est00int-alldata.csv,2000-2010 intercensal
2008,MS,28,2947806,https://www2.census.gov/programs-surveys/popest/datasets/2000-2010/intercensal/state/st-est00int-alldata.csv,2000-2010 intercensal
2008,MO,29,5923916,https://www2.census.gov/programs-surveys/popest/datasets/2000-2010/intercensal/state/st-est00int-alldata.csv,2000-2010 intercensal
2008,MT,30,976415,https://www2.census.gov/programs-surveys/popest/datasets/2000-2010/intercensal/state/st-est00int-alldata.csv,2000-2010 intercensal
2008,NE,31,1796378,https://www2.census.gov/programs-surveys/popest/datasets/2000-2010/intercensal/state/st-est00int-alldata.csv,2000-2010 intercensal
2008,NV,32,2653630,https://www2.census.gov/programs-surveys/popest/datasets/2000-2010/intercensal/state/st-est00int-alldata.csv,2000-2010 intercensal
2008,NH,33,1315906,https://www2.census.gov/programs-surveys/popest/datasets/2000-2010/intercensal/state/st-est00int-alldata.csv,2000-2010 intercensal
2008,NJ,34,8711090,https://www2.census.gov/programs-surveys/popest/datasets/2000-2010/intercensal/state/st-est00int-alldata.csv,2000-2010 intercensal
2008,NM,35,2010662,https://www2.census.gov/programs-surveys/popest/datasets/2000-2010/intercensal/state/st-est00int-alldata.csv,2000-2010 intercensal
2008,NY,36,19212436,https://www2.census.gov/programs-surveys/popest/datasets/2000-2010/intercensal/state/st-est00int-alldata.csv,2000-2010 intercensal
2008,NC,37,9309449,https://www2.census.gov/programs-surveys/popest/datasets/2000-2010/intercensal/state/st-est00int-alldata.csv,2000-2010 intercensal
2008,ND,38,657569,https://www2.census.gov/programs-surveys/popest/datasets/2000-2010/intercensal/state/st-est00int-alldata.csv,2000-2010 intercensal
2008,OH,39,11515391,https://www2.census.gov/programs-surveys/popest/datasets/2000-2010/intercensal/state/st-est00int-alldata.csv,2000-2010 intercensal
2008,OK,40,3668976,https://www2.census.gov/programs-surveys/popest/datasets/2000-2010/intercensal/state/st-est00int-alldata.csv,2000-2010 intercensal
2008,OR,41,3768748,https://www2.census.gov/programs-surveys/popest/datasets/2000-2010/intercensal/state/st-est00int-alldata.csv,2000-2010 intercensal
2008,PA,42,12612285,https://www2.census.gov/programs-surveys/popest/datasets/2000-2010/intercensal/state/st-est00int-alldata.csv,2000-2010 intercensal
2008,RI,44,1055003,https://www2.census.gov/programs-surveys/popest/datasets/2000-2010/intercensal/state/st-est00int-alldata.csv,2000-2010 intercensal
2008,SC,45,4528996,https://www2.census.gov/programs-surveys/popest/datasets/2000-2010/intercensal/state/st-est00int-alldata.csv,2000-2010 intercensal
2008,SD,46,799124,https://www2.census.gov/programs-surveys/popest/datasets/2000-2010/intercensal/state/st-est00int-alldata.csv,2000-2010 intercensal
2008,TN,47,6247411,https://www2.census.gov/programs-surveys/popest/datasets/2000-2010/intercensal/state/st-est00int-alldata.csv,2000-2010 intercensal
2008,TX,48,24309039,https://www2.census.gov/programs-surveys/popest/datasets/2000-2010/intercensal/state/st-est00int-alldata.csv,2000-2010 intercensal
2008,UT,49,2663029,https://www2.census.gov/programs-surveys/popest/datasets/2000-2010/intercensal/state/st-est00int-alldata.csv,2000-2010 intercensal
2008,VT,50,624151,https://www2.census.gov/programs-surveys/popest/datasets/2000-2010/intercensal/state/st-est00int-alldata.csv,2000-2010 intercensal
2008,VA,51,7833496,https://www2.census.gov/programs-surveys/popest/datasets/2000-2010/intercensal/state/st-est00int-alldata.csv,2000-2010 intercensal
2008,WA,53,6562231,https://www2.census.gov/programs-surveys/popest/datasets/2000-2010/intercensal/state/st-est00int-alldata.csv,2000-2010 intercensal
2008,WV,54,1840310,https://www2.census.gov/programs-surveys/popest/datasets/2000-2010/intercensal/state/st-est00int-alldata.csv,2000-2010 intercensal
2008,WI,55,5640996,https://www2.census.gov/programs-surveys/popest/datasets/2000-2010/intercensal/state/st-est00int-alldata.csv,2000-2010 intercensal
2008,WY,56,546043,https://www2.census.gov/programs-surveys/popest/datasets/2000-2010/intercensal/state/st-est00int-alldata.csv,2000-2010 intercensal
2009,AL,01,4757938,https://www2.census.gov/programs-surveys/popest/datasets/2000-2010/intercensal/state/st-est00int-alldata.csv,2000-2010 intercensal
2009,AK,02,698895,https://www2.census.gov/programs-surveys/popest/datasets/2000-2010/intercensal/state/st-est00int-alldata.csv,2000-2010 intercensal
2009,AZ,04,6343154,https://www2.census.gov/programs-surveys/popest/datasets/2000-2010/intercensal/state/st-est00int-alldata.csv,2000-2010 intercensal
2009,AR,05,2896843,https://www2.census.gov/programs-surveys/popest/datasets/2000-2010/intercensal/state/st-est00int-alldata.csv,2000-2010 intercensal
2009,CA,06,36961229,https://www2.census.gov/programs-surveys/popest/datasets/2000-2010/intercensal/state/st-est00int-alldata.csv,2000-2010 intercensal
2009,CO,08,4972195,https://www2.census.gov/programs-surveys/popest/datasets/2000-2010/intercensal/state/st-est00int-alldata.csv,2000-2010 intercensal
2009,CT,09,3561807,https://www2.census.gov/programs-surveys/popest/datasets/2000-2010/intercensal/state/st-est00int-alldata.csv,2000-2010 intercensal
2009,DE,10,891730,https://www2.census.gov/programs-surveys/popest/datasets/2000-2010/intercensal/state/st-est00int-alldata.csv,2000-2010 intercensal
2009,DC,11,592228,https://www2.census.gov/programs-surveys/popest/datasets/2000-2010/intercensal/state/st-est00int-alldata.csv,2000-2010 intercensal
2009,FL,12,18652644,https://www2.census.gov/programs-surveys/popest/datasets/2000-2010/intercensal/state/st-est00int-alldata.csv,2000-2010 intercensal
2009,GA,13,9620846,https://www2.census.gov/programs-surveys/popest/datasets/2000-2010/intercensal/state/st-est00int-alldata.csv,2000-2010 intercensal
2009,HI,15,1346717,https://www2.census.gov/programs-surveys/popest/datasets/2000-2010/intercensal/state/st-est00int-alldata.csv,2000-2010 intercensal
2009,ID,16,1554439,https://www2.census.gov/programs-surveys/popest/datasets/2000-2010/intercensal/state/st-est00int-alldata.csv,2000-2010 intercensal
2009,IL,17,12796778,https://www2.census.gov/programs-surveys/popest/datasets/2000-2010/intercensal/state/st-est00int-alldata.csv,2000-2010 intercensal
2009,IN,18,6459325,https://www2.census.gov/programs-surveys/popest/datasets/2000-2010/intercensal/state/st-est00int-alldata.csv,2000-2010 intercensal
2009,IA,19,3032870,https://www2.census.gov/programs-surveys/popest/datasets/2000-2010/intercensal/state/st-est00int-alldata.csv,2000-2010 intercensal
2009,KS,20,2832704,https://www2.census.gov/programs-surveys/popest/datasets/2000-2010/intercensal/state/st-est00int-alldata.csv,2000-2010 intercensal
2009,KY,21,4317074,https://www2.census.gov/programs-surveys/popest/datasets/2000-2010/intercensal/state/st-est00int-alldata.csv,2000-2010 intercensal
2009,LA,22,4491648,https://www2.census.gov/programs-surveys/popest/datasets/2000-2010/intercensal/state/st-est00int-alldata.csv,2000-2010 intercensal
2009,ME,23,1329590,https://www2.census.gov/programs-surveys/popest/datasets/2000-2010/intercensal/state/st-est00int-alldata.csv,2000-2010 intercensal
2009,MD,24,5730388,https://www2.census.gov/programs-surveys/popest/datasets/2000-2010/intercensal/state/st-est00int-alldata.csv,2000-2010 intercensal
2009,MA,25,6517613,https://www2.census.gov/programs-surveys/popest/datasets/2000-2010/intercensal/state/st-est00int-alldata.csv,2000-2010 intercensal
2009,MI,26,9901591,https://www2.census.gov/programs-surveys/popest/datasets/2000-2010/intercensal/state/st-est00int-alldata.csv,2000-2010 intercensal
2009,MN,27,5281203,https://www2.census.gov/programs-surveys/popest/datasets/2000-2010/intercensal/state/st-est00int-alldata.csv,2000-2010 intercensal
2009,MS,28,2958774,https://www2.census.gov/programs-surveys/popest/datasets/2000-2010/intercensal/state/st-est00int-alldata.csv,2000-2010 intercensal
2009,MO,29,5961088,https://www2.census.gov/programs-surveys/popest/datasets/2000-2010/intercensal/state/st-est00int-alldata.csv,2000-2010 intercensal
2009,MT,30,983982,https://www2.census.gov/programs-surveys/popest/datasets/2000-2010/intercensal/state/st-est00int-alldata.csv,2000-2010 intercensal
2009,NE,31,1812683,https://www2.census.gov/programs-surveys/popest/datasets/2000-2010/intercensal/state/st-est00int-alldata.csv,2000-2010 intercensal
2009,NV,32,2684665,https://www2.census.gov/programs-surveys/popest/datasets/2000-2010/intercensal/state/st-est00int-alldata.csv,2000-2010 intercensal
2009,NH,33,1316102,https://www2.census.gov/programs-surveys/popest/datasets/2000-2010/intercensal/state/st-est00int-alldata.csv,2000-2010 intercensal
2009,NJ,34,8755602,https://www2.census.gov/programs-surveys/popest/datasets/2000-2010/intercensal/state/st-est00int-alldata.csv,2000-2010 intercensal
2009,NM,35,2036802,https://www2.census.gov/programs-surveys/popest/datasets/2000-2010/intercensal/state/st-est00int-alldata.csv,2000-2010 intercensal
2009,NY,36,19307066,https://www2.census.gov/programs-surveys/popest/datasets/2000-2010/intercensal/state/st-est00int-alldata.csv,2000-2010 intercensal
2009,NC,37,9449566,https://www2.census.gov/programs-surveys/popest/datasets/2000-2010/intercensal/state/st-est00int-alldata.csv,2000-2010 intercensal
2009,ND,38,664968,https://www2.census.gov/programs-surveys/popest/datasets/2000-2010/intercensal/state/st-est00int-alldata.csv,2000-2010 intercensal
2009,OH,39,11528896,https://www2.census.gov/programs-surveys/popest/datasets/2000-2010/intercensal/state/st-est00int-alldata.csv,2000-2010 intercensal
2009,OK,40,3717572,https://www2.census.gov/programs-surveys/popest/datasets/2000-2010/intercensal/state/st-est00int-alldata.csv,2000-2010 intercensal
2009,OR,41,3808600,https://www2.census.gov/programs-surveys/popest/datasets/2000-2010/intercensal/state/st-est00int-alldata.csv,2000-2010 intercensal
2009,PA,42,12666858,https://www2.census.gov/programs-surveys/popest/datasets/2000-2010/intercensal/state/st-est00int-alldata.csv,2000-2010 intercensal
2009,RI,44,1053646,https://www2.census.gov/programs-surveys/popest/datasets/2000-2010/intercensal/state/st-est00int-alldata.csv,2000-2010 intercensal
2009,SC,45,4589872,https://www2.census.gov/programs-surveys/popest/datasets/2000-2010/intercensal/state/st-est00int-alldata.csv,2000-2010 intercensal
2009,SD,46,807067,https://www2.census.gov/programs-surveys/popest/datasets/2000-2010/intercensal/state/st-est00int-alldata.csv,2000-2010 intercensal
2009,TN,47,6306019,https://www2.census.gov/programs-surveys/popest/datasets/2000-2010/intercensal/state/st-est00int-alldata.csv,2000-2010 intercensal
2009,TX,48,24801761,https://www2.census.gov/programs-surveys/popest/datasets/2000-2010/intercensal/state/st-est00int-alldata.csv,2000-2010 intercensal
2009,UT,49,2723421,https://www2.census.gov/programs-surveys/popest/datasets/2000-2010/intercensal/state/st-est00int-alldata.csv,2000-2010 intercensal
2009,VT,50,624817,https://www2.census.gov/programs-surveys/popest/datasets/2000-2010/intercensal/state/st-est00int-alldata.csv,2000-2010 intercensal
2009,VA,51,7925937,https://www2.census.gov/programs-surveys/popest/datasets/2000-2010/intercensal/state/st-est00int-alldata.csv,2000-2010 intercensal
2009,WA,53,6667426,https://www2.census.gov/programs-surveys/popest/datasets/2000-2010/intercensal/state/st-est00int-alldata.csv,2000-2010 intercensal
2009,WV,54,1847775,https://www2.census.gov/programs-surveys/popest/datasets/2000-2010/intercensal/state/st-est00int-alldata.csv,2000-2010 intercensal
2009,WI,55,5669264,https://www2.census.gov/programs-surveys/popest/datasets/2000-2010/intercensal/state/st-est00int-alldata.csv,2000-2010 intercensal
2009,WY,56,559851,https://www2.census.gov/programs-surveys/popest/datasets/2000-2010/intercensal/state/st-est00int-alldata.csv,2000-2010 intercensal
2010,AL,01,4785514,https://www2.census.gov/programs-surveys/popest/datasets/2010-2020/state/totals/nst-est2020.csv,2010-2020 estimates
2010,AK,02,713982,https://www2.census.gov/programs-surveys/popest/datasets/2010-2020/state/totals/nst-est2020.csv,2010-2020 estimates
2010,AZ,04,6407342,https://www2.census.gov/programs-surveys/popest/datasets/2010-2020/state/totals/nst-est2020.csv,2010-2020 estimates
2010,AR,05,2921998,https://www2.census.gov/programs-surveys/popest/datasets/2010-2020/state/totals/nst-est2020.csv,2010-2020 estimates
2010,CA,06,37319550,https://www2.census.gov/programs-surveys/popest/datasets/2010-2020/state/totals/nst-est2020.csv,2010-2020 estimates
2010,CO,08,5047539,https://www2.census.gov/programs-surveys/popest/datasets/2010-2020/state/totals/nst-est2020.csv,2010-2020 estimates
2010,CT,09,3579173,https://www2.census.gov/programs-surveys/popest/datasets/2010-2020/state/totals/nst-est2020.csv,2010-2020 estimates
2010,DE,10,899647,https://www2.census.gov/programs-surveys/popest/datasets/2010-2020/state/totals/nst-est2020.csv,2010-2020 estimates
2010,DC,11,605282,https://www2.census.gov/programs-surveys/popest/datasets/2010-2020/state/totals/nst-est2020.csv,2010-2020 estimates
2010,FL,12,18846143,https://www2.census.gov/programs-surveys/popest/datasets/2010-2020/state/totals/nst-est2020.csv,2010-2020 estimates
2010,GA,13,9712209,https://www2.census.gov/programs-surveys/popest/datasets/2010-2020/state/totals/nst-est2020.csv,2010-2020 estimates
2010,HI,15,1364004,https://www2.census.gov/programs-surveys/popest/datasets/2010-2020/state/totals/nst-est2020.csv,2010-2020 estimates
2010,ID,16,1570819,https://www2.census.gov/programs-surveys/popest/datasets/2010-2020/state/totals/nst-est2020.csv,2010-2020 estimates
2010,IL,17,12840545,https://www2.census.gov/programs-surveys/popest/datasets/2010-2020/state/totals/nst-est2020.csv,2010-2020 estimates
2010,IN,18,6490555,https://www2.census.gov/programs-surveys/popest/datasets/2010-2020/state/totals/nst-est2020.csv,2010-2020 estimates
2010,IA,19,3050819,https://www2.census.gov/programs-surveys/popest/datasets/2010-2020/state/totals/nst-est2020.csv,2010-2020 estimates
2010,KS,20,2858266,https://www2.census.gov/programs-surveys/popest/datasets/2010-2020/state/totals/nst-est2020.csv,2010-2020 estimates
2010,KY,21,4348464,https://www2.census.gov/programs-surveys/popest/datasets/2010-2020/state/totals/nst-est2020.csv,2010-2020 estimates
2010,LA,22,4544635,https://www2.census.gov/programs-surveys/popest/datasets/2010-2020/state/totals/nst-est2020.csv,2010-2020 estimates
2010,ME,23,1327651,https://www2.census.gov/programs-surveys/popest/datasets/2010-2020/state/totals/nst-est2020.csv,2010-2020 estimates
2010,MD,24,5788784,https://www2.census.gov/programs-surveys/popest/datasets/2010-2020/state/totals/nst-est2020.csv,2010-2020 estimates
2010,MA,25,6566440,https://www2.census.gov/programs-surveys/popest/datasets/2010-2020/state/totals/nst-est2020.csv,2010-2020 estimates
2010,MI,26,9877597,https://www2.census.gov/programs-surveys/popest/datasets/2010-2020/state/totals/nst-est2020.csv,2010-2020 estimates
2010,MN,27,5310934,https://www2.census.gov/programs-surveys/popest/datasets/2010-2020/state/totals/nst-est2020.csv,2010-2020 estimates
2010,MS,28,2970615,https://www2.census.gov/programs-surveys/popest/datasets/2010-2020/state/totals/nst-est2020.csv,2010-2020 estimates
2010,MO,29,5996089,https://www2.census.gov/programs-surveys/popest/datasets/2010-2020/state/totals/nst-est2020.csv,2010-2020 estimates
2010,MT,30,990730,https://www2.census.gov/programs-surveys/popest/datasets/2010-2020/state/totals/nst-est2020.csv,2010-2020 estimates
2010,NE,31,1829591,https://www2.census.gov/programs-surveys/popest/datasets/2010-2020/state/totals/nst-est2020.csv,2010-2020 estimates
2010,NV,32,2702483,https://www2.census.gov/programs-surveys/popest/datasets/2010-2020/state/totals/nst-est2020.csv,2010-2020 estimates
2010,NH,33,1316807,https://www2.census.gov/programs-surveys/popest/datasets/2010-2020/state/totals/nst-est2020.csv,2010-2020 estimates
2010,NJ,34,8799451,https://www2.census.gov/programs-surveys/popest/datasets/2010-2020/state/totals/nst-est2020.csv,2010-2020 estimates
2010,NM,35,2064614,https://www2.census.gov/programs-surveys/popest/datasets/2010-2020/state/totals/nst-est2020.csv,2010-2020 estimates
2010,NY,36,19399956,https://www2.census.gov/programs-surveys/popest/datasets/2010-2020/state/totals/nst-est2020.csv,2010-2020 estimates
2010,NC,37,9574586,https://www2.census.gov/programs-surveys/popest/datasets/2010-2020/state/totals/nst-est2020.csv,2010-2020 estimates
2010,ND,38,674752,https://www2.census.gov/programs-surveys/popest/datasets/2010-2020/state/totals/nst-est2020.csv,2010-2020 estimates
2010,OH,39,11539449,https://www2.census.gov/programs-surveys/popest/datasets/2010-2020/state/totals/nst-est2020.csv,2010-2020 estimates
2010,OK,40,3760014,https://www2.census.gov/programs-surveys/popest/datasets/2010-2020/state/totals/nst-est2020.csv,2010-2020 estimates
2010,OR,41,3837614,https://www2.census.gov/programs-surveys/popest/datasets/2010-2020/state/totals/nst-est2020.csv,2010-2020 estimates
2010,PA,42,12711406,https://www2.census.gov/programs-surveys/popest/datasets/2010-2020/state/totals/nst-est2020.csv,2010-2020 estimates
2010,RI,44,1053994,https://www2.census.gov/programs-surveys/popest/datasets/2010-2020/state/totals/nst-est2020.csv,2010-2020 estimates
2010,SC,45,4635846,https://www2.census.gov/programs-surveys/popest/datasets/2010-2020/state/totals/nst-est2020.csv,2010-2020 estimates
2010,SD,46,816193,https://www2.census.gov/programs-surveys/popest/datasets/2010-2020/state/totals/nst-est2020.csv,2010-2020 estimates
2010,TN,47,6355518,https://www2.census.gov/programs-surveys/popest/datasets/2010-2020/state/totals/nst-est2020.csv,2010-2020 estimates
2010,TX,48,25241897,https://www2.census.gov/programs-surveys/popest/datasets/2010-2020/state/totals/nst-est2020.csv,2010-2020 estimates
2010,UT,49,2775413,https://www2.census.gov/programs-surveys/popest/datasets/2010-2020/state/totals/nst-est2020.csv,2010-2020 estimates
2010,VT,50,625886,https://www2.census.gov/programs-surveys/popest/datasets/2010-2020/state/totals/nst-est2020.csv,2010-2020 estimates
2010,VA,51,8024004,https://www2.census.gov/programs-surveys/popest/datasets/2010-2020/state/totals/nst-est2020.csv,2010-2020 estimates
2010,WA,53,6743009,https://www2.census.gov/programs-surveys/popest/datasets/2010-2020/state/totals/nst-est2020.csv,2010-2020 estimates
2010,WV,54,1854265,https://www2.census.gov/programs-surveys/popest/datasets/2010-2020/state/totals/nst-est2020.csv,2010-2020 estimates
2010,WI,55,5690538,https://www2.census.gov/programs-surveys/popest/datasets/2010-2020/state/totals/nst-est2020.csv,2010-2020 estimates
2010,WY,56,564531,https://www2.census.gov/programs-surveys/popest/datasets/2010-2020/state/totals/nst-est2020.csv,2010-2020 estimates
2011,AL,01,4799642,https://www2.census.gov/programs-surveys/popest/datasets/2010-2020/state/totals/nst-est2020.csv,2010-2020 estimates
2011,AK,02,722349,https://www2.census.gov/programs-surveys/popest/datasets/2010-2020/state/totals/nst-est2020.csv,2010-2020 estimates
2011,AZ,04,6473416,https://www2.census.gov/programs-surveys/popest/datasets/2010-2020/state/totals/nst-est2020.csv,2010-2020 estimates
2011,AR,05,2941038,https://www2.census.gov/programs-surveys/popest/datasets/2010-2020/state/totals/nst-est2020.csv,2010-2020 estimates
2011,CA,06,37636311,https://www2.census.gov/programs-surveys/popest/datasets/2010-2020/state/totals/nst-est2020.csv,2010-2020 estimates
2011,CO,08,5121900,https://www2.census.gov/programs-surveys/popest/datasets/2010-2020/state/totals/nst-est2020.csv,2010-2020 estimates
2011,CT,09,3588632,https://www2.census.gov/programs-surveys/popest/datasets/2010-2020/state/totals/nst-est2020.csv,2010-2020 estimates
2011,DE,10,907590,https://www2.census.gov/programs-surveys/popest/datasets/2010-2020/state/totals/nst-est2020.csv,2010-2020 estimates
2011,DC,11,620290,https://www2.census.gov/programs-surveys/popest/datasets/2010-2020/state/totals/nst-est2020.csv,2010-2020 estimates
2011,FL,12,19055607,https://www2.census.gov/programs-surveys/popest/datasets/2010-2020/state/totals/nst-est2020.csv,2010-2020 estimates
2011,GA,13,9803630,https://www2.census.gov/programs-surveys/popest/datasets/2010-2020/state/totals/nst-est2020.csv,2010-2020 estimates
2011,HI,15,1379562,https://www2.census.gov/programs-surveys/popest/datasets/2010-2020/state/totals/nst-est2020.csv,2010-2020 estimates
2011,ID,16,1584272,https://www2.census.gov/programs-surveys/popest/datasets/2010-2020/state/totals/nst-est2020.csv,2010-2020 estimates
2011,IL,17,12867783,https://www2.census.gov/programs-surveys/popest/datasets/2010-2020/state/totals/nst-est2020.csv,2010-2020 estimates
2011,IN,18,6517250,https://www2.census.gov/programs-surveys/popest/datasets/2010-2020/state/totals/nst-est2020.csv,2010-2020 estimates
2011,IA,19,3066772,https://www2.census.gov/programs-surveys/popest/datasets/2010-2020/state/totals/nst-est2020.csv,2010-2020 estimates
2011,KS,20,2869677,https://www2.census.gov/programs-surveys/popest/datasets/2010-2020/state/totals/nst-est2020.csv,2010-2020 estimates
2011,KY,21,4370817,https://www2.census.gov/programs-surveys/popest/datasets/2010-2020/state/totals/nst-est2020.csv,2010-2020 estimates
2011,LA,22,4576244,https://www2.census.gov/programs-surveys/popest/datasets/2010-2020/state/totals/nst-est2020.csv,2010-2020 estimates
2011,ME,23,1328473,https://www2.census.gov/programs-surveys/popest/datasets/2010-2020/state/totals/nst-est2020.csv,2010-2020 estimates
2011,MD,24,5840241,https://www2.census.gov/programs-surveys/popest/datasets/2010-2020/state/totals/nst-est2020.csv,2010-2020 estimates
2011,MA,25,6614218,https://www2.census.gov/programs-surveys/popest/datasets/2010-2020/state/totals/nst-est2020.csv,2010-2020 estimates
2011,MI,26,9883053,https://www2.census.gov/programs-surveys/popest/datasets/2010-2020/state/totals/nst-est2020.csv,2010-2020 estimates
2011,MN,27,5346620,https://www2.census.gov/programs-surveys/popest/datasets/2010-2020/state/totals/nst-est2020.csv,2010-2020 estimates
2011,MS,28,2979147,https://www2.census.gov/programs-surveys/popest/datasets/2010-2020/state/totals/nst-est2020.csv,2010-2020 estimates
2011,MO,29,6011182,https://www2.census.gov/programs-surveys/popest/datasets/2010-2020/state/totals/nst-est2020.csv,2010-2020 estimates
2011,MT,30,997518,https://www2.census.gov/programs-surveys/popest/datasets/2010-2020/state/totals/nst-est2020.csv,2010-2020 estimates
2011,NE,31,1840914,https://www2.census.gov/programs-surveys/popest/datasets/2010-2020/state/totals/nst-est2020.csv,2010-2020 estimates
2011,NV,32,2713114,https://www2.census.gov/programs-surveys/popest/datasets/2010-2020/state/totals/nst-est2020.csv,2010-2020 estimates
2011,NH,33,1320444,https://www2.census.gov/programs-surveys/popest/datasets/2010-2020/state/totals/nst-est2020.csv,2010-2020 estimates
2011,NJ,34,8828552,https://www2.census.gov/programs-surveys/popest/datasets/2010-2020/state/totals/nst-est2020.csv,2010-2020 estimates
2011,NM,35,2080707,https://www2.census.gov/programs-surveys/popest/datasets/2010-2020/state/totals/nst-est2020.csv,2010-2020 estimates
2011,NY,36,19499921,https://www2.census.gov/programs-surveys/popest/datasets/2010-2020/state/totals/nst-est2020.csv,2010-2020 estimates
2011,NC,37,9658913,https://www2.census.gov/programs-surveys/popest/datasets/2010-2020/state/totals/nst-est2020.csv,2010-2020 estimates
2011,ND,38,685526,https://www2.census.gov/programs-surveys/popest/datasets/2010-2020/state/totals/nst-est2020.csv,2010-2020 estimates
2011,OH,39,11545735,https://www2.census.gov/programs-surveys/popest/datasets/2010-2020/state/totals/nst-est2020.csv,2010-2020 estimates
2011,OK,40,3788824,https://www2.census.gov/programs-surveys/popest/datasets/2010-2020/state/totals/nst-est2020.csv,2010-2020 estimates
2011,OR,41,3872672,https://www2.census.gov/programs-surveys/popest/datasets/2010-2020/state/totals/nst-est2020.csv,2010-2020 estimates
2011,PA,42,12747052,https://www2.census.gov/programs-surveys/popest/datasets/2010-2020/state/totals/nst-est2020.csv,2010-2020 estimates
2011,RI,44,1053829,https://www2.census.gov/programs-surveys/popest/datasets/2010-2020/state/totals/nst-est2020.csv,2010-2020 estimates
2011,SC,45,4672655,https://www2.census.gov/programs-surveys/popest/datasets/2010-2020/state/totals/nst-est2020.csv,2010-2020 estimates
2011,SD,46,823740,https://www2.census.gov/programs-surveys/popest/datasets/2010-2020/state/totals/nst-est2020.csv,2010-2020 estimates
2011,TN,47,6400298,https://www2.census.gov/programs-surveys/popest/datasets/2010-2020/state/totals/nst-est2020.csv,2010-2020 estimates
2011,TX,48,25645504,https://www2.census.gov/programs-surveys/popest/datasets/2010-2020/state/totals/nst-est2020.csv,2010-2020 estimates
2011,UT,49,2814797,https://www2.census.gov/programs-surveys/popest/datasets/2010-2020/state/totals/nst-est2020.csv,2010-2020 estimates
2011,VT,50,627197,https://www2.census.gov/programs-surveys/popest/datasets/2010-2020/state/totals/nst-est2020.csv,2010-2020 estimates
2011,VA,51,8102437,https://www2.census.gov/programs-surveys/popest/datasets/2010-2020/state/totals/nst-est2020.csv,2010-2020 estimates
2011,WA,53,6827479,https://www2.census.gov/programs-surveys/popest/datasets/2010-2020/state/totals/nst-est2020.csv,2010-2020 estimates
2011,WV,54,1856606,https://www2.census.gov/programs-surveys/popest/datasets/2010-2020/state/totals/nst-est2020.csv,2010-2020 estimates
2011,WI,55,5705840,https://www2.census.gov/programs-surveys/popest/datasets/2010-2020/state/totals/nst-est2020.csv,2010-2020 estimates
2011,WY,56,567491,https://www2.census.gov/programs-surveys/popest/datasets/2010-2020/state/totals/nst-est2020.csv,2010-2020 estimates
2012,AL,01,4816632,https://www2.census.gov/programs-surveys/popest/datasets/2010-2020/state/totals/nst-est2020.csv,2010-2020 estimates
2012,AK,02,730810,https://www2.census.gov/programs-surveys/popest/datasets/2010-2020/state/totals/nst-est2020.csv,2010-2020 estimates
2012,AZ,04,6556344,https://www2.census.gov/programs-surveys/popest/datasets/2010-2020/state/totals/nst-est2020.csv,2010-2020 estimates
2012,AR,05,2952876,https://www2.census.gov/programs-surveys/popest/datasets/2010-2020/state/totals/nst-est2020.csv,2010-2020 estimates
2012,CA,06,37944551,https://www2.census.gov/programs-surveys/popest/datasets/2010-2020/state/totals/nst-est2020.csv,2010-2020 estimates
2012,CO,08,5193660,https://www2.census.gov/programs-surveys/popest/datasets/2010-2020/state/totals/nst-est2020.csv,2010-2020 estimates
2012,CT,09,3595211,https://www2.census.gov/programs-surveys/popest/datasets/2010-2020/state/totals/nst-est2020.csv,2010-2020 estimates
2012,DE,10,915518,https://www2.census.gov/programs-surveys/popest/datasets/2010-2020/state/totals/nst-est2020.csv,2010-2020 estimates
2012,DC,11,635737,https://www2.census.gov/programs-surveys/popest/datasets/2010-2020/state/totals/nst-est2020.csv,2010-2020 estimates
2012,FL,12,19302016,https://www2.census.gov/programs-surveys/popest/datasets/2010-2020/state/totals/nst-est2020.csv,2010-2020 estimates
2012,GA,13,9903580,https://www2.census.gov/programs-surveys/popest/datasets/2010-2020/state/totals/nst-est2020.csv,2010-2020 estimates
2012,HI,15,1395199,https://www2.census.gov/programs-surveys/popest/datasets/2010-2020/state/totals/nst-est2020.csv,2010-2020 estimates
2012,ID,16,1595910,https://www2.census.gov/programs-surveys/popest/datasets/2010-2020/state/totals/nst-est2020.csv,2010-2020 estimates
2012,IL,17,12883029,https://www2.census.gov/programs-surveys/popest/datasets/2010-2020/state/totals/nst-est2020.csv,2010-2020 estimates
2012,IN,18,6538989,https://www2.census.gov/programs-surveys/popest/datasets/2010-2020/state/totals/nst-est2020.csv,2010-2020 estimates
2012,IA,19,3076844,https://www2.census.gov/programs-surveys/popest/datasets/2010-2020/state/totals/nst-est2020.csv,2010-2020 estimates
2012,KS,20,2886024,https://www2.census.gov/programs-surveys/popest/datasets/2010-2020/state/totals/nst-est2020.csv,2010-2020 estimates
2012,KY,21,4387865,https://www2.census.gov/programs-surveys/popest/datasets/2010-2020/state/totals/nst-est2020.csv,2010-2020 estimates
2012,LA,22,4602067,https://www2.census.gov/programs-surveys/popest/datasets/2010-2020/state/totals/nst-est2020.csv,2010-2020 estimates
2012,ME,23,1328094,https://www2.census.gov/programs-surveys/popest/datasets/2010-2020/state/totals/nst-est2020.csv,2010-2020 estimates
2012,MD,24,5888375,https://www2.census.gov/programs-surveys/popest/datasets/2010-2020/state/totals/nst-est2020.csv,2010-2020 estimates
2012,MA,25,6664269,https://www2.census.gov/programs-surveys/popest/datasets/2010-2020/state/totals/nst-est2020.csv,2010-2020 estimates
2012,MI,26,9898289,https://www2.census.gov/programs-surveys/popest/datasets/2010-2020/state/totals/nst-est2020.csv,2010-2020 estimates
2012,MN,27,5377500,https://www2.census.gov/programs-surveys/popest/datasets/2010-2020/state/totals/nst-est2020.csv,2010-2020 estimates
2012,MS,28,2984599,https://www2.census.gov/programs-surveys/popest/datasets/2010-2020/state/totals/nst-est2020.csv,2010-2020 estimates
2012,MO,29,6026027,https://www2.census.gov/programs-surveys/popest/datasets/2010-2020/state/totals/nst-est2020.csv,2010-2020 estimates
2012,MT,30,1004168,https://www2.census.gov/programs-surveys/popest/datasets/2010-2020/state/totals/nst-est2020.csv,2010-2020 estimates
2012,NE,31,1853691,https://www2.census.gov/programs-surveys/popest/datasets/2010-2020/state/totals/nst-est2020.csv,2010-2020 estimates
2012,NV,32,2744670,https://www2.census.gov/programs-surveys/popest/datasets/2010-2020/state/totals/nst-est2020.csv,2010-2020 estimates
2012,NH,33,1324677,https://www2.census.gov/programs-surveys/popest/datasets/2010-2020/state/totals/nst-est2020.csv,2010-2020 estimates
2012,NJ,34,8845671,https://www2.census.gov/programs-surveys/popest/datasets/2010-2020/state/totals/nst-est2020.csv,2010-2020 estimates
2012,NM,35,2087715,https://www2.census.gov/programs-surveys/popest/datasets/2010-2020/state/totals/nst-est2020.csv,2010-2020 estimates
2012,NY,36,19574362,https://www2.census.gov/programs-surveys/popest/datasets/2010-2020/state/totals/nst-est2020.csv,2010-2020 estimates
2012,NC,37,9751810,https://www2.census.gov/programs-surveys/popest/datasets/2010-2020/state/totals/nst-est2020.csv,2010-2020 estimates
2012,ND,38,702227,https://www2.census.gov/programs-surveys/popest/datasets/2010-2020/state/totals/nst-est2020.csv,2010-2020 estimates
2012,OH,39,11550971,https://www2.census.gov/programs-surveys/popest/datasets/2010-2020/state/totals/nst-est2020.csv,2010-2020 estimates
2012,OK,40,3819320,https://www2.census.gov/programs-surveys/popest/datasets/2010-2020/state/totals/nst-est2020.csv,2010-2020 estimates
2012,OR,41,3900102,https://www2.census.gov/programs-surveys/popest/datasets/2010-2020/state/totals/nst-est2020.csv,2010-2020 estimates
2012,PA,42,12769123,https://www2.census.gov/programs-surveys/popest/datasets/2010-2020/state/totals/nst-est2020.csv,2010-2020 estimates
2012,RI,44,1054893,https://www2.census.gov/programs-surveys/popest/datasets/2010-2020/state/totals/nst-est2020.csv,2010-2020 estimates
2012,SC,45,4719027,https://www2.census.gov/programs-surveys/popest/datasets/2010-2020/state/totals/nst-est2020.csv,2010-2020 estimates
2012,SD,46,833859,https://www2.census.gov/programs-surveys/popest/datasets/2010-2020/state/totals/nst-est2020.csv,2010-2020 estimates
2012,TN,47,6455752,https://www2.census.gov/programs-surveys/popest/datasets/2010-2020/state/totals/nst-est2020.csv,2010-2020 estimates
2012,TX,48,26084120,https://www2.census.gov/programs-surveys/popest/datasets/2010-2020/state/totals/nst-est2020.csv,2010-2020 estimates
2012,UT,49,2854146,https://www2.census.gov/programs-surveys/popest/datasets/2010-2020/state/totals/nst-est2020.csv,2010-2020 estimates
2012,VT,50,626361,https://www2.census.gov/programs-surveys/popest/datasets/2010-2020/state/totals/nst-est2020.csv,2010-2020 estimates
2012,VA,51,8187456,https://www2.census.gov/programs-surveys/popest/datasets/2010-2020/state/totals/nst-est2020.csv,2010-2020 estimates
2012,WA,53,6898599,https://www2.census.gov/programs-surveys/popest/datasets/2010-2020/state/totals/nst-est2020.csv,2010-2020 estimates
2012,WV,54,1857446,https://www2.census.gov/programs-surveys/popest/datasets/2010-2020/state/totals/nst-est2020.csv,2010-2020 estimates
2012,WI,55,5720825,https://www2.census.gov/programs-surveys/popest/datasets/2010-2020/state/totals/nst-est2020.csv,2010-2020 estimates
2012,WY,56,576656,https://www2.census.gov/programs-surveys/popest/datasets/2010-2020/state/totals/nst-est2020.csv,2010-2020 estimates
2013,AL,01,4831586,https://www2.census.gov/programs-surveys/popest/datasets/2010-2020/state/totals/nst-est2020.csv,2010-2020 estimates
2013,AK,02,737626,https://www2.census.gov/programs-surveys/popest/datasets/2010-2020/state/totals/nst-est2020.csv,2010-2020 estimates
2013,AZ,04,6634690,https://www2.census.gov/programs-surveys/popest/datasets/2010-2020/state/totals/nst-est2020.csv,2010-2020 estimates
2013,AR,05,2960459,https://www2.census.gov/programs-surveys/popest/datasets/2010-2020/state/totals/nst-est2020.csv,2010-2020 estimates
2013,CA,06,38253768,https://www2.census.gov/programs-surveys/popest/datasets/2010-2020/state/totals/nst-est2020.csv,2010-2020 estimates
2013,CO,08,5270774,https://www2.census.gov/programs-surveys/popest/datasets/2010-2020/state/totals/nst-est2020.csv,2010-2020 estimates
2013,CT,09,3595792,https://www2.census.gov/programs-surveys/popest/datasets/2010-2020/state/totals/nst-est2020.csv,2010-2020 estimates
2013,DE,10,924062,https://www2.census.gov/programs-surveys/popest/datasets/2010-2020/state/totals/nst-est2020.csv,2010-2020 estimates
2013,DC,11,651559,https://www2.census.gov/programs-surveys/popest/datasets/2010-2020/state/totals/nst-est2020.csv,2010-2020 estimates
2013,FL,12,19551678,https://www2.census.gov/programs-surveys/popest/datasets/2010-2020/state/totals/nst-est2020.csv,2010-2020 estimates
2013,GA,13,9975592,https://www2.census.gov/programs-surveys/popest/datasets/2010-2020/state/totals/nst-est2020.csv,2010-2020 estimates
2013,HI,15,1408822,https://www2.census.gov/programs-surveys/popest/datasets/2010-2020/state/totals/nst-est2020.csv,2010-2020 estimates
2013,ID,16,1612053,https://www2.census.gov/programs-surveys/popest/datasets/2010-2020/state/totals/nst-est2020.csv,2010-2020 estimates
2013,IL,17,12895778,https://www2.census.gov/programs-surveys/popest/datasets/2010-2020/state/totals/nst-est2020.csv,2010-2020 estimates
2013,IN,18,6570575,https://www2.census.gov/programs-surveys/popest/datasets/2010-2020/state/totals/nst-est2020.csv,2010-2020 estimates
2013,IA,19,3093935,https://www2.census.gov/programs-surveys/popest/datasets/2010-2020/state/totals/nst-est2020.csv,2010-2020 estimates
2013,KS,20,2894306,https://www2.census.gov/programs-surveys/popest/datasets/2010-2020/state/totals/nst-est2020.csv,2010-2020 estimates
2013,KY,21,4406906,https://www2.census.gov/programs-surveys/popest/datasets/2010-2020/state/totals/nst-est2020.csv,2010-2020 estimates
2013,LA,22,4626040,https://www2.census.gov/programs-surveys/popest/datasets/2010-2020/state/totals/nst-est2020.csv,2010-2020 estimates
2013,ME,23,1328543,https://www2.census.gov/programs-surveys/popest/datasets/2010-2020/state/totals/nst-est2020.csv,2010-2020 estimates
2013,MD,24,5925197,https://www2.census.gov/programs-surveys/popest/datasets/2010-2020/state/totals/nst-est2020.csv,2010-2020 estimates
2013,MA,25,6715158,https://www2.census.gov/programs-surveys/popest/datasets/2010-2020/state/totals/nst-est2020.csv,2010-2020 estimates
2013,MI,26,9914802,https://www2.census.gov/programs-surveys/popest/datasets/2010-2020/state/totals/nst-est2020.csv,2010-2020 estimates
2013,MN,27,5414722,https://www2.census.gov/programs-surveys/popest/datasets/2010-2020/state/totals/nst-est2020.csv,2010-2020 estimates
2013,MS,28,2989839,https://www2.census.gov/programs-surveys/popest/datasets/2010-2020/state/totals/nst-est2020.csv,2010-2020 estimates
2013,MO,29,6042989,https://www2.census.gov/programs-surveys/popest/datasets/2010-2020/state/totals/nst-est2020.csv,2010-2020 estimates
2013,MT,30,1014158,https://www2.census.gov/programs-surveys/popest/datasets/2010-2020/state/totals/nst-est2020.csv,2010-2020 estimates
2013,NE,31,1865813,https://www2.census.gov/programs-surveys/popest/datasets/2010-2020/state/totals/nst-est2020.csv,2010-2020 estimates
2013,NV,32,2776956,https://www2.census.gov/programs-surveys/popest/datasets/2010-2020/state/totals/nst-est2020.csv,2010-2020 estimates
2013,NH,33,1327272,https://www2.census.gov/programs-surveys/popest/datasets/2010-2020/state/totals/nst-est2020.csv,2010-2020 estimates
2013,NJ,34,8857821,https://www2.census.gov/programs-surveys/popest/datasets/2010-2020/state/totals/nst-est2020.csv,2010-2020 estimates
2013,NM,35,2092833,https://www2.census.gov/programs-surveys/popest/datasets/2010-2020/state/totals/nst-est2020.csv,2010-2020 estimates
2013,NY,36,19626488,https://www2.census.gov/programs-surveys/popest/datasets/2010-2020/state/totals/nst-est2020.csv,2010-2020 estimates
2013,NC,37,9846717,https://www2.census.gov/programs-surveys/popest/datasets/2010-2020/state/totals/nst-est2020.csv,2010-2020 estimates
2013,ND,38,723149,https://www2.census.gov/programs-surveys/popest/datasets/2010-2020/state/totals/nst-est2020.csv,2010-2020 estimates
2013,OH,39,11579692,https://www2.census.gov/programs-surveys/popest/datasets/2010-2020/state/totals/nst-est2020.csv,2010-2020 estimates
2013,OK,40,3853891,https://www2.census.gov/programs-surveys/popest/datasets/2010-2020/state/totals/nst-est2020.csv,2010-2020 estimates
2013,OR,41,3924110,https://www2.census.gov/programs-surveys/popest/datasets/2010-2020/state/totals/nst-est2020.csv,2010-2020 estimates
2013,PA,42,12779538,https://www2.census.gov/programs-surveys/popest/datasets/2010-2020/state/totals/nst-est2020.csv,2010-2020 estimates
2013,RI,44,1055560,https://www2.census.gov/programs-surveys/popest/datasets/2010-2020/state/totals/nst-est2020.csv,2010-2020 estimates
2013,SC,45,4766469,https://www2.census.gov/programs-surveys/popest/datasets/2010-2020/state/totals/nst-est2020.csv,2010-2020 estimates
2013,SD,46,842751,https://www2.census.gov/programs-surveys/popest/datasets/2010-2020/state/totals/nst-est2020.csv,2010-2020 estimates
2013,TN,47,6496943,https://www2.census.gov/programs-surveys/popest/datasets/2010-2020/state/totals/nst-est2020.csv,2010-2020 estimates
2013,TX,48,26479646,https://www2.census.gov/programs-surveys/popest/datasets/2010-2020/state/totals/nst-est2020.csv,2010-2020 estimates
2013,UT,49,2898773,https://www2.census.gov/programs-surveys/popest/datasets/2010-2020/state/totals/nst-est2020.csv,2010-2020 estimates
2013,VT,50,626603,https://www2.census.gov/programs-surveys/popest/datasets/2010-2020/state/totals/nst-est2020.csv,2010-2020 estimates
2013,VA,51,8255861,https://www2.census.gov/programs-surveys/popest/datasets/2010-2020/state/totals/nst-est2020.csv,2010-2020 estimates
2013,WA,53,6966252,https://www2.census.gov/programs-surveys/popest/datasets/2010-2020/state/totals/nst-est2020.csv,2010-2020 estimates
2013,WV,54,1854768,https://www2.census.gov/programs-surveys/popest/datasets/2010-2020/state/totals/nst-est2020.csv,2010-2020 estimates
2013,WI,55,5738012,https://www2.census.gov/programs-surveys/popest/datasets/2010-2020/state/totals/nst-est2020.csv,2010-2020 estimates
2013,WY,56,582620,https://www2.census.gov/programs-surveys/popest/datasets/2010-2020/state/totals/nst-est2020.csv,2010-2020 estimates
2014,AL,01,4843737,https://www2.census.gov/programs-surveys/popest/datasets/2010-2020/state/totals/nst-est2020.csv,2010-2020 estimates
2014,AK,02,737075,https://www2.census.gov/programs-surveys/popest/datasets/2010-2020/state/totals/nst-est2020.csv,2010-2020 estimates
2014,AZ,04,6732873,https://www2.census.gov/programs-surveys/popest/datasets/2010-2020/state/totals/nst-est2020.csv,2010-2020 estimates
2014,AR,05,2968759,https://www2.census.gov/programs-surveys/popest/datasets/2010-2020/state/totals/nst-est2020.csv,2010-2020 estimates
2014,CA,06,38586706,https://www2.census.gov/programs-surveys/popest/datasets/2010-2020/state/totals/nst-est2020.csv,2010-2020 estimates
2014,CO,08,5352637,https://www2.census.gov/programs-surveys/popest/datasets/2010-2020/state/totals/nst-est2020.csv,2010-2020 estimates
2014,CT,09,3595697,https://www2.census.gov/programs-surveys/popest/datasets/2010-2020/state/totals/nst-est2020.csv,2010-2020 estimates
2014,DE,10,933131,https://www2.census.gov/programs-surveys/popest/datasets/2010-2020/state/totals/nst-est2020.csv,2010-2020 estimates
2014,DC,11,663603,https://www2.census.gov/programs-surveys/popest/datasets/2010-2020/state/totals/nst-est2020.csv,2010-2020 estimates
2014,FL,12,19853880,https://www2.census.gov/programs-surveys/popest/datasets/2010-2020/state/totals/nst-est2020.csv,2010-2020 estimates
2014,GA,13,10071204,https://www2.census.gov/programs-surveys/popest/datasets/2010-2020/state/totals/nst-est2020.csv,2010-2020 estimates
2014,HI,15,1415335,https://www2.census.gov/programs-surveys/popest/datasets/2010-2020/state/totals/nst-est2020.csv,2010-2020 estimates
2014,ID,16,1632248,https://www2.census.gov/programs-surveys/popest/datasets/2010-2020/state/totals/nst-est2020.csv,2010-2020 estimates
2014,IL,17,12885092,https://www2.census.gov/programs-surveys/popest/datasets/2010-2020/state/totals/nst-est2020.csv,2010-2020 estimates
2014,IN,18,6596019,https://www2.census.gov/programs-surveys/popest/datasets/2010-2020/state/totals/nst-est2020.csv,2010-2020 estimates
2014,IA,19,3110643,https://www2.census.gov/programs-surveys/popest/datasets/2010-2020/state/totals/nst-est2020.csv,2010-2020 estimates
2014,KS,20,2901861,https://www2.census.gov/programs-surveys/popest/datasets/2010-2020/state/totals/nst-est2020.csv,2010-2020 estimates
2014,KY,21,4416992,https://www2.census.gov/programs-surveys/popest/datasets/2010-2020/state/totals/nst-est2020.csv,2010-2020 estimates
2014,LA,22,4645938,https://www2.census.gov/programs-surveys/popest/datasets/2010-2020/state/totals/nst-est2020.csv,2010-2020 estimates
2014,ME,23,1331217,https://www2.census.gov/programs-surveys/popest/datasets/2010-2020/state/totals/nst-est2020.csv,2010-2020 estimates
2014,MD,24,5960064,https://www2.census.gov/programs-surveys/popest/datasets/2010-2020/state/totals/nst-est2020.csv,2010-2020 estimates
2014,MA,25,6764864,https://www2.census.gov/programs-surveys/popest/datasets/2010-2020/state/totals/nst-est2020.csv,2010-2020 estimates
2014,MI,26,9932033,https://www2.census.gov/programs-surveys/popest/datasets/2010-2020/state/totals/nst-est2020.csv,2010-2020 estimates
2014,MN,27,5452665,https://www2.census.gov/programs-surveys/popest/datasets/2010-2020/state/totals/nst-est2020.csv,2010-2020 estimates
2014,MS,28,2991892,https://www2.census.gov/programs-surveys/popest/datasets/2010-2020/state/totals/nst-est2020.csv,2010-2020 estimates
2014,MO,29,6059130,https://www2.census.gov/programs-surveys/popest/datasets/2010-2020/state/totals/nst-est2020.csv,2010-2020 estimates
2014,MT,30,1022657,https://www2.census.gov/programs-surveys/popest/datasets/2010-2020/state/totals/nst-est2020.csv,2010-2020 estimates
2014,NE,31,1879955,https://www2.census.gov/programs-surveys/popest/datasets/2010-2020/state/totals/nst-est2020.csv,2010-2020 estimates
2014,NV,32,2818935,https://www2.census.gov/programs-surveys/popest/datasets/2010-2020/state/totals/nst-est2020.csv,2010-2020 estimates
2014,NH,33,1334257,https://www2.census.gov/programs-surveys/popest/datasets/2010-2020/state/totals/nst-est2020.csv,2010-2020 estimates
2014,NJ,34,8867277,https://www2.census.gov/programs-surveys/popest/datasets/2010-2020/state/totals/nst-est2020.csv,2010-2020 estimates
2014,NM,35,2090236,https://www2.census.gov/programs-surveys/popest/datasets/2010-2020/state/totals/nst-est2020.csv,2010-2020 estimates
2014,NY,36,19653431,https://www2.census.gov/programs-surveys/popest/datasets/2010-2020/state/totals/nst-est2020.csv,2010-2020 estimates
2014,NC,37,9937295,https://www2.census.gov/programs-surveys/popest/datasets/2010-2020/state/totals/nst-est2020.csv,2010-2020 estimates
2014,ND,38,738736,https://www2.census.gov/programs-surveys/popest/datasets/2010-2020/state/totals/nst-est2020.csv,2010-2020 estimates
2014,OH,39,11606573,https://www2.census.gov/programs-surveys/popest/datasets/2010-2020/state/totals/nst-est2020.csv,2010-2020 estimates
2014,OK,40,3879187,https://www2.census.gov/programs-surveys/popest/datasets/2010-2020/state/totals/nst-est2020.csv,2010-2020 estimates
2014,OR,41,3965447,https://www2.census.gov/programs-surveys/popest/datasets/2010-2020/state/totals/nst-est2020.csv,2010-2020 estimates
2014,PA,42,12792392,https://www2.census.gov/programs-surveys/popest/datasets/2010-2020/state/totals/nst-est2020.csv,2010-2020 estimates
2014,RI,44,1056511,https://www2.census.gov/programs-surveys/popest/datasets/2010-2020/state/totals/nst-est2020.csv,2010-2020 estimates
2014,SC,45,4826858,https://www2.census.gov/programs-surveys/popest/datasets/2010-2020/state/totals/nst-est2020.csv,2010-2020 estimates
2014,SD,46,849670,https://www2.census.gov/programs-surveys/popest/datasets/2010-2020/state/totals/nst-est2020.csv,2010-2020 estimates
2014,TN,47,6544617,https://www2.census.gov/programs-surveys/popest/datasets/2010-2020/state/totals/nst-est2020.csv,2010-2020 estimates
2014,TX,48,26963092,https://www2.census.gov/programs-surveys/popest/datasets/2010-2020/state/totals/nst-est2020.csv,2010-2020 estimates
2014,UT,49,2938327,https://www2.census.gov/programs-surveys/popest/datasets/2010-2020/state/totals/nst-est2020.csv,2010-2020 estimates
2014,VT,50,625693,https://www2.census.gov/programs-surveys/popest/datasets/2010-2020/state/totals/nst-est2020.csv,2010-2020 estimates
2014,VA,51,8315430,https://www2.census.gov/programs-surveys/popest/datasets/2010-2020/state/totals/nst-est2020.csv,2010-2020 estimates
2014,WA,53,7057531,https://www2.census.gov/programs-surveys/popest/datasets/2010-2020/state/totals/nst-est2020.csv,2010-2020 estimates
2014,WV,54,1850569,https://www2.census.gov/programs-surveys/popest/datasets/2010-2020/state/totals/nst-est2020.csv,2010-2020 estimates
2014,WI,55,5753199,https://www2.census.gov/programs-surveys/popest/datasets/2010-2020/state/totals/nst-est2020.csv,2010-2020 estimates
2014,WY,56,583159,https://www2.census.gov/programs-surveys/popest/datasets/2010-2020/state/totals/nst-est2020.csv,2010-2020 estimates
2015,AL,01,4854803,https://www2.census.gov/programs-surveys/popest/datasets/2010-2020/state/totals/nst-est2020.csv,2010-2020 estimates
2015,AK,02,738430,https://www2.census.gov/programs-surveys/popest/datasets/2010-2020/state/totals/nst-est2020.csv,2010-2020 estimates
2015,AZ,04,6832810,https://www2.census.gov/programs-surveys/popest/datasets/2010-2020/state/totals/nst-est2020.csv,2010-2020 estimates
2015,AR,05,2979732,https://www2.census.gov/programs-surveys/popest/datasets/2010-2020/state/totals/nst-est2020.csv,2010-2020 estimates
2015,CA,06,38904296,https://www2.census.gov/programs-surveys/popest/datasets/2010-2020/state/totals/nst-est2020.csv,2010-2020 estimates
2015,CO,08,5454328,https://www2.census.gov/programs-surveys/popest/datasets/2010-2020/state/totals/nst-est2020.csv,2010-2020 estimates
2015,CT,09,3588561,https://www2.census.gov/programs-surveys/popest/datasets/2010-2020/state/totals/nst-est2020.csv,2010-2020 estimates
2015,DE,10,942065,https://www2.census.gov/programs-surveys/popest/datasets/2010-2020/state/totals/nst-est2020.csv,2010-2020 estimates
2015,DC,11,677014,https://www2.census.gov/programs-surveys/popest/datasets/2010-2020/state/totals/nst-est2020.csv,2010-2020 estimates
2015,FL,12,20219111,https://www2.census.gov/programs-surveys/popest/datasets/2010-2020/state/totals/nst-est2020.csv,2010-2020 estimates
2015,GA,13,10183353,https://www2.census.gov/programs-surveys/popest/datasets/2010-2020/state/totals/nst-est2020.csv,2010-2020 estimates
2015,HI,15,1422999,https://www2.census.gov/programs-surveys/popest/datasets/2010-2020/state/totals/nst-est2020.csv,2010-2020 estimates
2015,ID,16,1652495,https://www2.census.gov/programs-surveys/popest/datasets/2010-2020/state/totals/nst-est2020.csv,2010-2020 estimates
2015,IL,17,12859585,https://www2.census.gov/programs-surveys/popest/datasets/2010-2020/state/totals/nst-est2020.csv,2010-2020 estimates
2015,IN,18,6611442,https://www2.census.gov/programs-surveys/popest/datasets/2010-2020/state/totals/nst-est2020.csv,2010-2020 estimates
2015,IA,19,3122541,https://www2.census.gov/programs-surveys/popest/datasets/2010-2020/state/totals/nst-est2020.csv,2010-2020 estimates
2015,KS,20,2910717,https://www2.census.gov/programs-surveys/popest/datasets/2010-2020/state/totals/nst-est2020.csv,2010-2020 estimates
2015,KY,21,4429126,https://www2.census.gov/programs-surveys/popest/datasets/2010-2020/state/totals/nst-est2020.csv,2010-2020 estimates
2015,LA,22,4666998,https://www2.census.gov/programs-surveys/popest/datasets/2010-2020/state/totals/nst-est2020.csv,2010-2020 estimates
2015,ME,23,1329098,https://www2.census.gov/programs-surveys/popest/datasets/2010-2020/state/totals/nst-est2020.csv,2010-2020 estimates
2015,MD,24,5988528,https://www2.census.gov/programs-surveys/popest/datasets/2010-2020/state/totals/nst-est2020.csv,2010-2020 estimates
2015,MA,25,6797484,https://www2.census.gov/programs-surveys/popest/datasets/2010-2020/state/totals/nst-est2020.csv,2010-2020 estimates
2015,MI,26,9934483,https://www2.census.gov/programs-surveys/popest/datasets/2010-2020/state/totals/nst-est2020.csv,2010-2020 estimates
2015,MN,27,5484002,https://www2.census.gov/programs-surveys/popest/datasets/2010-2020/state/totals/nst-est2020.csv,2010-2020 estimates
2015,MS,28,2990231,https://www2.census.gov/programs-surveys/popest/datasets/2010-2020/state/totals/nst-est2020.csv,2010-2020 estimates
2015,MO,29,6075411,https://www2.census.gov/programs-surveys/popest/datasets/2010-2020/state/totals/nst-est2020.csv,2010-2020 estimates
2015,MT,30,1031495,https://www2.census.gov/programs-surveys/popest/datasets/2010-2020/state/totals/nst-est2020.csv,2010-2020 estimates
2015,NE,31,1892059,https://www2.census.gov/programs-surveys/popest/datasets/2010-2020/state/totals/nst-est2020.csv,2010-2020 estimates
2015,NV,32,2868531,https://www2.census.gov/programs-surveys/popest/datasets/2010-2020/state/totals/nst-est2020.csv,2010-2020 estimates
2015,NH,33,1337480,https://www2.census.gov/programs-surveys/popest/datasets/2010-2020/state/totals/nst-est2020.csv,2010-2020 estimates
2015,NJ,34,8870312,https://www2.census.gov/programs-surveys/popest/datasets/2010-2020/state/totals/nst-est2020.csv,2010-2020 estimates
2015,NM,35,2090071,https://www2.census.gov/programs-surveys/popest/datasets/2010-2020/state/totals/nst-est2020.csv,2010-2020 estimates
2015,NY,36,19657321,https://www2.census.gov/programs-surveys/popest/datasets/2010-2020/state/totals/nst-est2020.csv,2010-2020 estimates
2015,NC,37,10037218,https://www2.census.gov/programs-surveys/popest/datasets/2010-2020/state/totals/nst-est2020.csv,2010-2020 estimates
2015,ND,38,755537,https://www2.census.gov/programs-surveys/popest/datasets/2010-2020/state/totals/nst-est2020.csv,2010-2020 estimates
2015,OH,39,11622315,https://www2.census.gov/programs-surveys/popest/datasets/2010-2020/state/totals/nst-est2020.csv,2010-2020 estimates
2015,OK,40,3910518,https://www2.census.gov/programs-surveys/popest/datasets/2010-2020/state/totals/nst-est2020.csv,2010-2020 estimates
2015,OR,41,4018542,https://www2.census.gov/programs-surveys/popest/datasets/2010-2020/state/totals/nst-est2020.csv,2010-2020 estimates
2015,PA,42,12789838,https://www2.census.gov/programs-surveys/popest/datasets/2010-2020/state/totals/nst-est2020.csv,2010-2020 estimates
2015,RI,44,1056886,https://www2.census.gov/programs-surveys/popest/datasets/2010-2020/state/totals/nst-est2020.csv,2010-2020 estimates
2015,SC,45,4896006,https://www2.census.gov/programs-surveys/popest/datasets/2010-2020/state/totals/nst-est2020.csv,2010-2020 estimates
2015,SD,46,854663,https://www2.census.gov/programs-surveys/popest/datasets/2010-2020/state/totals/nst-est2020.csv,2010-2020 estimates
2015,TN,47,6595354,https://www2.census.gov/programs-surveys/popest/datasets/2010-2020/state/totals/nst-est2020.csv,2010-2020 estimates
2015,TX,48,27468531,https://www2.census.gov/programs-surveys/popest/datasets/2010-2020/state/totals/nst-est2020.csv,2010-2020 estimates
2015,UT,49,2983626,https://www2.census.gov/programs-surveys/popest/datasets/2010-2020/state/totals/nst-est2020.csv,2010-2020 estimates
2015,VT,50,625810,https://www2.census.gov/programs-surveys/popest/datasets/2010-2020/state/totals/nst-est2020.csv,2010-2020 estimates
2015,VA,51,8367303,https://www2.census.gov/programs-surveys/popest/datasets/2010-2020/state/totals/nst-est2020.csv,2010-2020 estimates
2015,WA,53,7167287,https://www2.census.gov/programs-surveys/popest/datasets/2010-2020/state/totals/nst-est2020.csv,2010-2020 estimates
2015,WV,54,1843332,https://www2.census.gov/programs-surveys/popest/datasets/2010-2020/state/totals/nst-est2020.csv,2010-2020 estimates
2015,WI,55,5762927,https://www2.census.gov/programs-surveys/popest/datasets/2010-2020/state/totals/nst-est2020.csv,2010-2020 estimates
2015,WY,56,586389,https://www2.census.gov/programs-surveys/popest/datasets/2010-2020/state/totals/nst-est2020.csv,2010-2020 estimates
2016,AL,01,4866824,https://www2.census.gov/programs-surveys/popest/datasets/2010-2020/state/totals/nst-est2020.csv,2010-2020 estimates
2016,AK,02,742575,https://www2.census.gov/programs-surveys/popest/datasets/2010-2020/state/totals/nst-est2020.csv,2010-2020 estimates
2016,AZ,04,6944767,https://www2.census.gov/programs-surveys/popest/datasets/2010-2020/state/totals/nst-est2020.csv,2010-2020 estimates
2016,AR,05,2991815,https://www2.census.gov/programs-surveys/popest/datasets/2010-2020/state/totals/nst-est2020.csv,2010-2020 estimates
2016,CA,06,39149186,https://www2.census.gov/programs-surveys/popest/datasets/2010-2020/state/totals/nst-est2020.csv,2010-2020 estimates
2016,CO,08,5543844,https://www2.census.gov/programs-surveys/popest/datasets/2010-2020/state/totals/nst-est2020.csv,2010-2020 estimates
2016,CT,09,3579830,https://www2.census.gov/programs-surveys/popest/datasets/2010-2020/state/totals/nst-est2020.csv,2010-2020 estimates
2016,DE,10,949989,https://www2.census.gov/programs-surveys/popest/datasets/2010-2020/state/totals/nst-est2020.csv,2010-2020 estimates
2016,DC,11,687576,https://www2.census.gov/programs-surveys/popest/datasets/2010-2020/state/totals/nst-est2020.csv,2010-2020 estimates
2016,FL,12,20627237,https://www2.census.gov/programs-surveys/popest/datasets/2010-2020/state/totals/nst-est2020.csv,2010-2020 estimates
2016,GA,13,10308442,https://www2.census.gov/programs-surveys/popest/datasets/2010-2020/state/totals/nst-est2020.csv,2010-2020 estimates
2016,HI,15,1428885,https://www2.census.gov/programs-surveys/popest/datasets/2010-2020/state/totals/nst-est2020.csv,2010-2020 estimates
2016,ID,16,1684036,https://www2.census.gov/programs-surveys/popest/datasets/2010-2020/state/totals/nst-est2020.csv,2010-2020 estimates
2016,IL,17,12821709,https://www2.census.gov/programs-surveys/popest/datasets/2010-2020/state/totals/nst-est2020.csv,2010-2020 estimates
2016,IN,18,6637898,https://www2.census.gov/programs-surveys/popest/datasets/2010-2020/state/totals/nst-est2020.csv,2010-2020 estimates
2016,IA,19,3133210,https://www2.census.gov/programs-surveys/popest/datasets/2010-2020/state/totals/nst-est2020.csv,2010-2020 estimates
2016,KS,20,2912977,https://www2.census.gov/programs-surveys/popest/datasets/2010-2020/state/totals/nst-est2020.csv,2010-2020 estimates
2016,KY,21,4440306,https://www2.census.gov/programs-surveys/popest/datasets/2010-2020/state/totals/nst-est2020.csv,2010-2020 estimates
2016,LA,22,4681346,https://www2.census.gov/programs-surveys/popest/datasets/2010-2020/state/totals/nst-est2020.csv,2010-2020 estimates
2016,ME,23,1332348,https://www2.census.gov/programs-surveys/popest/datasets/2010-2020/state/totals/nst-est2020.csv,2010-2020 estimates
2016,MD,24,6007014,https://www2.census.gov/programs-surveys/popest/datasets/2010-2020/state/totals/nst-est2020.csv,2010-2020 estimates
2016,MA,25,6827280,https://www2.census.gov/programs-surveys/popest/datasets/2010-2020/state/totals/nst-est2020.csv,2010-2020 estimates
2016,MI,26,9954117,https://www2.census.gov/programs-surveys/popest/datasets/2010-2020/state/totals/nst-est2020.csv,2010-2020 estimates
2016,MN,27,5525360,https://www2.census.gov/programs-surveys/popest/datasets/2010-2020/state/totals/nst-est2020.csv,2010-2020 estimates
2016,MS,28,2990595,https://www2.census.gov/programs-surveys/popest/datasets/2010-2020/state/totals/nst-est2020.csv,2010-2020 estimates
2016,MO,29,6091384,https://www2.census.gov/programs-surveys/popest/datasets/2010-2020/state/totals/nst-est2020.csv,2010-2020 estimates
2016,MT,30,1042137,https://www2.census.gov/programs-surveys/popest/datasets/2010-2020/state/totals/nst-est2020.csv,2010-2020 estimates
2016,NE,31,1906483,https://www2.census.gov/programs-surveys/popest/datasets/2010-2020/state/totals/nst-est2020.csv,2010-2020 estimates
2016,NV,32,2919555,https://www2.census.gov/programs-surveys/popest/datasets/2010-2020/state/totals/nst-est2020.csv,2010-2020 estimates
2016,NH,33,1343694,https://www2.census.gov/programs-surveys/popest/datasets/2010-2020/state/totals/nst-est2020.csv,2010-2020 estimates
2016,NJ,34,8873584,https://www2.census.gov/programs-surveys/popest/datasets/2010-2020/state/totals/nst-est2020.csv,2010-2020 estimates
2016,NM,35,2092555,https://www2.census.gov/programs-surveys/popest/datasets/2010-2020/state/totals/nst-est2020.csv,2010-2020 estimates
2016,NY,36,19636391,https://www2.census.gov/programs-surveys/popest/datasets/2010-2020/state/totals/nst-est2020.csv,2010-2020 estimates
2016,NC,37,10161802,https://www2.census.gov/programs-surveys/popest/datasets/2010-2020/state/totals/nst-est2020.csv,2010-2020 estimates
2016,ND,38,756114,https://www2.census.gov/programs-surveys/popest/datasets/2010-2020/state/totals/nst-est2020.csv,2010-2020 estimates
2016,OH,39,11640060,https://www2.census.gov/programs-surveys/popest/datasets/2010-2020/state/totals/nst-est2020.csv,2010-2020 estimates
2016,OK,40,3928143,https://www2.census.gov/programs-surveys/popest/datasets/2010-2020/state/totals/nst-est2020.csv,2010-2020 estimates
2016,OR,41,4093271,https://www2.census.gov/programs-surveys/popest/datasets/2010-2020/state/totals/nst-est2020.csv,2010-2020 estimates
2016,PA,42,12788468,https://www2.census.gov/programs-surveys/popest/datasets/2010-2020/state/totals/nst-est2020.csv,2010-2020 estimates
2016,RI,44,1057816,https://www2.census.gov/programs-surveys/popest/datasets/2010-2020/state/totals/nst-est2020.csv,2010-2020 estimates
2016,SC,45,4963031,https://www2.census.gov/programs-surveys/popest/datasets/2010-2020/state/totals/nst-est2020.csv,2010-2020 estimates
2016,SD,46,863693,https://www2.census.gov/programs-surveys/popest/datasets/2010-2020/state/totals/nst-est2020.csv,2010-2020 estimates
2016,TN,47,6651277,https://www2.census.gov/programs-surveys/popest/datasets/2010-2020/state/totals/nst-est2020.csv,2010-2020 estimates
2016,TX,48,27914064,https://www2.census.gov/programs-surveys/popest/datasets/2010-2020/state/totals/nst-est2020.csv,2010-2020 estimates
2016,UT,49,3044241,https://www2.census.gov/programs-surveys/popest/datasets/2010-2020/state/totals/nst-est2020.csv,2010-2020 estimates
2016,VT,50,624366,https://www2.census.gov/programs-surveys/popest/datasets/2010-2020/state/totals/nst-est2020.csv,2010-2020 estimates
2016,VA,51,8417651,https://www2.census.gov/programs-surveys/popest/datasets/2010-2020/state/totals/nst-est2020.csv,2010-2020 estimates
2016,WA,53,7299961,https://www2.census.gov/programs-surveys/popest/datasets/2010-2020/state/totals/nst-est2020.csv,2010-2020 estimates
2016,WV,54,1832435,https://www2.census.gov/programs-surveys/popest/datasets/2010-2020/state/totals/nst-est2020.csv,2010-2020 estimates
2016,WI,55,5775170,https://www2.census.gov/programs-surveys/popest/datasets/2010-2020/state/totals/nst-est2020.csv,2010-2020 estimates
2016,WY,56,585243,https://www2.census.gov/programs-surveys/popest/datasets/2010-2020/state/totals/nst-est2020.csv,2010-2020 estimates
2017,AL,01,4877989,https://www2.census.gov/programs-surveys/popest/datasets/2010-2020/state/totals/nst-est2020.csv,2010-2020 estimates
2017,AK,02,740983,https://www2.census.gov/programs-surveys/popest/datasets/2010-2020/state/totals/nst-est2020.csv,2010-2020 estimates
2017,AZ,04,7048088,https://www2.census.gov/programs-surveys/popest/datasets/2010-2020/state/totals/nst-est2020.csv,2010-2020 estimates
2017,AR,05,3003855,https://www2.census.gov/programs-surveys/popest/datasets/2010-2020/state/totals/nst-est2020.csv,2010-2020 estimates
2017,CA,06,39337785,https://www2.census.gov/programs-surveys/popest/datasets/2010-2020/state/totals/nst-est2020.csv,2010-2020 estimates
2017,CO,08,5617421,https://www2.census.gov/programs-surveys/popest/datasets/2010-2020/state/totals/nst-est2020.csv,2010-2020 estimates
2017,CT,09,3575324,https://www2.census.gov/programs-surveys/popest/datasets/2010-2020/state/totals/nst-est2020.csv,2010-2020 estimates
2017,DE,10,957942,https://www2.census.gov/programs-surveys/popest/datasets/2010-2020/state/totals/nst-est2020.csv,2010-2020 estimates
2017,DC,11,697079,https://www2.census.gov/programs-surveys/popest/datasets/2010-2020/state/totals/nst-est2020.csv,2010-2020 estimates
2017,FL,12,20977089,https://www2.census.gov/programs-surveys/popest/datasets/2010-2020/state/totals/nst-est2020.csv,2010-2020 estimates
2017,GA,13,10417031,https://www2.census.gov/programs-surveys/popest/datasets/2010-2020/state/totals/nst-est2020.csv,2010-2020 estimates
2017,HI,15,1425763,https://www2.census.gov/programs-surveys/popest/datasets/2010-2020/state/totals/nst-est2020.csv,2010-2020 estimates
2017,ID,16,1719745,https://www2.census.gov/programs-surveys/popest/datasets/2010-2020/state/totals/nst-est2020.csv,2010-2020 estimates
2017,IL,17,12779893,https://www2.census.gov/programs-surveys/popest/datasets/2010-2020/state/totals/nst-est2020.csv,2010-2020 estimates
2017,IN,18,6662068,https://www2.census.gov/programs-surveys/popest/datasets/2010-2020/state/totals/nst-est2020.csv,2010-2020 estimates
2017,IA,19,3143734,https://www2.census.gov/programs-surveys/popest/datasets/2010-2020/state/totals/nst-est2020.csv,2010-2020 estimates
2017,KS,20,2910892,https://www2.census.gov/programs-surveys/popest/datasets/2010-2020/state/totals/nst-est2020.csv,2010-2020 estimates
2017,KY,21,4455590,https://www2.census.gov/programs-surveys/popest/datasets/2010-2020/state/totals/nst-est2020.csv,2010-2020 estimates
2017,LA,22,4673673,https://www2.census.gov/programs-surveys/popest/datasets/2010-2020/state/totals/nst-est2020.csv,2010-2020 estimates
2017,ME,23,1335743,https://www2.census.gov/programs-surveys/popest/datasets/2010-2020/state/totals/nst-est2020.csv,2010-2020 estimates
2017,MD,24,6028186,https://www2.census.gov/programs-surveys/popest/datasets/2010-2020/state/totals/nst-est2020.csv,2010-2020 estimates
2017,MA,25,6863560,https://www2.census.gov/programs-surveys/popest/datasets/2010-2020/state/totals/nst-est2020.csv,2010-2020 estimates
2017,MI,26,9976752,https://www2.census.gov/programs-surveys/popest/datasets/2010-2020/state/totals/nst-est2020.csv,2010-2020 estimates
2017,MN,27,5569283,https://www2.census.gov/programs-surveys/popest/datasets/2010-2020/state/totals/nst-est2020.csv,2010-2020 estimates
2017,MS,28,2990674,https://www2.census.gov/programs-surveys/popest/datasets/2010-2020/state/totals/nst-est2020.csv,2010-2020 estimates
2017,MO,29,6111382,https://www2.census.gov/programs-surveys/popest/datasets/2010-2020/state/totals/nst-est2020.csv,2010-2020 estimates
2017,MT,30,1053862,https://www2.census.gov/programs-surveys/popest/datasets/2010-2020/state/totals/nst-est2020.csv,2010-2020 estimates
2017,NE,31,1916998,https://www2.census.gov/programs-surveys/popest/datasets/2010-2020/state/totals/nst-est2020.csv,2010-2020 estimates
2017,NV,32,2972097,https://www2.census.gov/programs-surveys/popest/datasets/2010-2020/state/totals/nst-est2020.csv,2010-2020 estimates
2017,NH,33,1350395,https://www2.census.gov/programs-surveys/popest/datasets/2010-2020/state/totals/nst-est2020.csv,2010-2020 estimates
2017,NJ,34,8888147,https://www2.census.gov/programs-surveys/popest/datasets/2010-2020/state/totals/nst-est2020.csv,2010-2020 estimates
2017,NM,35,2092844,https://www2.census.gov/programs-surveys/popest/datasets/2010-2020/state/totals/nst-est2020.csv,2010-2020 estimates
2017,NY,36,19593849,https://www2.census.gov/programs-surveys/popest/datasets/2010-2020/state/totals/nst-est2020.csv,2010-2020 estimates
2017,NC,37,10275758,https://www2.census.gov/programs-surveys/popest/datasets/2010-2020/state/totals/nst-est2020.csv,2010-2020 estimates
2017,ND,38,756755,https://www2.census.gov/programs-surveys/popest/datasets/2010-2020/state/totals/nst-est2020.csv,2010-2020 estimates
2017,OH,39,11665706,https://www2.census.gov/programs-surveys/popest/datasets/2010-2020/state/totals/nst-est2020.csv,2010-2020 estimates
2017,OK,40,3933602,https://www2.census.gov/programs-surveys/popest/datasets/2010-2020/state/totals/nst-est2020.csv,2010-2020 estimates
2017,OR,41,4147294,https://www2.census.gov/programs-surveys/popest/datasets/2010-2020/state/totals/nst-est2020.csv,2010-2020 estimates
2017,PA,42,12794679,https://www2.census.gov/programs-surveys/popest/datasets/2010-2020/state/totals/nst-est2020.csv,2010-2020 estimates
2017,RI,44,1056554,https://www2.census.gov/programs-surveys/popest/datasets/2010-2020/state/totals/nst-est2020.csv,2010-2020 estimates
2017,SC,45,5027102,https://www2.census.gov/programs-surveys/popest/datasets/2010-2020/state/totals/nst-est2020.csv,2010-2020 estimates
2017,SD,46,873732,https://www2.census.gov/programs-surveys/popest/datasets/2010-2020/state/totals/nst-est2020.csv,2010-2020 estimates
2017,TN,47,6714748,https://www2.census.gov/programs-surveys/popest/datasets/2010-2020/state/totals/nst-est2020.csv,2010-2020 estimates
2017,TX,48,28291024,https://www2.census.gov/programs-surveys/popest/datasets/2010-2020/state/totals/nst-est2020.csv,2010-2020 estimates
2017,UT,49,3103540,https://www2.census.gov/programs-surveys/popest/datasets/2010-2020/state/totals/nst-est2020.csv,2010-2020 estimates
2017,VT,50,625132,https://www2.census.gov/programs-surveys/popest/datasets/2010-2020/state/totals/nst-est2020.csv,2010-2020 estimates
2017,VA,51,8471011,https://www2.census.gov/programs-surveys/popest/datasets/2010-2020/state/totals/nst-est2020.csv,2010-2020 estimates
2017,WA,53,7427951,https://www2.census.gov/programs-surveys/popest/datasets/2010-2020/state/totals/nst-est2020.csv,2010-2020 estimates
2017,WV,54,1818683,https://www2.census.gov/programs-surveys/popest/datasets/2010-2020/state/totals/nst-est2020.csv,2010-2020 estimates
2017,WI,55,5793147,https://www2.census.gov/programs-surveys/popest/datasets/2010-2020/state/totals/nst-est2020.csv,2010-2020 estimates
2017,WY,56,579994,https://www2.census.gov/programs-surveys/popest/datasets/2010-2020/state/totals/nst-est2020.csv,2010-2020 estimates
2018,AL,01,4891628,https://www2.census.gov/programs-surveys/popest/datasets/2010-2020/state/totals/nst-est2020.csv,2010-2020 estimates
2018,AK,02,736624,https://www2.census.gov/programs-surveys/popest/datasets/2010-2020/state/totals/nst-est2020.csv,2010-2020 estimates
2018,AZ,04,7164228,https://www2.census.gov/programs-surveys/popest/datasets/2010-2020/state/totals/nst-est2020.csv,2010-2020 estimates
2018,AR,05,3012161,https://www2.census.gov/programs-surveys/popest/datasets/2010-2020/state/totals/nst-est2020.csv,2010-2020 estimates
2018,CA,06,39437463,https://www2.census.gov/programs-surveys/popest/datasets/2010-2020/state/totals/nst-est2020.csv,2010-2020 estimates
2018,CO,08,5697155,https://www2.census.gov/programs-surveys/popest/datasets/2010-2020/state/totals/nst-est2020.csv,2010-2020 estimates
2018,CT,09,3574561,https://www2.census.gov/programs-surveys/popest/datasets/2010-2020/state/totals/nst-est2020.csv,2010-2020 estimates
2018,DE,10,966985,https://www2.census.gov/programs-surveys/popest/datasets/2010-2020/state/totals/nst-est2020.csv,2010-2020 estimates
2018,DC,11,704147,https://www2.census.gov/programs-surveys/popest/datasets/2010-2020/state/totals/nst-est2020.csv,2010-2020 estimates
2018,FL,12,21254926,https://www2.census.gov/programs-surveys/popest/datasets/2010-2020/state/totals/nst-est2020.csv,2010-2020 estimates
2018,GA,13,10519389,https://www2.census.gov/programs-surveys/popest/datasets/2010-2020/state/totals/nst-est2020.csv,2010-2020 estimates
2018,HI,15,1423102,https://www2.census.gov/programs-surveys/popest/datasets/2010-2020/state/totals/nst-est2020.csv,2010-2020 estimates
2018,ID,16,1752074,https://www2.census.gov/programs-surveys/popest/datasets/2010-2020/state/totals/nst-est2020.csv,2010-2020 estimates
2018,IL,17,12724685,https://www2.census.gov/programs-surveys/popest/datasets/2010-2020/state/totals/nst-est2020.csv,2010-2020 estimates
2018,IN,18,6698481,https://www2.census.gov/programs-surveys/popest/datasets/2010-2020/state/totals/nst-est2020.csv,2010-2020 estimates
2018,IA,19,3149900,https://www2.census.gov/programs-surveys/popest/datasets/2010-2020/state/totals/nst-est2020.csv,2010-2020 estimates
2018,KS,20,2912748,https://www2.census.gov/programs-surveys/popest/datasets/2010-2020/state/totals/nst-est2020.csv,2010-2020 estimates
2018,KY,21,4464273,https://www2.census.gov/programs-surveys/popest/datasets/2010-2020/state/totals/nst-est2020.csv,2010-2020 estimates
2018,LA,22,4664450,https://www2.census.gov/programs-surveys/popest/datasets/2010-2020/state/totals/nst-est2020.csv,2010-2020 estimates
2018,ME,23,1340123,https://www2.census.gov/programs-surveys/popest/datasets/2010-2020/state/totals/nst-est2020.csv,2010-2020 estimates
2018,MD,24,6042153,https://www2.census.gov/programs-surveys/popest/datasets/2010-2020/state/totals/nst-est2020.csv,2010-2020 estimates
2018,MA,25,6885720,https://www2.census.gov/programs-surveys/popest/datasets/2010-2020/state/totals/nst-est2020.csv,2010-2020 estimates
2018,MI,26,9987286,https://www2.census.gov/programs-surveys/popest/datasets/2010-2020/state/totals/nst-est2020.csv,2010-2020 estimates
2018,MN,27,5608762,https://www2.census.gov/programs-surveys/popest/datasets/2010-2020/state/totals/nst-est2020.csv,2010-2020 estimates
2018,MS,28,2982879,https://www2.census.gov/programs-surveys/popest/datasets/2010-2020/state/totals/nst-est2020.csv,2010-2020 estimates
2018,MO,29,6125986,https://www2.census.gov/programs-surveys/popest/datasets/2010-2020/state/totals/nst-est2020.csv,2010-2020 estimates
2018,MT,30,1061818,https://www2.census.gov/programs-surveys/popest/datasets/2010-2020/state/totals/nst-est2020.csv,2010-2020 estimates
2018,NE,31,1925512,https://www2.census.gov/programs-surveys/popest/datasets/2010-2020/state/totals/nst-est2020.csv,2010-2020 estimates
2018,NV,32,3030725,https://www2.census.gov/programs-surveys/popest/datasets/2010-2020/state/totals/nst-est2020.csv,2010-2020 estimates
2018,NH,33,1355064,https://www2.census.gov/programs-surveys/popest/datasets/2010-2020/state/totals/nst-est2020.csv,2010-2020 estimates
2018,NJ,34,8891730,https://www2.census.gov/programs-surveys/popest/datasets/2010-2020/state/totals/nst-est2020.csv,2010-2020 estimates
2018,NM,35,2093754,https://www2.census.gov/programs-surveys/popest/datasets/2010-2020/state/totals/nst-est2020.csv,2010-2020 estimates
2018,NY,36,19544098,https://www2.census.gov/programs-surveys/popest/datasets/2010-2020/state/totals/nst-est2020.csv,2010-2020 estimates
2018,NC,37,10391358,https://www2.census.gov/programs-surveys/popest/datasets/2010-2020/state/totals/nst-est2020.csv,2010-2020 estimates
2018,ND,38,760062,https://www2.census.gov/programs-surveys/popest/datasets/2010-2020/state/totals/nst-est2020.csv,2010-2020 estimates
2018,OH,39,11680892,https://www2.census.gov/programs-surveys/popest/datasets/2010-2020/state/totals/nst-est2020.csv,2010-2020 estimates
2018,OK,40,3943488,https://www2.census.gov/programs-surveys/popest/datasets/2010-2020/state/totals/nst-est2020.csv,2010-2020 estimates
2018,OR,41,4183538,https://www2.census.gov/programs-surveys/popest/datasets/2010-2020/state/totals/nst-est2020.csv,2010-2020 estimates
2018,PA,42,12809107,https://www2.census.gov/programs-surveys/popest/datasets/2010-2020/state/totals/nst-est2020.csv,2010-2020 estimates
2018,RI,44,1059338,https://www2.census.gov/programs-surveys/popest/datasets/2010-2020/state/totals/nst-est2020.csv,2010-2020 estimates
2018,SC,45,5091702,https://www2.census.gov/programs-surveys/popest/datasets/2010-2020/state/totals/nst-est2020.csv,2010-2020 estimates
2018,SD,46,879386,https://www2.census.gov/programs-surveys/popest/datasets/2010-2020/state/totals/nst-est2020.csv,2010-2020 estimates
2018,TN,47,6778180,https://www2.census.gov/programs-surveys/popest/datasets/2010-2020/state/totals/nst-est2020.csv,2010-2020 estimates
2018,TX,48,28624564,https://www2.census.gov/programs-surveys/popest/datasets/2010-2020/state/totals/nst-est2020.csv,2010-2020 estimates
2018,UT,49,3155153,https://www2.census.gov/programs-surveys/popest/datasets/2010-2020/state/totals/nst-est2020.csv,2010-2020 estimates
2018,VT,50,624802,https://www2.census.gov/programs-surveys/popest/datasets/2010-2020/state/totals/nst-est2020.csv,2010-2020 estimates
2018,VA,51,8510920,https://www2.census.gov/programs-surveys/popest/datasets/2010-2020/state/totals/nst-est2020.csv,2010-2020 estimates
2018,WA,53,7526793,https://www2.census.gov/programs-surveys/popest/datasets/2010-2020/state/totals/nst-est2020.csv,2010-2020 estimates
2018,WV,54,1805953,https://www2.census.gov/programs-surveys/popest/datasets/2010-2020/state/totals/nst-est2020.csv,2010-2020 estimates
2018,WI,55,5809319,https://www2.census.gov/programs-surveys/popest/datasets/2010-2020/state/totals/nst-est2020.csv,2010-2020 estimates
2018,WY,56,579054,https://www2.census.gov/programs-surveys/popest/datasets/2010-2020/state/totals/nst-est2020.csv,2010-2020 estimates
2019,AL,01,4907965,https://www2.census.gov/programs-surveys/popest/datasets/2010-2020/state/totals/nst-est2020.csv,2010-2020 estimates
2019,AK,02,733603,https://www2.census.gov/programs-surveys/popest/datasets/2010-2020/state/totals/nst-est2020.csv,2010-2020 estimates
2019,AZ,04,7291843,https://www2.census.gov/programs-surveys/popest/datasets/2010-2020/state/totals/nst-est2020.csv,2010-2020 estimates
2019,AR,05,3020985,https://www2.census.gov/programs-surveys/popest/datasets/2010-2020/state/totals/nst-est2020.csv,2010-2020 estimates
2019,CA,06,39437610,https://www2.census.gov/programs-surveys/popest/datasets/2010-2020/state/totals/nst-est2020.csv,2010-2020 estimates
2019,CO,08,5758486,https://www2.census.gov/programs-surveys/popest/datasets/2010-2020/state/totals/nst-est2020.csv,2010-2020 estimates
2019,CT,09,3566022,https://www2.census.gov/programs-surveys/popest/datasets/2010-2020/state/totals/nst-est2020.csv,2010-2020 estimates
2019,DE,10,976668,https://www2.census.gov/programs-surveys/popest/datasets/2010-2020/state/totals/nst-est2020.csv,2010-2020 estimates
2019,DC,11,708253,https://www2.census.gov/programs-surveys/popest/datasets/2010-2020/state/totals/nst-est2020.csv,2010-2020 estimates
2019,FL,12,21492056,https://www2.census.gov/programs-surveys/popest/datasets/2010-2020/state/totals/nst-est2020.csv,2010-2020 estimates
2019,GA,13,10628020,https://www2.census.gov/programs-surveys/popest/datasets/2010-2020/state/totals/nst-est2020.csv,2010-2020 estimates
2019,HI,15,1415615,https://www2.census.gov/programs-surveys/popest/datasets/2010-2020/state/totals/nst-est2020.csv,2010-2020 estimates
2019,ID,16,1789060,https://www2.census.gov/programs-surveys/popest/datasets/2010-2020/state/totals/nst-est2020.csv,2010-2020 estimates
2019,IL,17,12667017,https://www2.census.gov/programs-surveys/popest/datasets/2010-2020/state/totals/nst-est2020.csv,2010-2020 estimates
2019,IN,18,6731010,https://www2.census.gov/programs-surveys/popest/datasets/2010-2020/state/totals/nst-est2020.csv,2010-2020 estimates
2019,IA,19,3159596,https://www2.census.gov/programs-surveys/popest/datasets/2010-2020/state/totals/nst-est2020.csv,2010-2020 estimates
2019,KS,20,2912635,https://www2.census.gov/programs-surveys/popest/datasets/2010-2020/state/totals/nst-est2020.csv,2010-2020 estimates
2019,KY,21,4472345,https://www2.census.gov/programs-surveys/popest/datasets/2010-2020/state/totals/nst-est2020.csv,2010-2020 estimates
2019,LA,22,4658285,https://www2.census.gov/programs-surveys/popest/datasets/2010-2020/state/totals/nst-est2020.csv,2010-2020 estimates
2019,ME,23,1345770,https://www2.census.gov/programs-surveys/popest/datasets/2010-2020/state/totals/nst-est2020.csv,2010-2020 estimates
2019,MD,24,6054954,https://www2.census.gov/programs-surveys/popest/datasets/2010-2020/state/totals/nst-est2020.csv,2010-2020 estimates
2019,MA,25,6894883,https://www2.census.gov/programs-surveys/popest/datasets/2010-2020/state/totals/nst-est2020.csv,2010-2020 estimates
2019,MI,26,9984795,https://www2.census.gov/programs-surveys/popest/datasets/2010-2020/state/totals/nst-est2020.csv,2010-2020 estimates
2019,MN,27,5640053,https://www2.census.gov/programs-surveys/popest/datasets/2010-2020/state/totals/nst-est2020.csv,2010-2020 estimates
2019,MS,28,2978227,https://www2.census.gov/programs-surveys/popest/datasets/2010-2020/state/totals/nst-est2020.csv,2010-2020 estimates
2019,MO,29,6140475,https://www2.census.gov/programs-surveys/popest/datasets/2010-2020/state/totals/nst-est2020.csv,2010-2020 estimates
2019,MT,30,1070123,https://www2.census.gov/programs-surveys/popest/datasets/2010-2020/state/totals/nst-est2020.csv,2010-2020 estimates
2019,NE,31,1932571,https://www2.census.gov/programs-surveys/popest/datasets/2010-2020/state/totals/nst-est2020.csv,2010-2020 estimates
2019,NV,32,3090771,https://www2.census.gov/programs-surveys/popest/datasets/2010-2020/state/totals/nst-est2020.csv,2010-2020 estimates
2019,NH,33,1360783,https://www2.census.gov/programs-surveys/popest/datasets/2010-2020/state/totals/nst-est2020.csv,2010-2020 estimates
2019,NJ,34,8891258,https://www2.census.gov/programs-surveys/popest/datasets/2010-2020/state/totals/nst-est2020.csv,2010-2020 estimates
2019,NM,35,2099634,https://www2.census.gov/programs-surveys/popest/datasets/2010-2020/state/totals/nst-est2020.csv,2010-2020 estimates
2019,NY,36,19463131,https://www2.census.gov/programs-surveys/popest/datasets/2010-2020/state/totals/nst-est2020.csv,2010-2020 estimates
2019,NC,37,10501384,https://www2.census.gov/programs-surveys/popest/datasets/2010-2020/state/totals/nst-est2020.csv,2010-2020 estimates
2019,ND,38,763724,https://www2.census.gov/programs-surveys/popest/datasets/2010-2020/state/totals/nst-est2020.csv,2010-2020 estimates
2019,OH,39,11696507,https://www2.census.gov/programs-surveys/popest/datasets/2010-2020/state/totals/nst-est2020.csv,2010-2020 estimates
2019,OK,40,3960676,https://www2.census.gov/programs-surveys/popest/datasets/2010-2020/state/totals/nst-est2020.csv,2010-2020 estimates
2019,OR,41,4216116,https://www2.census.gov/programs-surveys/popest/datasets/2010-2020/state/totals/nst-est2020.csv,2010-2020 estimates
2019,PA,42,12798883,https://www2.census.gov/programs-surveys/popest/datasets/2010-2020/state/totals/nst-est2020.csv,2010-2020 estimates
2019,RI,44,1058158,https://www2.census.gov/programs-surveys/popest/datasets/2010-2020/state/totals/nst-est2020.csv,2010-2020 estimates
2019,SC,45,5157702,https://www2.census.gov/programs-surveys/popest/datasets/2010-2020/state/totals/nst-est2020.csv,2010-2020 estimates
2019,SD,46,887127,https://www2.census.gov/programs-surveys/popest/datasets/2010-2020/state/totals/nst-est2020.csv,2010-2020 estimates
2019,TN,47,6830325,https://www2.census.gov/programs-surveys/popest/datasets/2010-2020/state/totals/nst-est2020.csv,2010-2020 estimates
2019,TX,48,28986794,https://www2.census.gov/programs-surveys/popest/datasets/2010-2020/state/totals/nst-est2020.csv,2010-2020 estimates
2019,UT,49,3203383,https://www2.census.gov/programs-surveys/popest/datasets/2010-2020/state/totals/nst-est2020.csv,2010-2020 estimates
2019,VT,50,624046,https://www2.census.gov/programs-surveys/popest/datasets/2010-2020/state/totals/nst-est2020.csv,2010-2020 estimates
2019,VA,51,8556642,https://www2.census.gov/programs-surveys/popest/datasets/2010-2020/state/totals/nst-est2020.csv,2010-2020 estimates
2019,WA,53,7614024,https://www2.census.gov/programs-surveys/popest/datasets/2010-2020/state/totals/nst-est2020.csv,2010-2020 estimates
2019,WV,54,1795263,https://www2.census.gov/programs-surveys/popest/datasets/2010-2020/state/totals/nst-est2020.csv,2010-2020 estimates
2019,WI,55,5824581,https://www2.census.gov/programs-surveys/popest/datasets/2010-2020/state/totals/nst-est2020.csv,2010-2020 estimates
2019,WY,56,580116,https://www2.census.gov/programs-surveys/popest/datasets/2010-2020/state/totals/nst-est2020.csv,2010-2020 estimates
2020,AL,01,4921532,https://www2.census.gov/programs-surveys/popest/datasets/2010-2020/state/totals/nst-est2020.csv,2010-2020 estimates
2020,AK,02,731158,https://www2.census.gov/programs-surveys/popest/datasets/2010-2020/state/totals/nst-est2020.csv,2010-2020 estimates
2020,AZ,04,7421401,https://www2.census.gov/programs-surveys/popest/datasets/2010-2020/state/totals/nst-est2020.csv,2010-2020 estimates
2020,AR,05,3030522,https://www2.census.gov/programs-surveys/popest/datasets/2010-2020/state/totals/nst-est2020.csv,2010-2020 estimates
2020,CA,06,39368078,https://www2.census.gov/programs-surveys/popest/datasets/2010-2020/state/totals/nst-est2020.csv,2010-2020 estimates
2020,CO,08,5807719,https://www2.census.gov/programs-surveys/popest/datasets/2010-2020/state/totals/nst-est2020.csv,2010-2020 estimates
2020,CT,09,3557006,https://www2.census.gov/programs-surveys/popest/datasets/2010-2020/state/totals/nst-est2020.csv,2010-2020 estimates
2020,DE,10,986809,https://www2.census.gov/programs-surveys/popest/datasets/2010-2020/state/totals/nst-est2020.csv,2010-2020 estimates
2020,DC,11,712816,https://www2.census.gov/programs-surveys/popest/datasets/2010-2020/state/totals/nst-est2020.csv,2010-2020 estimates
2020,FL,12,21733312,https://www2.census.gov/programs-surveys/popest/datasets/2010-2020/state/totals/nst-est2020.csv,2010-2020 estimates
2020,GA,13,10710017,https://www2.census.gov/programs-surveys/popest/datasets/2010-2020/state/totals/nst-est2020.csv,2010-2020 estimates
2020,HI,15,1407006,https://www2.census.gov/programs-surveys/popest/datasets/2010-2020/state/totals/nst-est2020.csv,2010-2020 estimates
2020,ID,16,1826913,https://www2.census.gov/programs-surveys/popest/datasets/2010-2020/state/totals/nst-est2020.csv,2010-2020 estimates
2020,IL,17,12587530,https://www2.census.gov/programs-surveys/popest/datasets/2010-2020/state/totals/nst-est2020.csv,2010-2020 estimates
2020,IN,18,6754953,https://www2.census.gov/programs-surveys/popest/datasets/2010-2020/state/totals/nst-est2020.csv,2010-2020 estimates
2020,IA,19,3163561,https://www2.census.gov/programs-surveys/popest/datasets/2010-2020/state/totals/nst-est2020.csv,2010-2020 estimates
2020,KS,20,2913805,https://www2.census.gov/programs-surveys/popest/datasets/2010-2020/state/totals/nst-est2020.csv,2010-2020 estimates
2020,KY,21,4477251,https://www2.census.gov/programs-surveys/popest/datasets/2010-2020/state/totals/nst-est2020.csv,2010-2020 estimates
2020,LA,22,4645318,https://www2.census.gov/programs-surveys/popest/datasets/2010-2020/state/totals/nst-est2020.csv,2010-2020 estimates
2020,ME,23,1350141,https://www2.census.gov/programs-surveys/popest/datasets/2010-2020/state/totals/nst-est2020.csv,2010-2020 estimates
2020,MD,24,6055802,https://www2.census.gov/programs-surveys/popest/datasets/2010-2020/state/totals/nst-est2020.csv,2010-2020 estimates
2020,MA,25,6893574,https://www2.census.gov/programs-surveys/popest/datasets/2010-2020/state/totals/nst-est2020.csv,2010-2020 estimates
2020,MI,26,9966555,https://www2.census.gov/programs-surveys/popest/datasets/2010-2020/state/totals/nst-est2020.csv,2010-2020 estimates
2020,MN,27,5657342,https://www2.census.gov/programs-surveys/popest/datasets/2010-2020/state/totals/nst-est2020.csv,2010-2020 estimates
2020,MS,28,2966786,https://www2.census.gov/programs-surveys/popest/datasets/2010-2020/state/totals/nst-est2020.csv,2010-2020 estimates
2020,MO,29,6151548,https://www2.census.gov/programs-surveys/popest/datasets/2010-2020/state/totals/nst-est2020.csv,2010-2020 estimates
2020,MT,30,1080577,https://www2.census.gov/programs-surveys/popest/datasets/2010-2020/state/totals/nst-est2020.csv,2010-2020 estimates
2020,NE,31,1937552,https://www2.census.gov/programs-surveys/popest/datasets/2010-2020/state/totals/nst-est2020.csv,2010-2020 estimates
2020,NV,32,3138259,https://www2.census.gov/programs-surveys/popest/datasets/2010-2020/state/totals/nst-est2020.csv,2010-2020 estimates
2020,NH,33,1366275,https://www2.census.gov/programs-surveys/popest/datasets/2010-2020/state/totals/nst-est2020.csv,2010-2020 estimates
2020,NJ,34,8882371,https://www2.census.gov/programs-surveys/popest/datasets/2010-2020/state/totals/nst-est2020.csv,2010-2020 estimates
2020,NM,35,2106319,https://www2.census.gov/programs-surveys/popest/datasets/2010-2020/state/totals/nst-est2020.csv,2010-2020 estimates
2020,NY,36,19336776,https://www2.census.gov/programs-surveys/popest/datasets/2010-2020/state/totals/nst-est2020.csv,2010-2020 estimates
2020,NC,37,10600823,https://www2.census.gov/programs-surveys/popest/datasets/2010-2020/state/totals/nst-est2020.csv,2010-2020 estimates
2020,ND,38,765309,https://www2.census.gov/programs-surveys/popest/datasets/2010-2020/state/totals/nst-est2020.csv,2010-2020 estimates
2020,OH,39,11693217,https://www2.census.gov/programs-surveys/popest/datasets/2010-2020/state/totals/nst-est2020.csv,2010-2020 estimates
2020,OK,40,3980783,https://www2.census.gov/programs-surveys/popest/datasets/2010-2020/state/totals/nst-est2020.csv,2010-2020 estimates
2020,OR,41,4241507,https://www2.census.gov/programs-surveys/popest/datasets/2010-2020/state/totals/nst-est2020.csv,2010-2020 estimates
2020,PA,42,12783254,https://www2.census.gov/programs-surveys/popest/datasets/2010-2020/state/totals/nst-est2020.csv,2010-2020 estimates
2020,RI,44,1057125,https://www2.census.gov/programs-surveys/popest/datasets/2010-2020/state/totals/nst-est2020.csv,2010-2020 estimates
2020,SC,45,5218040,https://www2.census.gov/programs-surveys/popest/datasets/2010-2020/state/totals/nst-est2020.csv,2010-2020 estimates
2020,SD,46,892717,https://www2.census.gov/programs-surveys/popest/datasets/2010-2020/state/totals/nst-est2020.csv,2010-2020 estimates
2020,TN,47,6886834,https://www2.census.gov/programs-surveys/popest/datasets/2010-2020/state/totals/nst-est2020.csv,2010-2020 estimates
2020,TX,48,29360759,https://www2.census.gov/programs-surveys/popest/datasets/2010-2020/state/totals/nst-est2020.csv,2010-2020 estimates
2020,UT,49,3249879,https://www2.census.gov/programs-surveys/popest/datasets/2010-2020/state/totals/nst-est2020.csv,2010-2020 estimates
2020,VT,50,623347,https://www2.census.gov/programs-surveys/popest/datasets/2010-2020/state/totals/nst-est2020.csv,2010-2020 estimates
2020,VA,51,8590563,https://www2.census.gov/programs-surveys/popest/datasets/2010-2020/state/totals/nst-est2020.csv,2010-2020 estimates
2020,WA,53,7693612,https://www2.census.gov/programs-surveys/popest/datasets/2010-2020/state/totals/nst-est2020.csv,2010-2020 estimates
2020,WV,54,1784787,https://www2.census.gov/programs-surveys/popest/datasets/2010-2020/state/totals/nst-est2020.csv,2010-2020 estimates
2020,WI,55,5832655,https://www2.census.gov/programs-surveys/popest/datasets/2010-2020/state/totals/nst-est2020.csv,2010-2020 estimates
2020,WY,56,582328,https://www2.census.gov/programs-surveys/popest/datasets/2010-2020/state/totals/nst-est2020.csv,2010-2020 estimates
2021,AL,01,5049196,https://www2.census.gov/programs-surveys/popest/datasets/2020-2024/state/totals/NST-EST2024-ALLDATA.csv,2020-2024 estimates
2021,AK,02,734420,https://www2.census.gov/programs-surveys/popest/datasets/2020-2024/state/totals/NST-EST2024-ALLDATA.csv,2020-2024 estimates
2021,AZ,04,7274078,https://www2.census.gov/programs-surveys/popest/datasets/2020-2024/state/totals/NST-EST2024-ALLDATA.csv,2020-2024 estimates
2021,AR,05,3026870,https://www2.census.gov/programs-surveys/popest/datasets/2020-2024/state/totals/NST-EST2024-ALLDATA.csv,2020-2024 estimates
2021,CA,06,39142565,https://www2.census.gov/programs-surveys/popest/datasets/2020-2024/state/totals/NST-EST2024-ALLDATA.csv,2020-2024 estimates
2021,CO,08,5814036,https://www2.census.gov/programs-surveys/popest/datasets/2020-2024/state/totals/NST-EST2024-ALLDATA.csv,2020-2024 estimates
2021,CT,09,3606607,https://www2.census.gov/programs-surveys/popest/datasets/2020-2024/state/totals/NST-EST2024-ALLDATA.csv,2020-2024 estimates
2021,DE,10,1005062,https://www2.census.gov/programs-surveys/popest/datasets/2020-2024/state/totals/NST-EST2024-ALLDATA.csv,2020-2024 estimates
2021,DC,11,669256,https://www2.census.gov/programs-surveys/popest/datasets/2020-2024/state/totals/NST-EST2024-ALLDATA.csv,2020-2024 estimates
2021,FL,12,21831949,https://www2.census.gov/programs-surveys/popest/datasets/2020-2024/state/totals/NST-EST2024-ALLDATA.csv,2020-2024 estimates
2021,GA,13,10792060,https://www2.census.gov/programs-surveys/popest/datasets/2020-2024/state/totals/NST-EST2024-ALLDATA.csv,2020-2024 estimates
2021,HI,15,1447029,https://www2.census.gov/programs-surveys/popest/datasets/2020-2024/state/totals/NST-EST2024-ALLDATA.csv,2020-2024 estimates
2021,ID,16,1904848,https://www2.census.gov/programs-surveys/popest/datasets/2020-2024/state/totals/NST-EST2024-ALLDATA.csv,2020-2024 estimates
2021,IL,17,12700641,https://www2.census.gov/programs-surveys/popest/datasets/2020-2024/state/totals/NST-EST2024-ALLDATA.csv,2020-2024 estimates
2021,IN,18,6815907,https://www2.census.gov/programs-surveys/popest/datasets/2020-2024/state/totals/NST-EST2024-ALLDATA.csv,2020-2024 estimates
2021,IA,19,3198613,https://www2.census.gov/programs-surveys/popest/datasets/2020-2024/state/totals/NST-EST2024-ALLDATA.csv,2020-2024 estimates
2021,KS,20,2938338,https://www2.census.gov/programs-surveys/popest/datasets/2020-2024/state/totals/NST-EST2024-ALLDATA.csv,2020-2024 estimates
2021,KY,21,4507583,https://www2.census.gov/programs-surveys/popest/datasets/2020-2024/state/totals/NST-EST2024-ALLDATA.csv,2020-2024 estimates
2021,LA,22,4627971,https://www2.census.gov/programs-surveys/popest/datasets/2020-2024/state/totals/NST-EST2024-ALLDATA.csv,2020-2024 estimates
2021,ME,23,1378931,https://www2.census.gov/programs-surveys/popest/datasets/2020-2024/state/totals/NST-EST2024-ALLDATA.csv,2020-2024 estimates
2021,MD,24,6179403,https://www2.census.gov/programs-surveys/popest/datasets/2020-2024/state/totals/NST-EST2024-ALLDATA.csv,2020-2024 estimates
2021,MA,25,7000474,https://www2.census.gov/programs-surveys/popest/datasets/2020-2024/state/totals/NST-EST2024-ALLDATA.csv,2020-2024 estimates
2021,MI,26,10041351,https://www2.census.gov/programs-surveys/popest/datasets/2020-2024/state/totals/NST-EST2024-ALLDATA.csv,2020-2024 estimates
2021,MN,27,5718660,https://www2.census.gov/programs-surveys/popest/datasets/2020-2024/state/totals/NST-EST2024-ALLDATA.csv,2020-2024 estimates
2021,MS,28,2947209,https://www2.census.gov/programs-surveys/popest/datasets/2020-2024/state/totals/NST-EST2024-ALLDATA.csv,2020-2024 estimates
2021,MO,29,6171374,https://www2.census.gov/programs-surveys/popest/datasets/2020-2024/state/totals/NST-EST2024-ALLDATA.csv,2020-2024 estimates
2021,MT,30,1106522,https://www2.census.gov/programs-surveys/popest/datasets/2020-2024/state/totals/NST-EST2024-ALLDATA.csv,2020-2024 estimates
2021,NE,31,1964537,https://www2.census.gov/programs-surveys/popest/datasets/2020-2024/state/totals/NST-EST2024-ALLDATA.csv,2020-2024 estimates
2021,NV,32,3148141,https://www2.census.gov/programs-surveys/popest/datasets/2020-2024/state/totals/NST-EST2024-ALLDATA.csv,2020-2024 estimates
2021,NH,33,1387677,https://www2.census.gov/programs-surveys/popest/datasets/2020-2024/state/totals/NST-EST2024-ALLDATA.csv,2020-2024 estimates
2021,NJ,34,9270541,https://www2.census.gov/programs-surveys/popest/datasets/2020-2024/state/totals/NST-EST2024-ALLDATA.csv,2020-2024 estimates
2021,NM,35,2117333,https://www2.census.gov/programs-surveys/popest/datasets/2020-2024/state/totals/NST-EST2024-ALLDATA.csv,2020-2024 estimates
2021,NY,36,19848276,https://www2.census.gov/programs-surveys/popest/datasets/2020-2024/state/totals/NST-EST2024-ALLDATA.csv,2020-2024 estimates
2021,NC,37,10564320,https://www2.census.gov/programs-surveys/popest/datasets/2020-2024/state/totals/NST-EST2024-ALLDATA.csv,2020-2024 estimates
2021,ND,38,777966,https://www2.census.gov/programs-surveys/popest/datasets/2020-2024/state/totals/NST-EST2024-ALLDATA.csv,2020-2024 estimates
2021,OH,39,11767344,https://www2.census.gov/programs-surveys/popest/datasets/2020-2024/state/totals/NST-EST2024-ALLDATA.csv,2020-2024 estimates
2021,OK,40,3992238,https://www2.census.gov/programs-surveys/popest/datasets/2020-2024/state/totals/NST-EST2024-ALLDATA.csv,2020-2024 estimates
2021,OR,41,4254280,https://www2.census.gov/programs-surveys/popest/datasets/2020-2024/state/totals/NST-EST2024-ALLDATA.csv,2020-2024 estimates
2021,PA,42,13015571,https://www2.census.gov/programs-surveys/popest/datasets/2020-2024/state/totals/NST-EST2024-ALLDATA.csv,2020-2024 estimates
2021,RI,44,1097246,https://www2.census.gov/programs-surveys/popest/datasets/2020-2024/state/totals/NST-EST2024-ALLDATA.csv,2020-2024 estimates
2021,SC,45,5194274,https://www2.census.gov/programs-surveys/popest/datasets/2020-2024/state/totals/NST-EST2024-ALLDATA.csv,2020-2024 estimates
2021,SD,46,896492,https://www2.census.gov/programs-surveys/popest/datasets/2020-2024/state/totals/NST-EST2024-ALLDATA.csv,2020-2024 estimates
2021,TN,47,6965740,https://www2.census.gov/programs-surveys/popest/datasets/2020-2024/state/totals/NST-EST2024-ALLDATA.csv,2020-2024 estimates
2021,TX,48,29570351,https://www2.census.gov/programs-surveys/popest/datasets/2020-2024/state/totals/NST-EST2024-ALLDATA.csv,2020-2024 estimates
2021,UT,49,3339738,https://www2.census.gov/programs-surveys/popest/datasets/2020-2024/state/totals/NST-EST2024-ALLDATA.csv,2020-2024 estimates
2021,VT,50,647210,https://www2.census.gov/programs-surveys/popest/datasets/2020-2024/state/totals/NST-EST2024-ALLDATA.csv,2020-2024 estimates
2021,VA,51,8658910,https://www2.census.gov/programs-surveys/popest/datasets/2020-2024/state/totals/NST-EST2024-ALLDATA.csv,2020-2024 estimates
2021,WA,53,7743760,https://www2.census.gov/programs-surveys/popest/datasets/2020-2024/state/totals/NST-EST2024-ALLDATA.csv,2020-2024 estimates
2021,WV,54,1785618,https://www2.census.gov/programs-surveys/popest/datasets/2020-2024/state/totals/NST-EST2024-ALLDATA.csv,2020-2024 estimates
2021,WI,55,5881608,https://www2.census.gov/programs-surveys/popest/datasets/2020-2024/state/totals/NST-EST2024-ALLDATA.csv,2020-2024 estimates
2021,WY,56,579636,https://www2.census.gov/programs-surveys/popest/datasets/2020-2024/state/totals/NST-EST2024-ALLDATA.csv,2020-2024 estimates
2022,AL,01,5076181,https://www2.census.gov/programs-surveys/popest/datasets/2020-2024/state/totals/NST-EST2024-ALLDATA.csv,2020-2024 estimates
2022,AK,02,734442,https://www2.census.gov/programs-surveys/popest/datasets/2020-2024/state/totals/NST-EST2024-ALLDATA.csv,2020-2024 estimates
2022,AZ,04,7377566,https://www2.census.gov/programs-surveys/popest/datasets/2020-2024/state/totals/NST-EST2024-ALLDATA.csv,2020-2024 estimates
2022,AR,05,3047704,https://www2.census.gov/programs-surveys/popest/datasets/2020-2024/state/totals/NST-EST2024-ALLDATA.csv,2020-2024 estimates
2022,CA,06,39142414,https://www2.census.gov/programs-surveys/popest/datasets/2020-2024/state/totals/NST-EST2024-ALLDATA.csv,2020-2024 estimates
2022,CO,08,5850935,https://www2.census.gov/programs-surveys/popest/datasets/2020-2024/state/totals/NST-EST2024-ALLDATA.csv,2020-2024 estimates
2022,CT,09,3617925,https://www2.census.gov/programs-surveys/popest/datasets/2020-2024/state/totals/NST-EST2024-ALLDATA.csv,2020-2024 estimates
2022,DE,10,1020625,https://www2.census.gov/programs-surveys/popest/datasets/2020-2024/state/totals/NST-EST2024-ALLDATA.csv,2020-2024 estimates
2022,DC,11,676725,https://www2.census.gov/programs-surveys/popest/datasets/2020-2024/state/totals/NST-EST2024-ALLDATA.csv,2020-2024 estimates
2022,FL,12,22379312,https://www2.census.gov/programs-surveys/popest/datasets/2020-2024/state/totals/NST-EST2024-ALLDATA.csv,2020-2024 estimates
2022,GA,13,10931805,https://www2.census.gov/programs-surveys/popest/datasets/2020-2024/state/totals/NST-EST2024-ALLDATA.csv,2020-2024 estimates
2022,HI,15,1440359,https://www2.census.gov/programs-surveys/popest/datasets/2020-2024/state/totals/NST-EST2024-ALLDATA.csv,2020-2024 estimates
2022,ID,16,1944299,https://www2.census.gov/programs-surveys/popest/datasets/2020-2024/state/totals/NST-EST2024-ALLDATA.csv,2020-2024 estimates
2022,IL,17,12621821,https://www2.census.gov/programs-surveys/popest/datasets/2020-2024/state/totals/NST-EST2024-ALLDATA.csv,2020-2024 estimates
2022,IN,18,6844545,https://www2.census.gov/programs-surveys/popest/datasets/2020-2024/state/totals/NST-EST2024-ALLDATA.csv,2020-2024 estimates
2022,IA,19,3202820,https://www2.census.gov/programs-surveys/popest/datasets/2020-2024/state/totals/NST-EST2024-ALLDATA.csv,2020-2024 estimates
2022,KS,20,2937324,https://www2.census.gov/programs-surveys/popest/datasets/2020-2024/state/totals/NST-EST2024-ALLDATA.csv,2020-2024 estimates
2022,KY,21,4519233,https://www2.census.gov/programs-surveys/popest/datasets/2020-2024/state/totals/NST-EST2024-ALLDATA.csv,2020-2024 estimates
2022,LA,22,4593687,https://www2.census.gov/programs-surveys/popest/datasets/2020-2024/state/totals/NST-EST2024-ALLDATA.csv,2020-2024 estimates
2022,ME,23,1390922,https://www2.census.gov/programs-surveys/popest/datasets/2020-2024/state/totals/NST-EST2024-ALLDATA.csv,2020-2024 estimates
2022,MD,24,6192440,https://www2.census.gov/programs-surveys/popest/datasets/2020-2024/state/totals/NST-EST2024-ALLDATA.csv,2020-2024 estimates
2022,MA,25,7022468,https://www2.census.gov/programs-surveys/popest/datasets/2020-2024/state/totals/NST-EST2024-ALLDATA.csv,2020-2024 estimates
2022,MI,26,10050877,https://www2.census.gov/programs-surveys/popest/datasets/2020-2024/state/totals/NST-EST2024-ALLDATA.csv,2020-2024 estimates
2022,MN,27,5721621,https://www2.census.gov/programs-surveys/popest/datasets/2020-2024/state/totals/NST-EST2024-ALLDATA.csv,2020-2024 estimates
2022,MS,28,2941939,https://www2.census.gov/programs-surveys/popest/datasets/2020-2024/state/totals/NST-EST2024-ALLDATA.csv,2020-2024 estimates
2022,MO,29,6179414,https://www2.census.gov/programs-surveys/popest/datasets/2020-2024/state/totals/NST-EST2024-ALLDATA.csv,2020-2024 estimates
2022,MT,30,1122095,https://www2.census.gov/programs-surveys/popest/datasets/2020-2024/state/totals/NST-EST2024-ALLDATA.csv,2020-2024 estimates
2022,NE,31,1972246,https://www2.census.gov/programs-surveys/popest/datasets/2020-2024/state/totals/NST-EST2024-ALLDATA.csv,2020-2024 estimates
2022,NV,32,3176116,https://www2.census.gov/programs-surveys/popest/datasets/2020-2024/state/totals/NST-EST2024-ALLDATA.csv,2020-2024 estimates
2022,NH,33,1396678,https://www2.census.gov/programs-surveys/popest/datasets/2020-2024/state/totals/NST-EST2024-ALLDATA.csv,2020-2024 estimates
2022,NJ,34,9295227,https://www2.census.gov/programs-surveys/popest/datasets/2020-2024/state/totals/NST-EST2024-ALLDATA.csv,2020-2024 estimates
2022,NM,35,2113868,https://www2.census.gov/programs-surveys/popest/datasets/2020-2024/state/totals/NST-EST2024-ALLDATA.csv,2020-2024 estimates
2022,NY,36,19703747,https://www2.census.gov/programs-surveys/popest/datasets/2020-2024/state/totals/NST-EST2024-ALLDATA.csv,2020-2024 estimates
2022,NC,37,10710793,https://www2.census.gov/programs-surveys/popest/datasets/2020-2024/state/totals/NST-EST2024-ALLDATA.csv,2020-2024 estimates
2022,ND,38,781057,https://www2.census.gov/programs-surveys/popest/datasets/2020-2024/state/totals/NST-EST2024-ALLDATA.csv,2020-2024 estimates
2022,OH,39,11777874,https://www2.census.gov/programs-surveys/popest/datasets/2020-2024/state/totals/NST-EST2024-ALLDATA.csv,2020-2024 estimates
2022,OK,40,4026229,https://www2.census.gov/programs-surveys/popest/datasets/2020-2024/state/totals/NST-EST2024-ALLDATA.csv,2020-2024 estimates
2022,OR,41,4247372,https://www2.census.gov/programs-surveys/popest/datasets/2020-2024/state/totals/NST-EST2024-ALLDATA.csv,2020-2024 estimates
2022,PA,42,12984990,https://www2.census.gov/programs-surveys/popest/datasets/2020-2024/state/totals/NST-EST2024-ALLDATA.csv,2020-2024 estimates
2022,RI,44,1099498,https://www2.census.gov/programs-surveys/popest/datasets/2020-2024/state/totals/NST-EST2024-ALLDATA.csv,2020-2024 estimates
2022,SC,45,5287935,https://www2.census.gov/programs-surveys/popest/datasets/2020-2024/state/totals/NST-EST2024-ALLDATA.csv,2020-2024 estimates
2022,SD,46,909723,https://www2.census.gov/programs-surveys/popest/datasets/2020-2024/state/totals/NST-EST2024-ALLDATA.csv,2020-2024 estimates
2022,TN,47,7062217,https://www2.census.gov/programs-surveys/popest/datasets/2020-2024/state/totals/NST-EST2024-ALLDATA.csv,2020-2024 estimates
2022,TX,48,30113488,https://www2.census.gov/programs-surveys/popest/datasets/2020-2024/state/totals/NST-EST2024-ALLDATA.csv,2020-2024 estimates
2022,UT,49,3391011,https://www2.census.gov/programs-surveys/popest/datasets/2020-2024/state/totals/NST-EST2024-ALLDATA.csv,2020-2024 estimates
2022,VT,50,648142,https://www2.census.gov/programs-surveys/popest/datasets/2020-2024/state/totals/NST-EST2024-ALLDATA.csv,2020-2024 estimates
2022,VA,51,8683414,https://www2.census.gov/programs-surveys/popest/datasets/2020-2024/state/totals/NST-EST2024-ALLDATA.csv,2020-2024 estimates
2022,WA,53,7794123,https://www2.census.gov/programs-surveys/popest/datasets/2020-2024/state/totals/NST-EST2024-ALLDATA.csv,2020-2024 estimates
2022,WV,54,1774122,https://www2.census.gov/programs-surveys/popest/datasets/2020-2024/state/totals/NST-EST2024-ALLDATA.csv,2020-2024 estimates
2022,WI,55,5903975,https://www2.census.gov/programs-surveys/popest/datasets/2020-2024/state/totals/NST-EST2024-ALLDATA.csv,2020-2024 estimates
2022,WY,56,581978,https://www2.census.gov/programs-surveys/popest/datasets/2020-2024/state/totals/NST-EST2024-ALLDATA.csv,2020-2024 estimates
2023,AL,01,5117673,https://www2.census.gov/programs-surveys/popest/datasets/2020-2024/state/totals/NST-EST2024-ALLDATA.csv,2020-2024 estimates
2023,AK,02,736510,https://www2.census.gov/programs-surveys/popest/datasets/2020-2024/state/totals/NST-EST2024-ALLDATA.csv,2020-2024 estimates
2023,AZ,04,7473027,https://www2.census.gov/programs-surveys/popest/datasets/2020-2024/state/totals/NST-EST2024-ALLDATA.csv,2020-2024 estimates
2023,AR,05,3069463,https://www2.census.gov/programs-surveys/popest/datasets/2020-2024/state/totals/NST-EST2024-ALLDATA.csv,2020-2024 estimates
2023,CA,06,39198693,https://www2.census.gov/programs-surveys/popest/datasets/2020-2024/state/totals/NST-EST2024-ALLDATA.csv,2020-2024 estimates
2023,CO,08,5901339,https://www2.census.gov/programs-surveys/popest/datasets/2020-2024/state/totals/NST-EST2024-ALLDATA.csv,2020-2024 estimates
2023,CT,09,3643023,https://www2.census.gov/programs-surveys/popest/datasets/2020-2024/state/totals/NST-EST2024-ALLDATA.csv,2020-2024 estimates
2023,DE,10,1036423,https://www2.census.gov/programs-surveys/popest/datasets/2020-2024/state/totals/NST-EST2024-ALLDATA.csv,2020-2024 estimates
2023,DC,11,687324,https://www2.census.gov/programs-surveys/popest/datasets/2020-2024/state/totals/NST-EST2024-ALLDATA.csv,2020-2024 estimates
2023,FL,12,22904868,https://www2.census.gov/programs-surveys/popest/datasets/2020-2024/state/totals/NST-EST2024-ALLDATA.csv,2020-2024 estimates
2023,GA,13,11064432,https://www2.census.gov/programs-surveys/popest/datasets/2020-2024/state/totals/NST-EST2024-ALLDATA.csv,2020-2024 estimates
2023,HI,15,1441387,https://www2.census.gov/programs-surveys/popest/datasets/2020-2024/state/totals/NST-EST2024-ALLDATA.csv,2020-2024 estimates
2023,ID,16,1971122,https://www2.census.gov/programs-surveys/popest/datasets/2020-2024/state/totals/NST-EST2024-ALLDATA.csv,2020-2024 estimates
2023,IL,17,12642259,https://www2.census.gov/programs-surveys/popest/datasets/2020-2024/state/totals/NST-EST2024-ALLDATA.csv,2020-2024 estimates
2023,IN,18,6880131,https://www2.census.gov/programs-surveys/popest/datasets/2020-2024/state/totals/NST-EST2024-ALLDATA.csv,2020-2024 estimates
2023,IA,19,3218414,https://www2.census.gov/programs-surveys/popest/datasets/2020-2024/state/totals/NST-EST2024-ALLDATA.csv,2020-2024 estimates
2023,KS,20,2951500,https://www2.census.gov/programs-surveys/popest/datasets/2020-2024/state/totals/NST-EST2024-ALLDATA.csv,2020-2024 estimates
2023,KY,21,4550595,https://www2.census.gov/programs-surveys/popest/datasets/2020-2024/state/totals/NST-EST2024-ALLDATA.csv,2020-2024 estimates
2023,LA,22,4588071,https://www2.census.gov/programs-surveys/popest/datasets/2020-2024/state/totals/NST-EST2024-ALLDATA.csv,2020-2024 estimates
2023,ME,23,1399646,https://www2.census.gov/programs-surveys/popest/datasets/2020-2024/state/totals/NST-EST2024-ALLDATA.csv,2020-2024 estimates
2023,MD,24,6217062,https://www2.census.gov/programs-surveys/popest/datasets/2020-2024/state/totals/NST-EST2024-ALLDATA.csv,2020-2024 estimates
2023,MA,25,7066568,https://www2.census.gov/programs-surveys/popest/datasets/2020-2024/state/totals/NST-EST2024-ALLDATA.csv,2020-2024 estimates
2023,MI,26,10083356,https://www2.census.gov/programs-surveys/popest/datasets/2020-2024/state/totals/NST-EST2024-ALLDATA.csv,2020-2024 estimates
2023,MN,27,5753048,https://www2.census.gov/programs-surveys/popest/datasets/2020-2024/state/totals/NST-EST2024-ALLDATA.csv,2020-2024 estimates
2023,MS,28,2943172,https://www2.census.gov/programs-surveys/popest/datasets/2020-2024/state/totals/NST-EST2024-ALLDATA.csv,2020-2024 estimates
2023,MO,29,6208038,https://www2.census.gov/programs-surveys/popest/datasets/2020-2024/state/totals/NST-EST2024-ALLDATA.csv,2020-2024 estimates
2023,MT,30,1131302,https://www2.census.gov/programs-surveys/popest/datasets/2020-2024/state/totals/NST-EST2024-ALLDATA.csv,2020-2024 estimates
2023,NE,31,1987864,https://www2.census.gov/programs-surveys/popest/datasets/2020-2024/state/totals/NST-EST2024-ALLDATA.csv,2020-2024 estimates
2023,NV,32,3214363,https://www2.census.gov/programs-surveys/popest/datasets/2020-2024/state/totals/NST-EST2024-ALLDATA.csv,2020-2024 estimates
2023,NH,33,1402199,https://www2.census.gov/programs-surveys/popest/datasets/2020-2024/state/totals/NST-EST2024-ALLDATA.csv,2020-2024 estimates
2023,NJ,34,9379642,https://www2.census.gov/programs-surveys/popest/datasets/2020-2024/state/totals/NST-EST2024-ALLDATA.csv,2020-2024 estimates
2023,NM,35,2121164,https://www2.census.gov/programs-surveys/popest/datasets/2020-2024/state/totals/NST-EST2024-ALLDATA.csv,2020-2024 estimates
2023,NY,36,19737367,https://www2.census.gov/programs-surveys/popest/datasets/2020-2024/state/totals/NST-EST2024-ALLDATA.csv,2020-2024 estimates
2023,NC,37,10881189,https://www2.census.gov/programs-surveys/popest/datasets/2020-2024/state/totals/NST-EST2024-ALLDATA.csv,2020-2024 estimates
2023,ND,38,789047,https://www2.census.gov/programs-surveys/popest/datasets/2020-2024/state/totals/NST-EST2024-ALLDATA.csv,2020-2024 estimates
2023,OH,39,11824034,https://www2.census.gov/programs-surveys/popest/datasets/2020-2024/state/totals/NST-EST2024-ALLDATA.csv,2020-2024 estimates
2023,OK,40,4063882,https://www2.census.gov/programs-surveys/popest/datasets/2020-2024/state/totals/NST-EST2024-ALLDATA.csv,2020-2024 estimates
2023,OR,41,4253653,https://www2.census.gov/programs-surveys/popest/datasets/2020-2024/state/totals/NST-EST2024-ALLDATA.csv,2020-2024 estimates
2023,PA,42,13017721,https://www2.census.gov/programs-surveys/popest/datasets/2020-2024/state/totals/NST-EST2024-ALLDATA.csv,2020-2024 estimates
2023,RI,44,1103429,https://www2.census.gov/programs-surveys/popest/datasets/2020-2024/state/totals/NST-EST2024-ALLDATA.csv,2020-2024 estimates
2023,SC,45,5387830,https://www2.census.gov/programs-surveys/popest/datasets/2020-2024/state/totals/NST-EST2024-ALLDATA.csv,2020-2024 estimates
2023,SD,46,918305,https://www2.census.gov/programs-surveys/popest/datasets/2020-2024/state/totals/NST-EST2024-ALLDATA.csv,2020-2024 estimates
2023,TN,47,7148304,https://www2.census.gov/programs-surveys/popest/datasets/2020-2024/state/totals/NST-EST2024-ALLDATA.csv,2020-2024 estimates
2023,TX,48,30727890,https://www2.census.gov/programs-surveys/popest/datasets/2020-2024/state/totals/NST-EST2024-ALLDATA.csv,2020-2024 estimates
2023,UT,49,3443222,https://www2.census.gov/programs-surveys/popest/datasets/2020-2024/state/totals/NST-EST2024-ALLDATA.csv,2020-2024 estimates
2023,VT,50,648708,https://www2.census.gov/programs-surveys/popest/datasets/2020-2024/state/totals/NST-EST2024-ALLDATA.csv,2020-2024 estimates
2023,VA,51,8734685,https://www2.census.gov/programs-surveys/popest/datasets/2020-2024/state/totals/NST-EST2024-ALLDATA.csv,2020-2024 estimates
2023,WA,53,7857320,https://www2.census.gov/programs-surveys/popest/datasets/2020-2024/state/totals/NST-EST2024-ALLDATA.csv,2020-2024 estimates
2023,WV,54,1770495,https://www2.census.gov/programs-surveys/popest/datasets/2020-2024/state/totals/NST-EST2024-ALLDATA.csv,2020-2024 estimates
2023,WI,55,5930405,https://www2.census.gov/programs-surveys/popest/datasets/2020-2024/state/totals/NST-EST2024-ALLDATA.csv,2020-2024 estimates
2023,WY,56,585067,https://www2.census.gov/programs-surveys/popest/datasets/2020-2024/state/totals/NST-EST2024-ALLDATA.csv,2020-2024 estimates
2024,AL,01,5157699,https://www2.census.gov/programs-surveys/popest/datasets/2020-2024/state/totals/NST-EST2024-ALLDATA.csv,2020-2024 estimates
2024,AK,02,740133,https://www2.census.gov/programs-surveys/popest/datasets/2020-2024/state/totals/NST-EST2024-ALLDATA.csv,2020-2024 estimates
2024,AZ,04,7582384,https://www2.census.gov/programs-surveys/popest/datasets/2020-2024/state/totals/NST-EST2024-ALLDATA.csv,2020-2024 estimates
2024,AR,05,3088354,https://www2.census.gov/programs-surveys/popest/datasets/2020-2024/state/totals/NST-EST2024-ALLDATA.csv,2020-2024 estimates
2024,CA,06,39431263,https://www2.census.gov/programs-surveys/popest/datasets/2020-2024/state/totals/NST-EST2024-ALLDATA.csv,2020-2024 estimates
2024,CO,08,5957493,https://www2.census.gov/programs-surveys/popest/datasets/2020-2024/state/totals/NST-EST2024-ALLDATA.csv,2020-2024 estimates
2024,CT,09,3675069,https://www2.census.gov/programs-surveys/popest/datasets/2020-2024/state/totals/NST-EST2024-ALLDATA.csv,2020-2024 estimates
2024,DE,10,1051917,https://www2.census.gov/programs-surveys/popest/datasets/2020-2024/state/totals/NST-EST2024-ALLDATA.csv,2020-2024 estimates
2024,DC,11,702250,https://www2.census.gov/programs-surveys/popest/datasets/2020-2024/state/totals/NST-EST2024-ALLDATA.csv,2020-2024 estimates
2024,FL,12,23372215,https://www2.census.gov/programs-surveys/popest/datasets/2020-2024/state/totals/NST-EST2024-ALLDATA.csv,2020-2024 estimates
2024,GA,13,11180878,https://www2.census.gov/programs-surveys/popest/datasets/2020-2024/state/totals/NST-EST2024-ALLDATA.csv,2020-2024 estimates
2024,HI,15,1446146,https://www2.census.gov/programs-surveys/popest/datasets/2020-2024/state/totals/NST-EST2024-ALLDATA.csv,2020-2024 estimates
2024,ID,16,2001619,https://www2.census.gov/programs-surveys/popest/datasets/2020-2024/state/totals/NST-EST2024-ALLDATA.csv,2020-2024 estimates
2024,IL,17,12710158,https://www2.census.gov/programs-surveys/popest/datasets/2020-2024/state/totals/NST-EST2024-ALLDATA.csv,2020-2024 estimates
2024,IN,18,6924275,https://www2.census.gov/programs-surveys/popest/datasets/2020-2024/state/totals/NST-EST2024-ALLDATA.csv,2020-2024 estimates
2024,IA,19,3241488,https://www2.census.gov/programs-surveys/popest/datasets/2020-2024/state/totals/NST-EST2024-ALLDATA.csv,2020-2024 estimates
2024,KS,20,2970606,https://www2.census.gov/programs-surveys/popest/datasets/2020-2024/state/totals/NST-EST2024-ALLDATA.csv,2020-2024 estimates
2024,KY,21,4588372,https://www2.census.gov/programs-surveys/popest/datasets/2020-2024/state/totals/NST-EST2024-ALLDATA.csv,2020-2024 estimates
2024,LA,22,4597740,https://www2.census.gov/programs-surveys/popest/datasets/2020-2024/state/totals/NST-EST2024-ALLDATA.csv,2020-2024 estimates
2024,ME,23,1405012,https://www2.census.gov/programs-surveys/popest/datasets/2020-2024/state/totals/NST-EST2024-ALLDATA.csv,2020-2024 estimates
2024,MD,24,6263220,https://www2.census.gov/programs-surveys/popest/datasets/2020-2024/state/totals/NST-EST2024-ALLDATA.csv,2020-2024 estimates
2024,MA,25,7136171,https://www2.census.gov/programs-surveys/popest/datasets/2020-2024/state/totals/NST-EST2024-ALLDATA.csv,2020-2024 estimates
2024,MI,26,10140459,https://www2.census.gov/programs-surveys/popest/datasets/2020-2024/state/totals/NST-EST2024-ALLDATA.csv,2020-2024 estimates
2024,MN,27,5793151,https://www2.census.gov/programs-surveys/popest/datasets/2020-2024/state/totals/NST-EST2024-ALLDATA.csv,2020-2024 estimates
2024,MS,28,2943045,https://www2.census.gov/programs-surveys/popest/datasets/2020-2024/state/totals/NST-EST2024-ALLDATA.csv,2020-2024 estimates
2024,MO,29,6245466,https://www2.census.gov/programs-surveys/popest/datasets/2020-2024/state/totals/NST-EST2024-ALLDATA.csv,2020-2024 estimates
2024,MT,30,1137233,https://www2.census.gov/programs-surveys/popest/datasets/2020-2024/state/totals/NST-EST2024-ALLDATA.csv,2020-2024 estimates
2024,NE,31,2005465,https://www2.census.gov/programs-surveys/popest/datasets/2020-2024/state/totals/NST-EST2024-ALLDATA.csv,2020-2024 estimates
2024,NV,32,3267467,https://www2.census.gov/programs-surveys/popest/datasets/2020-2024/state/totals/NST-EST2024-ALLDATA.csv,2020-2024 estimates
2024,NH,33,1409032,https://www2.census.gov/programs-surveys/popest/datasets/2020-2024/state/totals/NST-EST2024-ALLDATA.csv,2020-2024 estimates
2024,NJ,34,9500851,https://www2.census.gov/programs-surveys/popest/datasets/2020-2024/state/totals/NST-EST2024-ALLDATA.csv,2020-2024 estimates
2024,NM,35,2130256,https://www2.census.gov/programs-surveys/popest/datasets/2020-2024/state/totals/NST-EST2024-ALLDATA.csv,2020-2024 estimates
2024,NY,36,19867248,https://www2.census.gov/programs-surveys/popest/datasets/2020-2024/state/totals/NST-EST2024-ALLDATA.csv,2020-2024 estimates
2024,NC,37,11046024,https://www2.census.gov/programs-surveys/popest/datasets/2020-2024/state/totals/NST-EST2024-ALLDATA.csv,2020-2024 estimates
2024,ND,38,796568,https://www2.census.gov/programs-surveys/popest/datasets/2020-2024/state/totals/NST-EST2024-ALLDATA.csv,2020-2024 estimates
2024,OH,39,11883304,https://www2.census.gov/programs-surveys/popest/datasets/2020-2024/state/totals/NST-EST2024-ALLDATA.csv,2020-2024 estimates
2024,OK,40,4095393,https://www2.census.gov/programs-surveys/popest/datasets/2020-2024/state/totals/NST-EST2024-ALLDATA.csv,2020-2024 estimates
2024,OR,41,4272371,https://www2.census.gov/programs-surveys/popest/datasets/2020-2024/state/totals/NST-EST2024-ALLDATA.csv,2020-2024 estimates
2024,PA,42,13078751,https://www2.census.gov/programs-surveys/popest/datasets/2020-2024/state/totals/NST-EST2024-ALLDATA.csv,2020-2024 estimates
2024,RI,44,1112308,https://www2.census.gov/programs-surveys/popest/datasets/2020-2024/state/totals/NST-EST2024-ALLDATA.csv,2020-2024 estimates
2024,SC,45,5478831,https://www2.census.gov/programs-surveys/popest/datasets/2020-2024/state/totals/NST-EST2024-ALLDATA.csv,2020-2024 estimates
2024,SD,46,924669,https://www2.census.gov/programs-surveys/popest/datasets/2020-2024/state/totals/NST-EST2024-ALLDATA.csv,2020-2024 estimates
2024,TN,47,7227750,https://www2.census.gov/programs-surveys/popest/datasets/2020-2024/state/totals/NST-EST2024-ALLDATA.csv,2020-2024 estimates
2024,TX,48,31290831,https://www2.census.gov/programs-surveys/popest/datasets/2020-2024/state/totals/NST-EST2024-ALLDATA.csv,2020-2024 estimates
2024,UT,49,3503613,https://www2.census.gov/programs-surveys/popest/datasets/2020-2024/state/totals/NST-EST2024-ALLDATA.csv,2020-2024 estimates
2024,VT,50,648493,https://www2.census.gov/programs-surveys/popest/datasets/2020-2024/state/totals/NST-EST2024-ALLDATA.csv,2020-2024 estimates
2024,VA,51,8811195,https://www2.census.gov/programs-surveys/popest/datasets/2020-2024/state/totals/NST-EST2024-ALLDATA.csv,2020-2024 estimates
2024,WA,53,7958180,https://www2.census.gov/programs-surveys/popest/datasets/2020-2024/state/totals/NST-EST2024-ALLDATA.csv,2020-2024 estimates
2024,WV,54,1769979,https://www2.census.gov/programs-surveys/popest/datasets/2020-2024/state/totals/NST-EST2024-ALLDATA.csv,2020-2024 estimates
2024,WI,55,5960975,https://www2.census.gov/programs-surveys/popest/datasets/2020-2024/state/totals/NST-EST2024-ALLDATA.csv,2020-2024 estimates
2024,WY,56,587618,https://www2.census.gov/programs-surveys/popest/datasets/2020-2024/state/totals/NST-EST2024-ALLDATA.csv,2020-2024 estimates
